Date,Day of Week,flow_type_LPW_to_HPM,total_od_flow_LPW_to_HPM,total_do_flow_LPW_to_HPM,total_flow_LPW_to_HPM,flow_share_LPW_to_HPM,flow_type_HPM_to_LPW,total_od_flow_HPM_to_LPW,total_do_flow_HPM_to_LPW,total_flow_HPM_to_LPW,flow_share_HPM_to_LPW
2019/1/1,Tuesday,LPW_to_HPM,4877.0,9296.0,14173.0,0.0489201849678513,HPM_to_LPW,9296.0,4877.0,14173.0,0.1457258860967848
2019/1/2,Wednesday,LPW_to_HPM,6942.0,17210.0,24152.0,0.0499805607153656,HPM_to_LPW,17210.0,6942.0,24152.0,0.207985884514055
2019/1/3,Thursday,LPW_to_HPM,7158.0,18637.0,25795.0,0.0491158731138969,HPM_to_LPW,18637.0,7158.0,25795.0,0.2089794911472174
2019/1/4,Friday,LPW_to_HPM,7459.0,20222.0,27681.0,0.0472800801206881,HPM_to_LPW,20222.0,7459.0,27681.0,0.2084505880776407
2019/1/5,Saturday,LPW_to_HPM,5520.0,12386.0,17906.0,0.0445963304975884,HPM_to_LPW,12386.0,5520.0,17906.0,0.168815592203898
2019/1/6,Sunday,LPW_to_HPM,5419.0,11171.0,16590.0,0.045155699250877,HPM_to_LPW,11171.0,5419.0,16590.0,0.1608726958525345
2019/1/7,Monday,LPW_to_HPM,6266.0,16740.0,23006.0,0.0522554227718891,HPM_to_LPW,16740.0,6266.0,23006.0,0.2051772319458744
2019/1/8,Tuesday,LPW_to_HPM,7212.0,18649.0,25861.0,0.0484534143129719,HPM_to_LPW,18649.0,7212.0,25861.0,0.2144672531769306
2019/1/9,Wednesday,LPW_to_HPM,7750.0,21012.0,28762.0,0.048445978046158,HPM_to_LPW,21012.0,7750.0,28762.0,0.2136190805392326
2019/1/10,Thursday,LPW_to_HPM,7783.0,21325.0,29108.0,0.0482406391590273,HPM_to_LPW,21325.0,7783.0,29108.0,0.2125676578184029
2019/1/11,Friday,LPW_to_HPM,7768.0,21057.0,28825.0,0.0465433977639037,HPM_to_LPW,21057.0,7768.0,28825.0,0.2076770585740633
2019/1/12,Saturday,LPW_to_HPM,6305.0,13835.0,20140.0,0.0449266068120279,HPM_to_LPW,13835.0,6305.0,20140.0,0.1643092124796617
2019/1/13,Sunday,LPW_to_HPM,5739.0,11275.0,17014.0,0.0474670195608122,HPM_to_LPW,11275.0,5739.0,17014.0,0.1560294483961141
2019/1/14,Monday,LPW_to_HPM,7340.0,19788.0,27128.0,0.0477314552891524,HPM_to_LPW,19788.0,7340.0,27128.0,0.2105039200876567
2019/1/15,Tuesday,LPW_to_HPM,7440.0,20197.0,27637.0,0.0475554334000217,HPM_to_LPW,20197.0,7440.0,27637.0,0.214619684185918
2019/1/16,Wednesday,LPW_to_HPM,7364.0,20679.0,28043.0,0.046835547697337,HPM_to_LPW,20679.0,7364.0,28043.0,0.21502323985401
2019/1/17,Thursday,LPW_to_HPM,7396.0,20049.0,27445.0,0.0464479501607717,HPM_to_LPW,20049.0,7396.0,27445.0,0.2107958070044474
2019/1/18,Friday,LPW_to_HPM,7482.0,20514.0,27996.0,0.0460416602566074,HPM_to_LPW,20514.0,7482.0,27996.0,0.2083210626263036
2019/1/19,Saturday,LPW_to_HPM,5723.0,12673.0,18396.0,0.0431966909960977,HPM_to_LPW,12673.0,5723.0,18396.0,0.1630429188966653
2019/1/20,Sunday,LPW_to_HPM,4778.0,9816.0,14594.0,0.0454126391225418,HPM_to_LPW,9816.0,4778.0,14594.0,0.157767848532579
2019/1/21,Monday,LPW_to_HPM,4790.0,11389.0,16179.0,0.0475434243176178,HPM_to_LPW,11389.0,4790.0,16179.0,0.1825306514945107
2019/1/22,Tuesday,LPW_to_HPM,6986.0,18798.0,25784.0,0.0471606405098155,HPM_to_LPW,18798.0,6986.0,25784.0,0.2116558200283739
2019/1/23,Wednesday,LPW_to_HPM,7389.0,19964.0,27353.0,0.0473939425038164,HPM_to_LPW,19964.0,7389.0,27353.0,0.2161027039899547
2019/1/24,Thursday,LPW_to_HPM,7309.0,19772.0,27081.0,0.0480678171200084,HPM_to_LPW,19772.0,7309.0,27081.0,0.2205588711026828
2019/1/25,Friday,LPW_to_HPM,7801.0,21479.0,29280.0,0.0463388120964436,HPM_to_LPW,21479.0,7801.0,29280.0,0.2123165126278851
2019/1/26,Saturday,LPW_to_HPM,6076.0,14282.0,20358.0,0.0432615629984051,HPM_to_LPW,14282.0,6076.0,20358.0,0.1715493735961467
2019/1/27,Sunday,LPW_to_HPM,5439.0,11399.0,16838.0,0.0437496480884162,HPM_to_LPW,11399.0,5439.0,16838.0,0.1582403242823032
2019/1/28,Monday,LPW_to_HPM,7059.0,19469.0,26528.0,0.0469829479653368,HPM_to_LPW,19469.0,7059.0,26528.0,0.2121291362947951
2019/1/29,Tuesday,LPW_to_HPM,7140.0,19546.0,26686.0,0.0464354001638896,HPM_to_LPW,19546.0,7140.0,26686.0,0.2217583190569655
2019/1/30,Wednesday,LPW_to_HPM,7226.0,18365.0,25591.0,0.0486118118764589,HPM_to_LPW,18365.0,7226.0,25591.0,0.2183398326041468
2019/1/31,Thursday,LPW_to_HPM,7649.0,18486.0,26135.0,0.0511696982265541,HPM_to_LPW,18486.0,7649.0,26135.0,0.2162585837788514
2019/2/1,Friday,LPW_to_HPM,8121.0,20129.0,28250.0,0.0484989280190149,HPM_to_LPW,20129.0,8121.0,28250.0,0.2029644567683388
2019/2/2,Saturday,LPW_to_HPM,6428.0,13375.0,19803.0,0.045976024947787,HPM_to_LPW,13375.0,6428.0,19803.0,0.1620249791033204
2019/2/3,Sunday,LPW_to_HPM,6020.0,11310.0,17330.0,0.0462053297310573,HPM_to_LPW,11310.0,6020.0,17330.0,0.1522842639593908
2019/2/4,Monday,LPW_to_HPM,7970.0,19797.0,27767.0,0.0498174817481748,HPM_to_LPW,19797.0,7970.0,27767.0,0.207046937751004
2019/2/5,Tuesday,LPW_to_HPM,7906.0,19948.0,27854.0,0.0490343227855167,HPM_to_LPW,19948.0,7906.0,27854.0,0.212930841241207
2019/2/6,Wednesday,LPW_to_HPM,7664.0,20338.0,28002.0,0.047154371500646,HPM_to_LPW,20338.0,7664.0,28002.0,0.214427294197031
2019/2/7,Thursday,LPW_to_HPM,7770.0,20632.0,28402.0,0.0470082884627019,HPM_to_LPW,20632.0,7770.0,28402.0,0.2162547428882879
2019/2/8,Friday,LPW_to_HPM,7879.0,20660.0,28539.0,0.0458644034251319,HPM_to_LPW,20660.0,7879.0,28539.0,0.2077509402087565
2019/2/9,Saturday,LPW_to_HPM,5986.0,13843.0,19829.0,0.0426611552578127,HPM_to_LPW,13843.0,5986.0,19829.0,0.1688891600073202
2019/2/10,Sunday,LPW_to_HPM,5251.0,11194.0,16445.0,0.0422653112146749,HPM_to_LPW,11194.0,5251.0,16445.0,0.1566404992793473
2019/2/11,Monday,LPW_to_HPM,7541.0,19596.0,27137.0,0.047217126148182,HPM_to_LPW,19596.0,7541.0,27137.0,0.2104878729940492
2019/2/12,Tuesday,LPW_to_HPM,7169.0,18213.0,25382.0,0.0496801868291026,HPM_to_LPW,18213.0,7169.0,25382.0,0.2125353000210049
2019/2/13,Wednesday,LPW_to_HPM,7889.0,20311.0,28200.0,0.0479096827478987,HPM_to_LPW,20311.0,7889.0,28200.0,0.2150882655060308
2019/2/14,Thursday,LPW_to_HPM,7939.0,21631.0,29570.0,0.0467019230203596,HPM_to_LPW,21631.0,7939.0,29570.0,0.2172703348801703
2019/2/15,Friday,LPW_to_HPM,7678.0,21092.0,28770.0,0.0466540684073329,HPM_to_LPW,21092.0,7678.0,28770.0,0.2076536087346046
2019/2/16,Saturday,LPW_to_HPM,5728.0,13720.0,19448.0,0.0444303100348275,HPM_to_LPW,13720.0,5728.0,19448.0,0.164392096718149
2019/2/17,Sunday,LPW_to_HPM,5082.0,11009.0,16091.0,0.0452763622108976,HPM_to_LPW,11009.0,5082.0,16091.0,0.1571726343441265
2019/2/18,Monday,LPW_to_HPM,5507.0,13323.0,18830.0,0.0467237385778403,HPM_to_LPW,13323.0,5507.0,18830.0,0.1794415935997414
2019/2/19,Tuesday,LPW_to_HPM,7277.0,18521.0,25798.0,0.0509740191511568,HPM_to_LPW,18521.0,7277.0,25798.0,0.2117556937711515
2019/2/20,Wednesday,LPW_to_HPM,6849.0,18024.0,24873.0,0.0515190949368516,HPM_to_LPW,18024.0,6849.0,24873.0,0.2176101995726031
2019/2/21,Thursday,LPW_to_HPM,7169.0,19374.0,26543.0,0.048042513838442,HPM_to_LPW,19374.0,7169.0,26543.0,0.2168520964384052
2019/2/22,Friday,LPW_to_HPM,7101.0,19830.0,26931.0,0.0464932037817877,HPM_to_LPW,19830.0,7101.0,26931.0,0.2099167954608007
2019/2/23,Saturday,LPW_to_HPM,5937.0,13933.0,19870.0,0.0447481081732943,HPM_to_LPW,13933.0,5937.0,19870.0,0.1713080791314718
2019/2/24,Sunday,LPW_to_HPM,5115.0,10498.0,15613.0,0.0475128883934791,HPM_to_LPW,10498.0,5115.0,15613.0,0.1591908531222515
2019/2/25,Monday,LPW_to_HPM,7301.0,19108.0,26409.0,0.0485726260885763,HPM_to_LPW,19108.0,7301.0,26409.0,0.2140952380952381
2019/2/26,Tuesday,LPW_to_HPM,7591.0,19255.0,26846.0,0.048321079601515,HPM_to_LPW,19255.0,7591.0,26846.0,0.2182611652686465
2019/2/27,Wednesday,LPW_to_HPM,7590.0,19138.0,26728.0,0.0484108608713955,HPM_to_LPW,19138.0,7590.0,26728.0,0.2165520050692495
2019/2/28,Thursday,LPW_to_HPM,7447.0,19270.0,26717.0,0.0467362449087177,HPM_to_LPW,19270.0,7447.0,26717.0,0.2162908421537045
2019/3/1,Friday,LPW_to_HPM,7812.0,19494.0,27306.0,0.0465390595678515,HPM_to_LPW,19494.0,7812.0,27306.0,0.2056264042277143
2019/3/2,Saturday,LPW_to_HPM,6027.0,12871.0,18898.0,0.0451271376800742,HPM_to_LPW,12871.0,6027.0,18898.0,0.1655157337036894
2019/3/3,Sunday,LPW_to_HPM,5527.0,10939.0,16466.0,0.0443632861098848,HPM_to_LPW,10939.0,5527.0,16466.0,0.1590965283534767
2019/3/4,Monday,LPW_to_HPM,6489.0,15197.0,21686.0,0.0506505975193774,HPM_to_LPW,15197.0,6489.0,21686.0,0.2023622466643585
2019/3/5,Tuesday,LPW_to_HPM,7623.0,19614.0,27237.0,0.0482786137710898,HPM_to_LPW,19614.0,7623.0,27237.0,0.2169690265486725
2019/3/6,Wednesday,LPW_to_HPM,7718.0,18801.0,26519.0,0.0482830671446177,HPM_to_LPW,18801.0,7718.0,26519.0,0.214324798796197
2019/3/7,Thursday,LPW_to_HPM,7969.0,19600.0,27569.0,0.0485384854335816,HPM_to_LPW,19600.0,7969.0,27569.0,0.2130550573400728
2019/3/8,Friday,LPW_to_HPM,8389.0,20736.0,29125.0,0.0476647727272727,HPM_to_LPW,20736.0,8389.0,29125.0,0.2119075357164755
2019/3/9,Saturday,LPW_to_HPM,6530.0,13726.0,20256.0,0.0445451010621243,HPM_to_LPW,13726.0,6530.0,20256.0,0.1706916706046211
2019/3/10,Sunday,LPW_to_HPM,5464.0,10257.0,15721.0,0.0470154968722303,HPM_to_LPW,10257.0,5464.0,15721.0,0.1616395612708018
2019/3/11,Monday,LPW_to_HPM,8002.0,19702.0,27704.0,0.0492676349441875,HPM_to_LPW,19702.0,8002.0,27704.0,0.2114311469780219
2019/3/12,Tuesday,LPW_to_HPM,7623.0,19137.0,26760.0,0.0485136605762071,HPM_to_LPW,19137.0,7623.0,26760.0,0.2172585259524999
2019/3/13,Wednesday,LPW_to_HPM,7545.0,19488.0,27033.0,0.0460347289167653,HPM_to_LPW,19488.0,7545.0,27033.0,0.2190032027869865
2019/3/14,Thursday,LPW_to_HPM,7828.0,19969.0,27797.0,0.0455277743851016,HPM_to_LPW,19969.0,7828.0,27797.0,0.2158460790142139
2019/3/15,Friday,LPW_to_HPM,7951.0,21016.0,28967.0,0.0444878387224923,HPM_to_LPW,21016.0,7951.0,28967.0,0.2093268790214944
2019/3/16,Saturday,LPW_to_HPM,6336.0,14408.0,20744.0,0.0427311230408157,HPM_to_LPW,14408.0,6336.0,20744.0,0.1729091410947232
2019/3/17,Sunday,LPW_to_HPM,5356.0,10957.0,16313.0,0.0423121588206947,HPM_to_LPW,10957.0,5356.0,16313.0,0.1591893069882319
2019/3/18,Monday,LPW_to_HPM,7457.0,18246.0,25703.0,0.0488282401011007,HPM_to_LPW,18246.0,7457.0,25703.0,0.2094064178487811
2019/3/19,Tuesday,LPW_to_HPM,7948.0,19628.0,27576.0,0.04932142702005,HPM_to_LPW,19628.0,7948.0,27576.0,0.2126359578801404
2019/3/20,Wednesday,LPW_to_HPM,7999.0,20156.0,28155.0,0.0489816663196698,HPM_to_LPW,20156.0,7999.0,28155.0,0.2157752751252515
2019/3/21,Thursday,LPW_to_HPM,7595.0,18874.0,26469.0,0.0492960946069618,HPM_to_LPW,18874.0,7595.0,26469.0,0.2185021822433693
2019/3/22,Friday,LPW_to_HPM,7984.0,19599.0,27583.0,0.0478221285159806,HPM_to_LPW,19599.0,7984.0,27583.0,0.2073704926358557
2019/3/23,Saturday,LPW_to_HPM,6362.0,13871.0,20233.0,0.0448970374447784,HPM_to_LPW,13871.0,6362.0,20233.0,0.1716750414614223
2019/3/24,Sunday,LPW_to_HPM,5746.0,11687.0,17433.0,0.043795731707317,HPM_to_LPW,11687.0,5746.0,17433.0,0.1620381282495667
2019/3/25,Monday,LPW_to_HPM,7864.0,19035.0,26899.0,0.0497265168041986,HPM_to_LPW,19035.0,7864.0,26899.0,0.2101387677599549
2019/3/26,Tuesday,LPW_to_HPM,7926.0,19580.0,27506.0,0.0483546249862732,HPM_to_LPW,19580.0,7926.0,27506.0,0.2142794606898967
2019/3/27,Wednesday,LPW_to_HPM,7766.0,19807.0,27573.0,0.0471847715797724,HPM_to_LPW,19807.0,7766.0,27573.0,0.2180115131035849
2019/3/28,Thursday,LPW_to_HPM,8149.0,20597.0,28746.0,0.0479564513756068,HPM_to_LPW,20597.0,8149.0,28746.0,0.2197341469659469
2019/3/29,Friday,LPW_to_HPM,7921.0,20421.0,28342.0,0.0457303519984296,HPM_to_LPW,20421.0,7921.0,28342.0,0.2104151425539149
2019/3/30,Saturday,LPW_to_HPM,6483.0,14823.0,21306.0,0.0434788440515871,HPM_to_LPW,14823.0,6483.0,21306.0,0.1753952101476713
2019/3/31,Sunday,LPW_to_HPM,5270.0,10704.0,15974.0,0.0439188626097971,HPM_to_LPW,10704.0,5270.0,15974.0,0.1631110569303913
2019/4/1,Monday,LPW_to_HPM,7675.0,18487.0,26162.0,0.0474985147044261,HPM_to_LPW,18487.0,7675.0,26162.0,0.2092591544512989
2019/4/2,Tuesday,LPW_to_HPM,7724.0,19442.0,27166.0,0.0465590095058982,HPM_to_LPW,19442.0,7724.0,27166.0,0.219683615819209
2019/4/3,Wednesday,LPW_to_HPM,7868.0,19488.0,27356.0,0.0463194084679508,HPM_to_LPW,19488.0,7868.0,27356.0,0.2165670215366834
2019/4/4,Thursday,LPW_to_HPM,8030.0,20456.0,28486.0,0.0460887682303175,HPM_to_LPW,20456.0,8030.0,28486.0,0.2196570275000805
2019/4/5,Friday,LPW_to_HPM,7650.0,19905.0,27555.0,0.0446866676012897,HPM_to_LPW,19905.0,7650.0,27555.0,0.2161073534041929
2019/4/6,Saturday,LPW_to_HPM,6666.0,14845.0,21511.0,0.042924203300772,HPM_to_LPW,14845.0,6666.0,21511.0,0.1742105077863706
2019/4/7,Sunday,LPW_to_HPM,5909.0,11552.0,17461.0,0.0433920559272123,HPM_to_LPW,11552.0,5909.0,17461.0,0.1621196811496575
2019/4/8,Monday,LPW_to_HPM,7549.0,19828.0,27377.0,0.0456930833903311,HPM_to_LPW,19828.0,7549.0,27377.0,0.2155217391304348
2019/4/9,Tuesday,LPW_to_HPM,7698.0,19895.0,27593.0,0.0460280066488884,HPM_to_LPW,19895.0,7698.0,27593.0,0.2215972376921363
2019/4/10,Wednesday,LPW_to_HPM,7783.0,20651.0,28434.0,0.0448947571829881,HPM_to_LPW,20651.0,7783.0,28434.0,0.2202843824335712
2019/4/11,Thursday,LPW_to_HPM,7915.0,20650.0,28565.0,0.0456411675835265,HPM_to_LPW,20650.0,7915.0,28565.0,0.2256288105592098
2019/4/12,Friday,LPW_to_HPM,8270.0,21532.0,29802.0,0.0454220904047893,HPM_to_LPW,21532.0,8270.0,29802.0,0.2188989986275606
2019/4/13,Saturday,LPW_to_HPM,6629.0,15522.0,22151.0,0.0410268788255754,HPM_to_LPW,15522.0,6629.0,22151.0,0.1753323769612217
2019/4/14,Sunday,LPW_to_HPM,5776.0,11662.0,17438.0,0.0413285822636271,HPM_to_LPW,11662.0,5776.0,17438.0,0.1585394037439334
2019/4/15,Monday,LPW_to_HPM,7675.0,20477.0,28152.0,0.04565490247399,HPM_to_LPW,20477.0,7675.0,28152.0,0.2209931037459933
2019/4/16,Tuesday,LPW_to_HPM,8078.0,21526.0,29604.0,0.0451527075973706,HPM_to_LPW,21526.0,8078.0,29604.0,0.2231459788941181
2019/4/17,Wednesday,LPW_to_HPM,8213.0,21374.0,29587.0,0.0461176497012712,HPM_to_LPW,21374.0,8213.0,29587.0,0.224545110728243
2019/4/18,Thursday,LPW_to_HPM,7990.0,21211.0,29201.0,0.0446690631796098,HPM_to_LPW,21211.0,7990.0,29201.0,0.2263738140214943
2019/4/19,Friday,LPW_to_HPM,7220.0,18578.0,25798.0,0.0448057589673575,HPM_to_LPW,18578.0,7220.0,25798.0,0.2038044670674448
2019/4/20,Saturday,LPW_to_HPM,5593.0,12984.0,18577.0,0.0442932716675114,HPM_to_LPW,12984.0,5593.0,18577.0,0.1732008270526245
2019/4/21,Sunday,LPW_to_HPM,4750.0,10715.0,15465.0,0.0438932884851733,HPM_to_LPW,10715.0,4750.0,15465.0,0.1555626533486258
2019/4/22,Monday,LPW_to_HPM,7515.0,17655.0,25170.0,0.0521885872622346,HPM_to_LPW,17655.0,7515.0,25170.0,0.210083533639544
2019/4/23,Tuesday,LPW_to_HPM,8787.0,20295.0,29082.0,0.0534872962345235,HPM_to_LPW,20295.0,8787.0,29082.0,0.2080407573319118
2019/4/24,Wednesday,LPW_to_HPM,9257.0,20758.0,30015.0,0.0544808225385932,HPM_to_LPW,20758.0,9257.0,30015.0,0.2081190282832536
2019/4/25,Thursday,LPW_to_HPM,9046.0,20457.0,29503.0,0.0547691413487037,HPM_to_LPW,20457.0,9046.0,29503.0,0.2095875253570477
2019/4/26,Friday,LPW_to_HPM,8544.0,20490.0,29034.0,0.0531558154726724,HPM_to_LPW,20490.0,8544.0,29034.0,0.2113242574257425
2019/4/27,Saturday,LPW_to_HPM,7681.0,15733.0,23414.0,0.0484059012219638,HPM_to_LPW,15733.0,7681.0,23414.0,0.1748169383423891
2019/4/28,Sunday,LPW_to_HPM,6792.0,12556.0,19348.0,0.0500493714353086,HPM_to_LPW,12556.0,6792.0,19348.0,0.1668704481420445
2019/4/29,Monday,LPW_to_HPM,9157.0,20986.0,30143.0,0.0517982600038465,HPM_to_LPW,20986.0,9157.0,30143.0,0.2127750177430802
2019/4/30,Tuesday,LPW_to_HPM,8873.0,20944.0,29817.0,0.049420191375834,HPM_to_LPW,20944.0,8873.0,29817.0,0.2179033667651587
2019/5/1,Wednesday,LPW_to_HPM,9685.0,22281.0,31966.0,0.0510734117671875,HPM_to_LPW,22281.0,9685.0,31966.0,0.2124752059810802
2019/5/2,Thursday,LPW_to_HPM,8779.0,22361.0,31140.0,0.0462502963411743,HPM_to_LPW,22361.0,8779.0,31140.0,0.2147638759496345
2019/5/3,Friday,LPW_to_HPM,8865.0,22572.0,31437.0,0.045992456510799,HPM_to_LPW,22572.0,8865.0,31437.0,0.2105793450881612
2019/5/4,Saturday,LPW_to_HPM,6890.0,15264.0,22154.0,0.0433936477745797,HPM_to_LPW,15264.0,6890.0,22154.0,0.1707172495554238
2019/5/5,Sunday,LPW_to_HPM,5563.0,11035.0,16598.0,0.044298102419952,HPM_to_LPW,11035.0,5563.0,16598.0,0.1639941149370625
2019/5/6,Monday,LPW_to_HPM,8151.0,20875.0,29026.0,0.0457695072099186,HPM_to_LPW,20875.0,8151.0,29026.0,0.2127301816995995
2019/5/7,Tuesday,LPW_to_HPM,8102.0,20379.0,28481.0,0.0455606228455426,HPM_to_LPW,20379.0,8102.0,28481.0,0.2181041771460984
2019/5/8,Wednesday,LPW_to_HPM,8796.0,22327.0,31123.0,0.0471311914610883,HPM_to_LPW,22327.0,8796.0,31123.0,0.2206203496012885
2019/5/9,Thursday,LPW_to_HPM,8475.0,22189.0,30664.0,0.0459255004389339,HPM_to_LPW,22189.0,8475.0,30664.0,0.2191744288268355
2019/5/10,Friday,LPW_to_HPM,8944.0,23056.0,32000.0,0.045148003069095,HPM_to_LPW,23056.0,8944.0,32000.0,0.2091607623989621
2019/5/11,Saturday,LPW_to_HPM,7339.0,15603.0,22942.0,0.0444268219597682,HPM_to_LPW,15603.0,7339.0,22942.0,0.1696125750065223
2019/5/12,Sunday,LPW_to_HPM,5540.0,10770.0,16310.0,0.0445538184391687,HPM_to_LPW,10770.0,5540.0,16310.0,0.1579920197159957
2019/5/13,Monday,LPW_to_HPM,7795.0,19198.0,26993.0,0.0472515881867998,HPM_to_LPW,19198.0,7795.0,26993.0,0.2150409964604148
2019/5/14,Tuesday,LPW_to_HPM,8423.0,20694.0,29117.0,0.0479132180867705,HPM_to_LPW,20694.0,8423.0,29117.0,0.2187110275000528
2019/5/15,Wednesday,LPW_to_HPM,8756.0,21637.0,30393.0,0.0464307303984473,HPM_to_LPW,21637.0,8756.0,30393.0,0.215856262096211
2019/5/16,Thursday,LPW_to_HPM,8894.0,22244.0,31138.0,0.0460802752174746,HPM_to_LPW,22244.0,8894.0,31138.0,0.2168475029002037
2019/5/17,Friday,LPW_to_HPM,8792.0,22666.0,31458.0,0.0447136485462469,HPM_to_LPW,22666.0,8792.0,31458.0,0.2143417780173432
2019/5/18,Saturday,LPW_to_HPM,7200.0,15721.0,22921.0,0.0436636203205637,HPM_to_LPW,15721.0,7200.0,22921.0,0.1733315692565518
2019/5/19,Sunday,LPW_to_HPM,5866.0,11974.0,17840.0,0.0413879716648322,HPM_to_LPW,11974.0,5866.0,17840.0,0.1653913091521865
2019/5/20,Monday,LPW_to_HPM,7585.0,19545.0,27130.0,0.0439799379584263,HPM_to_LPW,19545.0,7585.0,27130.0,0.2153386805341324
2019/5/21,Tuesday,LPW_to_HPM,7953.0,19819.0,27772.0,0.0448873160737567,HPM_to_LPW,19819.0,7953.0,27772.0,0.2171183804035845
2019/5/22,Wednesday,LPW_to_HPM,8012.0,20127.0,28139.0,0.044317590963902,HPM_to_LPW,20127.0,8012.0,28139.0,0.216841379458947
2019/5/23,Thursday,LPW_to_HPM,7906.0,19681.0,27587.0,0.0448648832695865,HPM_to_LPW,19681.0,7906.0,27587.0,0.2179392060240296
2019/5/24,Friday,LPW_to_HPM,7923.0,20149.0,28072.0,0.0440093317780369,HPM_to_LPW,20149.0,7923.0,28072.0,0.2040570375321545
2019/5/25,Saturday,LPW_to_HPM,5944.0,13173.0,19117.0,0.04539449064846,HPM_to_LPW,13173.0,5944.0,19117.0,0.1630785991061812
2019/5/26,Sunday,LPW_to_HPM,4991.0,11041.0,16032.0,0.0433107422095334,HPM_to_LPW,11041.0,4991.0,16032.0,0.1583483922783466
2019/5/27,Monday,LPW_to_HPM,4631.0,10791.0,15422.0,0.0406552599004468,HPM_to_LPW,10791.0,4631.0,15422.0,0.1589389342209915
2019/5/28,Tuesday,LPW_to_HPM,7314.0,17842.0,25156.0,0.0452288341547575,HPM_to_LPW,17842.0,7314.0,25156.0,0.214811158333233
2019/5/29,Wednesday,LPW_to_HPM,7710.0,19257.0,26967.0,0.0449866965411006,HPM_to_LPW,19257.0,7710.0,26967.0,0.2198513545912251
2019/5/30,Thursday,LPW_to_HPM,7768.0,19525.0,27293.0,0.0437333213228091,HPM_to_LPW,19525.0,7768.0,27293.0,0.2203426172527423
2019/5/31,Friday,LPW_to_HPM,8294.0,20772.0,29066.0,0.0435401147560777,HPM_to_LPW,20772.0,8294.0,29066.0,0.2033022422753565
2019/6/1,Saturday,LPW_to_HPM,7058.0,14273.0,21331.0,0.0443166334930272,HPM_to_LPW,14273.0,7058.0,21331.0,0.1664412155701191
2019/6/2,Sunday,LPW_to_HPM,6287.0,12106.0,18393.0,0.0421668969402674,HPM_to_LPW,12106.0,6287.0,18393.0,0.1589131005513258
2019/6/3,Monday,LPW_to_HPM,7645.0,19373.0,27018.0,0.0433591578851847,HPM_to_LPW,19373.0,7645.0,27018.0,0.2044492755152653
2019/6/4,Tuesday,LPW_to_HPM,7711.0,19043.0,26754.0,0.0429747368069062,HPM_to_LPW,19043.0,7711.0,26754.0,0.2079134412769813
2019/6/5,Wednesday,LPW_to_HPM,8479.0,20674.0,29153.0,0.0446869960261829,HPM_to_LPW,20674.0,8479.0,29153.0,0.2127414359069346
2019/6/6,Thursday,LPW_to_HPM,8067.0,20350.0,28417.0,0.0436407898295915,HPM_to_LPW,20350.0,8067.0,28417.0,0.2126992422262869
2019/6/7,Friday,LPW_to_HPM,8370.0,21077.0,29447.0,0.0434902341821809,HPM_to_LPW,21077.0,8370.0,29447.0,0.2054909378077196
2019/6/8,Saturday,LPW_to_HPM,6826.0,15036.0,21862.0,0.0433763114248857,HPM_to_LPW,15036.0,6826.0,21862.0,0.168633080615495
2019/6/9,Sunday,LPW_to_HPM,5803.0,12039.0,17842.0,0.0432643201693891,HPM_to_LPW,12039.0,5803.0,17842.0,0.1638070617048778
2019/6/10,Monday,LPW_to_HPM,7413.0,18233.0,25646.0,0.0467411111181169,HPM_to_LPW,18233.0,7413.0,25646.0,0.2113946504968058
2019/6/11,Tuesday,LPW_to_HPM,8124.0,20272.0,28396.0,0.0447502217130014,HPM_to_LPW,20272.0,8124.0,28396.0,0.2150099698782402
2019/6/12,Wednesday,LPW_to_HPM,8316.0,21314.0,29630.0,0.0443311938929995,HPM_to_LPW,21314.0,8316.0,29630.0,0.2160983869168922
2019/6/13,Thursday,LPW_to_HPM,7615.0,18415.0,26030.0,0.0468252308978884,HPM_to_LPW,18415.0,7615.0,26030.0,0.2150983506985002
2019/6/14,Friday,LPW_to_HPM,8339.0,20703.0,29042.0,0.0438493169413274,HPM_to_LPW,20703.0,8339.0,29042.0,0.2059877022267327
2019/6/15,Saturday,LPW_to_HPM,6769.0,14687.0,21456.0,0.0441690809907864,HPM_to_LPW,14687.0,6769.0,21456.0,0.1693494453797016
2019/6/16,Sunday,LPW_to_HPM,5693.0,10924.0,16617.0,0.0428870608087747,HPM_to_LPW,10924.0,5693.0,16617.0,0.1583326086326347
2019/6/17,Monday,LPW_to_HPM,7518.0,18549.0,26067.0,0.044497845541929,HPM_to_LPW,18549.0,7518.0,26067.0,0.2118965477849619
2019/6/18,Tuesday,LPW_to_HPM,7424.0,18045.0,25469.0,0.0450234092618198,HPM_to_LPW,18045.0,7424.0,25469.0,0.2166968885473082
2019/6/19,Wednesday,LPW_to_HPM,8094.0,18972.0,27066.0,0.0458729115186688,HPM_to_LPW,18972.0,8094.0,27066.0,0.2152899923969905
2019/6/20,Thursday,LPW_to_HPM,8086.0,19277.0,27363.0,0.0440735613138129,HPM_to_LPW,19277.0,8086.0,27363.0,0.2164982030548068
2019/6/21,Friday,LPW_to_HPM,8025.0,19228.0,27253.0,0.0431484090200337,HPM_to_LPW,19228.0,8025.0,27253.0,0.20401926872228
2019/6/22,Saturday,LPW_to_HPM,6202.0,13870.0,20072.0,0.0413819792889932,HPM_to_LPW,13870.0,6202.0,20072.0,0.1681110235743288
2019/6/23,Sunday,LPW_to_HPM,5638.0,11721.0,17359.0,0.0412867886670035,HPM_to_LPW,11721.0,5638.0,17359.0,0.1597737186477644
2019/6/24,Monday,LPW_to_HPM,7664.0,18479.0,26143.0,0.0459709442518324,HPM_to_LPW,18479.0,7664.0,26143.0,0.2049123974273675
2019/6/25,Tuesday,LPW_to_HPM,7516.0,17844.0,25360.0,0.044953766283479,HPM_to_LPW,17844.0,7516.0,25360.0,0.2102584043267701
2019/6/26,Wednesday,LPW_to_HPM,7851.0,19669.0,27520.0,0.0440364811200107,HPM_to_LPW,19669.0,7851.0,27520.0,0.2141612769756756
2019/6/27,Thursday,LPW_to_HPM,7407.0,19169.0,26576.0,0.0444536468554761,HPM_to_LPW,19169.0,7407.0,26576.0,0.2184202730110982
2019/6/28,Friday,LPW_to_HPM,7602.0,19788.0,27390.0,0.0452912473860122,HPM_to_LPW,19788.0,7602.0,27390.0,0.2105397554981008
2019/6/29,Saturday,LPW_to_HPM,5917.0,13479.0,19396.0,0.0431406573536702,HPM_to_LPW,13479.0,5917.0,19396.0,0.1731428791635088
2019/6/30,Sunday,LPW_to_HPM,5173.0,14961.0,20134.0,0.0403164211674849,HPM_to_LPW,14961.0,5173.0,20134.0,0.2088212715472119
2019/7/1,Monday,LPW_to_HPM,7072.0,17537.0,24609.0,0.0462703070511184,HPM_to_LPW,17537.0,7072.0,24609.0,0.2108471397311659
2019/7/2,Tuesday,LPW_to_HPM,7337.0,18023.0,25360.0,0.0470742974464262,HPM_to_LPW,18023.0,7337.0,25360.0,0.2125103171795778
2019/7/3,Wednesday,LPW_to_HPM,7381.0,18259.0,25640.0,0.0467060260328669,HPM_to_LPW,18259.0,7381.0,25640.0,0.2059324423391417
2019/7/4,Thursday,LPW_to_HPM,4693.0,10987.0,15680.0,0.0439464738877599,HPM_to_LPW,10987.0,4693.0,15680.0,0.1624695009242144
2019/7/5,Friday,LPW_to_HPM,6412.0,15426.0,21838.0,0.049260553912342,HPM_to_LPW,15426.0,6412.0,21838.0,0.1874498748389919
2019/7/6,Saturday,LPW_to_HPM,5659.0,12298.0,17957.0,0.0483720691688962,HPM_to_LPW,12298.0,5659.0,17957.0,0.1664951803314199
2019/7/7,Sunday,LPW_to_HPM,5196.0,11377.0,16573.0,0.0441146505467635,HPM_to_LPW,11377.0,5196.0,16573.0,0.1650155921386612
2019/7/8,Monday,LPW_to_HPM,6965.0,17349.0,24314.0,0.0461215516442184,HPM_to_LPW,17349.0,6965.0,24314.0,0.2069520821653087
2019/7/9,Tuesday,LPW_to_HPM,7410.0,18381.0,25791.0,0.0473113611114658,HPM_to_LPW,18381.0,7410.0,25791.0,0.2151535724318756
2019/7/10,Wednesday,LPW_to_HPM,7443.0,18750.0,26193.0,0.0468166207495188,HPM_to_LPW,18750.0,7443.0,26193.0,0.2169636658180976
2019/7/11,Thursday,LPW_to_HPM,7376.0,17916.0,25292.0,0.0482066297187075,HPM_to_LPW,17916.0,7376.0,25292.0,0.2181446261369309
2019/7/12,Friday,LPW_to_HPM,7284.0,18784.0,26068.0,0.0450759310370434,HPM_to_LPW,18784.0,7284.0,26068.0,0.208488723139762
2019/7/13,Saturday,LPW_to_HPM,5955.0,13691.0,19646.0,0.0446237888631612,HPM_to_LPW,13691.0,5955.0,19646.0,0.1731657032999
2019/7/14,Sunday,LPW_to_HPM,4931.0,11233.0,16164.0,0.0415186164390482,HPM_to_LPW,11233.0,4931.0,16164.0,0.1655490545738581
2019/7/15,Monday,LPW_to_HPM,7036.0,17843.0,24879.0,0.0464376464376464,HPM_to_LPW,17843.0,7036.0,24879.0,0.2119498723050424
2019/7/16,Tuesday,LPW_to_HPM,7475.0,19074.0,26549.0,0.0470889871615577,HPM_to_LPW,19074.0,7475.0,26549.0,0.2218422889043963
2019/7/17,Wednesday,LPW_to_HPM,7295.0,18402.0,25697.0,0.0468078280397818,HPM_to_LPW,18402.0,7295.0,25697.0,0.2238223238502986
2019/7/18,Thursday,LPW_to_HPM,7129.0,17918.0,25047.0,0.0452934000864062,HPM_to_LPW,17918.0,7129.0,25047.0,0.2213082357591028
2019/7/19,Friday,LPW_to_HPM,6933.0,18625.0,25558.0,0.0450648379862849,HPM_to_LPW,18625.0,6933.0,25558.0,0.2142848924836338
2019/7/20,Saturday,LPW_to_HPM,5192.0,12669.0,17861.0,0.0436805397810925,HPM_to_LPW,12669.0,5192.0,17861.0,0.1723345213156677
2019/7/21,Sunday,LPW_to_HPM,4938.0,11013.0,15951.0,0.0436207521002093,HPM_to_LPW,11013.0,4938.0,15951.0,0.168384196685218
2019/7/22,Monday,LPW_to_HPM,6689.0,16665.0,23354.0,0.0464820541329349,HPM_to_LPW,16665.0,6689.0,23354.0,0.2184485109060402
2019/7/23,Tuesday,LPW_to_HPM,7073.0,16982.0,24055.0,0.0466830791163677,HPM_to_LPW,16982.0,7073.0,24055.0,0.216444257510292
2019/7/24,Wednesday,LPW_to_HPM,7335.0,18312.0,25647.0,0.0465406969366259,HPM_to_LPW,18312.0,7335.0,25647.0,0.2173711762401624
2019/7/25,Thursday,LPW_to_HPM,6860.0,17915.0,24775.0,0.0441472691117131,HPM_to_LPW,17915.0,6860.0,24775.0,0.2168754917983173
2019/7/26,Friday,LPW_to_HPM,6597.0,17731.0,24328.0,0.0431763443112204,HPM_to_LPW,17731.0,6597.0,24328.0,0.2087768462697814
2019/7/27,Saturday,LPW_to_HPM,5334.0,12718.0,18052.0,0.0427605999631235,HPM_to_LPW,12718.0,5334.0,18052.0,0.1724170654664262
2019/7/28,Sunday,LPW_to_HPM,4611.0,10541.0,15152.0,0.0405651496890093,HPM_to_LPW,10541.0,4611.0,15152.0,0.1643769395106585
2019/7/29,Monday,LPW_to_HPM,6116.0,16380.0,22496.0,0.0431013826833359,HPM_to_LPW,16380.0,6116.0,22496.0,0.213587169122441
2019/7/30,Tuesday,LPW_to_HPM,6343.0,16582.0,22925.0,0.0437466377919086,HPM_to_LPW,16582.0,6343.0,22925.0,0.2217971696851341
2019/7/31,Wednesday,LPW_to_HPM,6390.0,16674.0,23064.0,0.0442962511091393,HPM_to_LPW,16674.0,6390.0,23064.0,0.2257575347288039
2019/8/1,Thursday,LPW_to_HPM,7040.0,17862.0,24902.0,0.0450623447781447,HPM_to_LPW,17862.0,7040.0,24902.0,0.2143525741029641
2019/8/2,Friday,LPW_to_HPM,6907.0,18169.0,25076.0,0.0450536834827077,HPM_to_LPW,18169.0,6907.0,25076.0,0.2118537347543201
2019/8/3,Saturday,LPW_to_HPM,5506.0,12745.0,18251.0,0.0437400699078487,HPM_to_LPW,12745.0,5506.0,18251.0,0.1709774355396957
2019/8/4,Sunday,LPW_to_HPM,4882.0,10886.0,15768.0,0.0431519865647235,HPM_to_LPW,10886.0,4882.0,15768.0,0.171711595185892
2019/8/5,Monday,LPW_to_HPM,6581.0,16732.0,23313.0,0.0454485811562074,HPM_to_LPW,16732.0,6581.0,23313.0,0.2113293337543416
2019/8/6,Tuesday,LPW_to_HPM,6804.0,16924.0,23728.0,0.0455858016709434,HPM_to_LPW,16924.0,6804.0,23728.0,0.2175013815527367
2019/8/7,Wednesday,LPW_to_HPM,6473.0,16165.0,22638.0,0.0460885600974032,HPM_to_LPW,16165.0,6473.0,22638.0,0.224274040262497
2019/8/8,Thursday,LPW_to_HPM,7162.0,17307.0,24469.0,0.0469018087516862,HPM_to_LPW,17307.0,7162.0,24469.0,0.2155695335367752
2019/8/9,Friday,LPW_to_HPM,8399.0,18457.0,26856.0,0.0517288102188881,HPM_to_LPW,18457.0,8399.0,26856.0,0.2060070986896444
2019/8/10,Saturday,LPW_to_HPM,6939.0,13383.0,20322.0,0.0522554409217561,HPM_to_LPW,13383.0,6939.0,20322.0,0.1738910111483589
2019/8/11,Sunday,LPW_to_HPM,6465.0,10997.0,17462.0,0.052024656387807,HPM_to_LPW,10997.0,6465.0,17462.0,0.1600308507232457
2019/8/12,Monday,LPW_to_HPM,8230.0,16249.0,24479.0,0.0542164309382802,HPM_to_LPW,16249.0,8230.0,24479.0,0.2054650751100096
2019/8/13,Tuesday,LPW_to_HPM,8081.0,16705.0,24786.0,0.053099147759007,HPM_to_LPW,16705.0,8081.0,24786.0,0.21476139051733
2019/8/14,Wednesday,LPW_to_HPM,8187.0,17463.0,25650.0,0.0518574821852731,HPM_to_LPW,17463.0,8187.0,25650.0,0.2136512674953508
2019/8/15,Thursday,LPW_to_HPM,8015.0,18317.0,26332.0,0.0492603268451879,HPM_to_LPW,18317.0,8015.0,26332.0,0.2176889343142032
2019/8/16,Friday,LPW_to_HPM,8208.0,18577.0,26785.0,0.0508370649770527,HPM_to_LPW,18577.0,8208.0,26785.0,0.2077964205816554
2019/8/17,Saturday,LPW_to_HPM,7220.0,13784.0,21004.0,0.0529240151881661,HPM_to_LPW,13784.0,7220.0,21004.0,0.1710492027052181
2019/8/18,Sunday,LPW_to_HPM,6347.0,11143.0,17490.0,0.0520540305582665,HPM_to_LPW,11143.0,6347.0,17490.0,0.1653853004037045
2019/8/19,Monday,LPW_to_HPM,8069.0,16958.0,25027.0,0.0532498300677749,HPM_to_LPW,16958.0,8069.0,25027.0,0.209572772099806
2019/8/20,Tuesday,LPW_to_HPM,8291.0,17965.0,26256.0,0.0523811930604869,HPM_to_LPW,17965.0,8291.0,26256.0,0.2169031089646845
2019/8/21,Wednesday,LPW_to_HPM,8040.0,17298.0,25338.0,0.0513043034356016,HPM_to_LPW,17298.0,8040.0,25338.0,0.2172187758997413
2019/8/22,Thursday,LPW_to_HPM,7927.0,17750.0,25677.0,0.0508646411498604,HPM_to_LPW,17750.0,7927.0,25677.0,0.2130724446311746
2019/8/23,Friday,LPW_to_HPM,7421.0,17268.0,24689.0,0.0483805773593762,HPM_to_LPW,17268.0,7421.0,24689.0,0.2061309268013178
2019/8/24,Saturday,LPW_to_HPM,6264.0,13023.0,19287.0,0.0473351318265285,HPM_to_LPW,13023.0,6264.0,19287.0,0.1709032689859713
2019/8/25,Sunday,LPW_to_HPM,5429.0,11312.0,16741.0,0.0442443258220936,HPM_to_LPW,11312.0,5429.0,16741.0,0.1722289890377588
2019/8/26,Monday,LPW_to_HPM,7185.0,17008.0,24193.0,0.0474486055987373,HPM_to_LPW,17008.0,7185.0,24193.0,0.2137300978926071
2019/8/27,Tuesday,LPW_to_HPM,7437.0,18532.0,25969.0,0.0470035772522152,HPM_to_LPW,18532.0,7437.0,25969.0,0.226491652611767
2019/8/28,Wednesday,LPW_to_HPM,7222.0,17808.0,25030.0,0.0466260362058724,HPM_to_LPW,17808.0,7222.0,25030.0,0.2290889443486762
2019/8/29,Thursday,LPW_to_HPM,7599.0,18769.0,26368.0,0.046641951363229,HPM_to_LPW,18769.0,7599.0,26368.0,0.2234245172963836
2019/8/30,Friday,LPW_to_HPM,7533.0,18696.0,26229.0,0.0475721349676979,HPM_to_LPW,18696.0,7533.0,26229.0,0.2098764046205139
2019/8/31,Saturday,LPW_to_HPM,6089.0,13007.0,19096.0,0.0472539326540273,HPM_to_LPW,13007.0,6089.0,19096.0,0.1714018396015075
2019/9/1,Sunday,LPW_to_HPM,6791.0,11449.0,18240.0,0.0517819834383054,HPM_to_LPW,11449.0,6791.0,18240.0,0.1687299201226162
2019/9/2,Monday,LPW_to_HPM,6679.0,11540.0,18219.0,0.0506487498957298,HPM_to_LPW,11540.0,6679.0,18219.0,0.1750474023511566
2019/9/3,Tuesday,LPW_to_HPM,10236.0,21568.0,31804.0,0.0507355565248423,HPM_to_LPW,21568.0,10236.0,31804.0,0.2279698548763859
2019/9/4,Wednesday,LPW_to_HPM,11166.0,23143.0,34309.0,0.0532000552678346,HPM_to_LPW,23143.0,11166.0,34309.0,0.2319170257540835
2019/9/5,Thursday,LPW_to_HPM,10928.0,23613.0,34541.0,0.0508236519733231,HPM_to_LPW,23613.0,10928.0,34541.0,0.2307444251177516
2019/9/6,Friday,LPW_to_HPM,10719.0,23371.0,34090.0,0.0502647115371088,HPM_to_LPW,23371.0,10719.0,34090.0,0.2307084826408426
2019/9/7,Saturday,LPW_to_HPM,9264.0,17255.0,26519.0,0.0487273760118662,HPM_to_LPW,17255.0,9264.0,26519.0,0.1913586408046933
2019/9/8,Sunday,LPW_to_HPM,8664.0,14235.0,22899.0,0.0506595565534661,HPM_to_LPW,14235.0,8664.0,22899.0,0.1819704194204047
2019/9/9,Monday,LPW_to_HPM,10932.0,23474.0,34406.0,0.0519752200103646,HPM_to_LPW,23474.0,10932.0,34406.0,0.2279272543669712
2019/9/10,Tuesday,LPW_to_HPM,11319.0,23708.0,35027.0,0.0528446174962884,HPM_to_LPW,23708.0,11319.0,35027.0,0.2299492730429384
2019/9/11,Wednesday,LPW_to_HPM,11237.0,24005.0,35242.0,0.0516425236221919,HPM_to_LPW,24005.0,11237.0,35242.0,0.2288849901790652
2019/9/12,Thursday,LPW_to_HPM,10722.0,23579.0,34301.0,0.0494415803598601,HPM_to_LPW,23579.0,10722.0,34301.0,0.2289734600930305
2019/9/13,Friday,LPW_to_HPM,11022.0,25091.0,36113.0,0.0478994554707158,HPM_to_LPW,25091.0,11022.0,36113.0,0.2193748633879781
2019/9/14,Saturday,LPW_to_HPM,9227.0,16807.0,26034.0,0.0485731281684135,HPM_to_LPW,16807.0,9227.0,26034.0,0.1819195341335902
2019/9/15,Sunday,LPW_to_HPM,8235.0,13882.0,22117.0,0.0476650768660863,HPM_to_LPW,13882.0,8235.0,22117.0,0.1710279913266311
2019/9/16,Monday,LPW_to_HPM,10097.0,23017.0,33114.0,0.0489122273301975,HPM_to_LPW,23017.0,10097.0,33114.0,0.2269943490566968
2019/9/17,Tuesday,LPW_to_HPM,9964.0,24059.0,34023.0,0.0473288461812499,HPM_to_LPW,24059.0,9964.0,34023.0,0.2313165206857099
2019/9/18,Wednesday,LPW_to_HPM,10367.0,24285.0,34652.0,0.0486129346888247,HPM_to_LPW,24285.0,10367.0,34652.0,0.2287864942014376
2019/9/19,Thursday,LPW_to_HPM,10014.0,23127.0,33141.0,0.0469832035281974,HPM_to_LPW,23127.0,10014.0,33141.0,0.2228786199585602
2019/9/20,Friday,LPW_to_HPM,9661.0,22498.0,32159.0,0.0436201914394076,HPM_to_LPW,22498.0,9661.0,32159.0,0.2153104095089529
2019/9/21,Saturday,LPW_to_HPM,8233.0,15757.0,23990.0,0.0452116705747972,HPM_to_LPW,15757.0,8233.0,23990.0,0.1816159520516367
2019/9/22,Sunday,LPW_to_HPM,7606.0,13291.0,20897.0,0.0459955008345226,HPM_to_LPW,13291.0,7606.0,20897.0,0.1740024088814411
2019/9/23,Monday,LPW_to_HPM,8917.0,20868.0,29785.0,0.0449395732328068,HPM_to_LPW,20868.0,8917.0,29785.0,0.2261378413524057
2019/9/24,Tuesday,LPW_to_HPM,9052.0,21232.0,30284.0,0.0450471522058274,HPM_to_LPW,21232.0,9052.0,30284.0,0.2298606675399755
2019/9/25,Wednesday,LPW_to_HPM,9217.0,20324.0,29541.0,0.0469641692483287,HPM_to_LPW,20324.0,9217.0,29541.0,0.2295589314960185
2019/9/26,Thursday,LPW_to_HPM,9137.0,20000.0,29137.0,0.0471127519477773,HPM_to_LPW,20000.0,9137.0,29137.0,0.2336421303489445
2019/9/27,Friday,LPW_to_HPM,8966.0,20467.0,29433.0,0.0441379174543163,HPM_to_LPW,20467.0,8966.0,29433.0,0.2221245468950098
2019/9/28,Saturday,LPW_to_HPM,7354.0,13727.0,21081.0,0.0447838451748055,HPM_to_LPW,13727.0,7354.0,21081.0,0.1843837309262841
2019/9/29,Sunday,LPW_to_HPM,6730.0,11879.0,18609.0,0.0448735472772491,HPM_to_LPW,11879.0,6730.0,18609.0,0.1843792198922811
2019/9/30,Monday,LPW_to_HPM,7700.0,16636.0,24336.0,0.0490473976215197,HPM_to_LPW,16636.0,7700.0,24336.0,0.226840110174807
2019/10/1,Tuesday,LPW_to_HPM,9051.0,19474.0,28525.0,0.0504295791127603,HPM_to_LPW,19474.0,9051.0,28525.0,0.2287398985153166
2019/10/2,Wednesday,LPW_to_HPM,9408.0,21823.0,31231.0,0.0472751940906007,HPM_to_LPW,21823.0,9408.0,31231.0,0.2387427796254157
2019/10/3,Thursday,LPW_to_HPM,8651.0,19394.0,28045.0,0.0464752715668683,HPM_to_LPW,19394.0,8651.0,28045.0,0.2366218491496059
2019/10/4,Friday,LPW_to_HPM,9138.0,20387.0,29525.0,0.0448303775112223,HPM_to_LPW,20387.0,9138.0,29525.0,0.2205478266513771
2019/10/5,Saturday,LPW_to_HPM,7377.0,14322.0,21699.0,0.0436663904344737,HPM_to_LPW,14322.0,7377.0,21699.0,0.1934751773049645
2019/10/6,Sunday,LPW_to_HPM,6481.0,11428.0,17909.0,0.0444873079721585,HPM_to_LPW,11428.0,6481.0,17909.0,0.1866161533688232
2019/10/7,Monday,LPW_to_HPM,8035.0,18795.0,26830.0,0.0437822168459367,HPM_to_LPW,18795.0,8035.0,26830.0,0.2261760069314913
2019/10/8,Tuesday,LPW_to_HPM,8584.0,19922.0,28506.0,0.0448946930748994,HPM_to_LPW,19922.0,8584.0,28506.0,0.2230207773598423
2019/10/9,Wednesday,LPW_to_HPM,5924.0,14040.0,19964.0,0.0436937601416138,HPM_to_LPW,14040.0,5924.0,19964.0,0.2155523144238888
2019/10/10,Thursday,LPW_to_HPM,7375.0,17690.0,25065.0,0.0422488413792313,HPM_to_LPW,17690.0,7375.0,25065.0,0.222378659694025
2019/10/11,Friday,LPW_to_HPM,7753.0,18954.0,26707.0,0.0422790208150422,HPM_to_LPW,18954.0,7753.0,26707.0,0.2151858495492836
2019/10/12,Saturday,LPW_to_HPM,5684.0,12191.0,17875.0,0.0392164979750101,HPM_to_LPW,12191.0,5684.0,17875.0,0.1760001154951131
2019/10/13,Sunday,LPW_to_HPM,5117.0,10140.0,15257.0,0.0399790611913244,HPM_to_LPW,10140.0,5117.0,15257.0,0.1693075754286954
2019/10/14,Monday,LPW_to_HPM,5408.0,12432.0,17840.0,0.0417570708279605,HPM_to_LPW,12432.0,5408.0,17840.0,0.1990744447469135
2019/10/15,Tuesday,LPW_to_HPM,7576.0,18158.0,25734.0,0.0462343083467084,HPM_to_LPW,18158.0,7576.0,25734.0,0.2218448381185094
2019/10/16,Wednesday,LPW_to_HPM,7631.0,18322.0,25953.0,0.0459527164552998,HPM_to_LPW,18322.0,7631.0,25953.0,0.2280955107935164
2019/10/17,Thursday,LPW_to_HPM,7603.0,18365.0,25968.0,0.0442281738644825,HPM_to_LPW,18365.0,7603.0,25968.0,0.2241438230771108
2019/10/18,Friday,LPW_to_HPM,7880.0,19364.0,27244.0,0.0432959896265446,HPM_to_LPW,19364.0,7880.0,27244.0,0.2160606094417727
2019/10/19,Saturday,LPW_to_HPM,7013.0,13985.0,20998.0,0.0438883047962351,HPM_to_LPW,13985.0,7013.0,20998.0,0.1786763766449469
2019/10/20,Sunday,LPW_to_HPM,5701.0,10830.0,16531.0,0.0436537106802658,HPM_to_LPW,10830.0,5701.0,16531.0,0.1733271449834355
2019/10/21,Monday,LPW_to_HPM,7441.0,18447.0,25888.0,0.0459988254566809,HPM_to_LPW,18447.0,7441.0,25888.0,0.2200157435236868
2019/10/22,Tuesday,LPW_to_HPM,7577.0,18502.0,26079.0,0.0470606502903636,HPM_to_LPW,18502.0,7577.0,26079.0,0.2284620608754707
2019/10/23,Wednesday,LPW_to_HPM,8024.0,19646.0,27670.0,0.0449770742480465,HPM_to_LPW,19646.0,8024.0,27670.0,0.2233058264566141
2019/10/24,Thursday,LPW_to_HPM,7883.0,19848.0,27731.0,0.0442715938447714,HPM_to_LPW,19848.0,7883.0,27731.0,0.2267850409625338
2019/10/25,Friday,LPW_to_HPM,7739.0,19323.0,27062.0,0.0421394811926905,HPM_to_LPW,19323.0,7739.0,27062.0,0.2154228633860286
2019/10/26,Saturday,LPW_to_HPM,6455.0,13165.0,19620.0,0.0421350148174258,HPM_to_LPW,13165.0,6455.0,19620.0,0.1787945458496306
2019/10/27,Sunday,LPW_to_HPM,5070.0,9326.0,14396.0,0.0432715696399156,HPM_to_LPW,9326.0,5070.0,14396.0,0.1760021136861176
2019/10/28,Monday,LPW_to_HPM,7485.0,17022.0,24507.0,0.0459140484106439,HPM_to_LPW,17022.0,7485.0,24507.0,0.216796576493963
2019/10/29,Tuesday,LPW_to_HPM,7307.0,17396.0,24703.0,0.044856290439416,HPM_to_LPW,17396.0,7307.0,24703.0,0.2256846693737756
2019/10/30,Wednesday,LPW_to_HPM,7061.0,17614.0,24675.0,0.0426357993382122,HPM_to_LPW,17614.0,7061.0,24675.0,0.2245080044865912
2019/10/31,Thursday,LPW_to_HPM,6359.0,17723.0,24082.0,0.0371847425019443,HPM_to_LPW,17723.0,6359.0,24082.0,0.2292666520057436
2019/11/1,Friday,LPW_to_HPM,7088.0,18067.0,25155.0,0.0403121232113201,HPM_to_LPW,18067.0,7088.0,25155.0,0.2100374340254365
2019/11/2,Saturday,LPW_to_HPM,5790.0,11813.0,17603.0,0.0389516031376559,HPM_to_LPW,11813.0,5790.0,17603.0,0.1710467254535713
2019/11/3,Sunday,LPW_to_HPM,5139.0,9666.0,14805.0,0.0396457418822276,HPM_to_LPW,9666.0,5139.0,14805.0,0.1597131574164339
2019/11/4,Monday,LPW_to_HPM,6960.0,16639.0,23599.0,0.0431095887865517,HPM_to_LPW,16639.0,6960.0,23599.0,0.2086866001103697
2019/11/5,Tuesday,LPW_to_HPM,6282.0,15082.0,21364.0,0.0411314083677077,HPM_to_LPW,15082.0,6282.0,21364.0,0.2154479093753125
2019/11/6,Wednesday,LPW_to_HPM,6962.0,17953.0,24915.0,0.0420154374445537,HPM_to_LPW,17953.0,6962.0,24915.0,0.2260513724502644
2019/11/7,Thursday,LPW_to_HPM,6996.0,17544.0,24540.0,0.0415523324186593,HPM_to_LPW,17544.0,6996.0,24540.0,0.2211465738919981
2019/11/8,Friday,LPW_to_HPM,6739.0,17139.0,23878.0,0.0396944136842353,HPM_to_LPW,17139.0,6739.0,23878.0,0.2147555978798852
2019/11/9,Saturday,LPW_to_HPM,5605.0,11638.0,17243.0,0.0394171466345984,HPM_to_LPW,11638.0,5605.0,17243.0,0.1759654056669388
2019/11/10,Sunday,LPW_to_HPM,5226.0,9897.0,15123.0,0.0400945205689647,HPM_to_LPW,9897.0,5226.0,15123.0,0.1681647494605203
2019/11/11,Monday,LPW_to_HPM,5814.0,14097.0,19911.0,0.0399304959375837,HPM_to_LPW,14097.0,5814.0,19911.0,0.215435164667227
2019/11/12,Tuesday,LPW_to_HPM,6878.0,16723.0,23601.0,0.0431720605588892,HPM_to_LPW,16723.0,6878.0,23601.0,0.227474291310735
2019/11/13,Wednesday,LPW_to_HPM,6972.0,16883.0,23855.0,0.0428697919228688,HPM_to_LPW,16883.0,6972.0,23855.0,0.2244572370607708
2019/11/14,Thursday,LPW_to_HPM,7080.0,17652.0,24732.0,0.041434039116542,HPM_to_LPW,17652.0,7080.0,24732.0,0.2231549139086243
2019/11/15,Friday,LPW_to_HPM,7226.0,17995.0,25221.0,0.0405706617857604,HPM_to_LPW,17995.0,7226.0,25221.0,0.212275279573444
2019/11/16,Saturday,LPW_to_HPM,5803.0,11882.0,17685.0,0.0389431723619574,HPM_to_LPW,11882.0,5803.0,17685.0,0.1757302373733639
2019/11/17,Sunday,LPW_to_HPM,4925.0,9496.0,14421.0,0.0386316928917685,HPM_to_LPW,9496.0,4925.0,14421.0,0.1678331565924355
2019/11/18,Monday,LPW_to_HPM,6493.0,16274.0,22767.0,0.0416217948717948,HPM_to_LPW,16274.0,6493.0,22767.0,0.2222282912974013
2019/11/19,Tuesday,LPW_to_HPM,6981.0,17153.0,24134.0,0.04234476316412,HPM_to_LPW,17153.0,6981.0,24134.0,0.2257448936618235
2019/11/20,Wednesday,LPW_to_HPM,6901.0,17091.0,23992.0,0.0417130077369439,HPM_to_LPW,17091.0,6901.0,23992.0,0.2266951400679117
2019/11/21,Thursday,LPW_to_HPM,6991.0,17511.0,24502.0,0.0409570510454564,HPM_to_LPW,17511.0,6991.0,24502.0,0.2244194391756805
2019/11/22,Friday,LPW_to_HPM,7075.0,17673.0,24748.0,0.0404073287186165,HPM_to_LPW,17673.0,7075.0,24748.0,0.2187577362974699
2019/11/23,Saturday,LPW_to_HPM,5520.0,11477.0,16997.0,0.0386311148435859,HPM_to_LPW,11477.0,5520.0,16997.0,0.1761302599674657
2019/11/24,Sunday,LPW_to_HPM,4729.0,8550.0,13279.0,0.0393801109205069,HPM_to_LPW,8550.0,4729.0,13279.0,0.1633331423004183
2019/11/25,Monday,LPW_to_HPM,7027.0,17209.0,24236.0,0.0418403315311882,HPM_to_LPW,17209.0,7027.0,24236.0,0.2190331941757458
2019/11/26,Tuesday,LPW_to_HPM,7088.0,17556.0,24644.0,0.0415852621080113,HPM_to_LPW,17556.0,7088.0,24644.0,0.218809980806142
2019/11/27,Wednesday,LPW_to_HPM,6963.0,16808.0,23771.0,0.0408114222748426,HPM_to_LPW,16808.0,6963.0,23771.0,0.2027625309126002
2019/11/28,Thursday,LPW_to_HPM,3953.0,6849.0,10802.0,0.0434190437485583,HPM_to_LPW,6849.0,3953.0,10802.0,0.1274611977518889
2019/11/29,Friday,LPW_to_HPM,5143.0,11411.0,16554.0,0.0433580346830555,HPM_to_LPW,11411.0,5143.0,16554.0,0.1801063812996196
2019/11/30,Saturday,LPW_to_HPM,4951.0,10336.0,15287.0,0.0414410191594612,HPM_to_LPW,10336.0,4951.0,15287.0,0.1674822568623002
2019/12/1,Sunday,LPW_to_HPM,4031.0,8082.0,12113.0,0.0399148430537677,HPM_to_LPW,8082.0,4031.0,12113.0,0.1667285555142963
2019/12/2,Monday,LPW_to_HPM,5985.0,15485.0,21470.0,0.0415319278864169,HPM_to_LPW,15485.0,5985.0,21470.0,0.2236068793230422
2019/12/3,Tuesday,LPW_to_HPM,6802.0,16991.0,23793.0,0.0421087820520757,HPM_to_LPW,16991.0,6802.0,23793.0,0.2202504407342113
2019/12/4,Wednesday,LPW_to_HPM,7072.0,17608.0,24680.0,0.0423017107309486,HPM_to_LPW,17608.0,7072.0,24680.0,0.2221521303036802
2019/12/5,Thursday,LPW_to_HPM,7106.0,18086.0,25192.0,0.0413548274457312,HPM_to_LPW,18086.0,7106.0,25192.0,0.2241223341635996
2019/12/6,Friday,LPW_to_HPM,7254.0,18378.0,25632.0,0.0404419963427144,HPM_to_LPW,18378.0,7254.0,25632.0,0.2143681982013507
2019/12/7,Saturday,LPW_to_HPM,5540.0,12361.0,17901.0,0.0369136460554371,HPM_to_LPW,12361.0,5540.0,17901.0,0.1805738159932217
2019/12/8,Sunday,LPW_to_HPM,4893.0,9777.0,14670.0,0.0371120415035951,HPM_to_LPW,9777.0,4893.0,14670.0,0.1699815709864738
2019/12/9,Monday,LPW_to_HPM,6351.0,16205.0,22556.0,0.041184900815138,HPM_to_LPW,16205.0,6351.0,22556.0,0.2207224386390258
2019/12/10,Tuesday,LPW_to_HPM,6824.0,17802.0,24626.0,0.0412950075642965,HPM_to_LPW,17802.0,6824.0,24626.0,0.2262553856712548
2019/12/11,Wednesday,LPW_to_HPM,6955.0,17611.0,24566.0,0.0420383936558593,HPM_to_LPW,17611.0,6955.0,24566.0,0.2273648605032469
2019/12/12,Thursday,LPW_to_HPM,7328.0,18464.0,25792.0,0.0418984671153065,HPM_to_LPW,18464.0,7328.0,25792.0,0.2244071998930468
2019/12/13,Friday,LPW_to_HPM,7204.0,18699.0,25903.0,0.0402503072969046,HPM_to_LPW,18699.0,7204.0,25903.0,0.2194950170792689
2019/12/14,Saturday,LPW_to_HPM,5745.0,12951.0,18696.0,0.0381226028215371,HPM_to_LPW,12951.0,5745.0,18696.0,0.1840153452685422
2019/12/15,Sunday,LPW_to_HPM,5066.0,10333.0,15399.0,0.0372839942300332,HPM_to_LPW,10333.0,5066.0,15399.0,0.1749458214817824
2019/12/16,Monday,LPW_to_HPM,6966.0,17412.0,24378.0,0.0417508256066935,HPM_to_LPW,17412.0,6966.0,24378.0,0.2169368202035807
2019/12/17,Tuesday,LPW_to_HPM,6550.0,16884.0,23434.0,0.0413972684123041,HPM_to_LPW,16884.0,6550.0,23434.0,0.2264788732394366
2019/12/18,Wednesday,LPW_to_HPM,7235.0,18277.0,25512.0,0.0415570540729933,HPM_to_LPW,18277.0,7235.0,25512.0,0.2221992584037444
2019/12/19,Thursday,LPW_to_HPM,7043.0,17539.0,24582.0,0.0408495879081043,HPM_to_LPW,17539.0,7043.0,24582.0,0.2211309336191136
2019/12/20,Friday,LPW_to_HPM,7170.0,18091.0,25261.0,0.0405004660095461,HPM_to_LPW,18091.0,7170.0,25261.0,0.2132945046394001
2019/12/21,Saturday,LPW_to_HPM,5362.0,12322.0,17684.0,0.0379183786039078,HPM_to_LPW,12322.0,5362.0,17684.0,0.1746711272397369
2019/12/22,Sunday,LPW_to_HPM,4986.0,10738.0,15724.0,0.0375056416428463,HPM_to_LPW,10738.0,4986.0,15724.0,0.167991239048811
2019/12/23,Monday,LPW_to_HPM,6262.0,15413.0,21675.0,0.0413937162461412,HPM_to_LPW,15413.0,6262.0,21675.0,0.202052908943132
2019/12/24,Tuesday,LPW_to_HPM,5771.0,12845.0,18616.0,0.0433942401684337,HPM_to_LPW,12845.0,5771.0,18616.0,0.1725110463476544
2019/12/25,Wednesday,LPW_to_HPM,3700.0,6491.0,10191.0,0.0430893930218474,HPM_to_LPW,6491.0,3700.0,10191.0,0.129594505560325
2019/12/26,Thursday,LPW_to_HPM,5184.0,12050.0,17234.0,0.0433459313020502,HPM_to_LPW,12050.0,5184.0,17234.0,0.1970789787874327
2019/12/27,Friday,LPW_to_HPM,5535.0,13763.0,19298.0,0.0428276294307445,HPM_to_LPW,13763.0,5535.0,19298.0,0.2010282926544264
2019/12/28,Saturday,LPW_to_HPM,4931.0,11196.0,16127.0,0.0413914094568164,HPM_to_LPW,11196.0,4931.0,16127.0,0.1754089114495206
2019/12/29,Sunday,LPW_to_HPM,4646.0,9115.0,13761.0,0.0427784836933502,HPM_to_LPW,9115.0,4646.0,13761.0,0.1677000349566721
2019/12/30,Monday,LPW_to_HPM,5569.0,12354.0,17923.0,0.0449827548605445,HPM_to_LPW,12354.0,5569.0,17923.0,0.2009499333094765
2019/12/31,Tuesday,LPW_to_HPM,5669.0,12557.0,18226.0,0.0415308312759613,HPM_to_LPW,12557.0,5669.0,18226.0,0.1683401927794833
