Date,Day of Week,flow_type_HPM_to_LPW,total_od_flow_HPM_to_LPW,total_do_flow_HPM_to_LPW,total_flow_HPM_to_LPW,origin_total_flow_HPM_to_LPW,flow_share_HPM_to_LPW,log_flow_share_HPM_to_LPW
2019/1/1,Tuesday,HPM_to_LPW,4336.0,2257.0,6593.0,45675.0,0.0949315818281335,-2.354598838126726
2019/1/2,Wednesday,HPM_to_LPW,6948.0,3889.0,10837.0,57278.0,0.1213031181256328,-2.1094627574628304
2019/1/3,Thursday,HPM_to_LPW,7714.0,4083.0,11797.0,61017.0,0.1264237835357359,-2.068115654085432
2019/1/4,Friday,HPM_to_LPW,8564.0,4184.0,12748.0,67037.0,0.127750346823396,-2.057677335041766
2019/1/5,Saturday,HPM_to_LPW,6214.0,3112.0,9326.0,58284.0,0.1066158808592409,-2.238522802180753
2019/1/6,Sunday,HPM_to_LPW,5510.0,2923.0,8433.0,56966.0,0.0967243619000807,-2.335889975469989
2019/1/7,Monday,HPM_to_LPW,7439.0,3989.0,11428.0,63219.0,0.1176703206314557,-2.1398684576739813
2019/1/8,Tuesday,HPM_to_LPW,8195.0,4428.0,12623.0,66120.0,0.123941318814277,-2.087947060757031
2019/1/9,Wednesday,HPM_to_LPW,9000.0,4779.0,13779.0,71791.0,0.1253639035533702,-2.076534542671803
2019/1/10,Thursday,HPM_to_LPW,9526.0,4854.0,14380.0,73758.0,0.1291520919764635,-2.046764561534591
2019/1/11,Friday,HPM_to_LPW,9485.0,4757.0,14242.0,74862.0,0.1266997942881568,-2.065934815269962
2019/1/12,Saturday,HPM_to_LPW,6869.0,3641.0,10510.0,64366.0,0.1067178323959854,-2.237567008153168
2019/1/13,Sunday,HPM_to_LPW,5846.0,3371.0,9217.0,61612.0,0.0948841134843861,-2.3550989900731576
2019/1/14,Monday,HPM_to_LPW,7599.0,4299.0,11898.0,62453.0,0.1216754999759819,-2.106397614160876
2019/1/15,Tuesday,HPM_to_LPW,7676.0,4421.0,12097.0,63270.0,0.1213213213213213,-2.10931270501334
2019/1/16,Wednesday,HPM_to_LPW,7940.0,4735.0,12675.0,64983.0,0.1221858024406383,-2.1022124219679066
2019/1/17,Thursday,HPM_to_LPW,7517.0,4622.0,12139.0,61979.0,0.1212830152148308,-2.1096284957972617
2019/1/18,Friday,HPM_to_LPW,8368.0,4812.0,13180.0,68487.0,0.1221837721027348,-2.102229038913018
2019/1/19,Saturday,HPM_to_LPW,6589.0,3719.0,10308.0,61032.0,0.1079597588150478,-2.225996724856246
2019/1/20,Sunday,HPM_to_LPW,5488.0,3113.0,8601.0,54636.0,0.1004465919906288,-2.298129115717062
2019/1/21,Monday,HPM_to_LPW,7027.0,3847.0,10874.0,56082.0,0.1252986698049285,-2.077055033218441
2019/1/22,Tuesday,HPM_to_LPW,7755.0,4945.0,12700.0,61996.0,0.1250887154009936,-2.0787320702063026
2019/1/23,Wednesday,HPM_to_LPW,7744.0,4887.0,12631.0,62535.0,0.123834652594547,-2.088808050026594
2019/1/24,Thursday,HPM_to_LPW,7961.0,5055.0,13016.0,63101.0,0.1261628183388536,-2.070181997175689
2019/1/25,Friday,HPM_to_LPW,8283.0,4734.0,13017.0,67389.0,0.1229132350977162,-2.096276578235016
2019/1/26,Saturday,HPM_to_LPW,6300.0,3748.0,10048.0,59121.0,0.106561120414066,-2.2390365578490687
2019/1/27,Sunday,HPM_to_LPW,5252.0,3171.0,8423.0,52831.0,0.0994113304688535,-2.308489183195561
2019/1/28,Monday,HPM_to_LPW,7278.0,4696.0,11974.0,59988.0,0.1213242648529706,-2.1092884430294654
2019/1/29,Tuesday,HPM_to_LPW,7154.0,4808.0,11962.0,57521.0,0.1243719684984614,-2.0844784576821453
2019/1/30,Wednesday,HPM_to_LPW,7549.0,4794.0,12343.0,60506.0,0.1247644861666611,-2.081327429515656
2019/1/31,Thursday,HPM_to_LPW,7467.0,4830.0,12297.0,62090.0,0.1202609115799645,-2.118091633323237
2019/2/1,Friday,HPM_to_LPW,7866.0,4818.0,12684.0,68625.0,0.1146229508196721,-2.166107225820077
2019/2/2,Saturday,HPM_to_LPW,5025.0,3411.0,8436.0,53538.0,0.0938585677462736,-2.365966228200931
2019/2/3,Sunday,HPM_to_LPW,4343.0,2933.0,7276.0,51845.0,0.0837689266081589,-2.479693144457557
2019/2/4,Monday,HPM_to_LPW,6535.0,4431.0,10966.0,60063.0,0.1088024241213392,-2.218221664281488
2019/2/5,Tuesday,HPM_to_LPW,7096.0,4725.0,11821.0,61424.0,0.1155248762698619,-2.158269393251164
2019/2/6,Wednesday,HPM_to_LPW,7777.0,4767.0,12544.0,63018.0,0.1234091846773937,-2.0922497401558875
2019/2/7,Thursday,HPM_to_LPW,7765.0,4777.0,12542.0,61709.0,0.1258325365829943,-2.072803330771987
2019/2/8,Friday,HPM_to_LPW,8200.0,4816.0,13016.0,66344.0,0.1235982153623538,-2.090719172878696
2019/2/9,Saturday,HPM_to_LPW,6214.0,3836.0,10050.0,58729.0,0.1058080335098503,-2.2461288313455645
2019/2/10,Sunday,HPM_to_LPW,4773.0,3092.0,7865.0,49902.0,0.095647469039317,-2.3470860440908465
2019/2/11,Monday,HPM_to_LPW,7342.0,4606.0,11948.0,60744.0,0.1208679046490188,-2.1130570268362905
2019/2/12,Tuesday,HPM_to_LPW,8258.0,4865.0,13123.0,65004.0,0.1270383361023937,-2.0632663789998635
2019/2/13,Wednesday,HPM_to_LPW,7264.0,4712.0,11976.0,61066.0,0.1189532636819179,-2.129024605182769
2019/2/14,Thursday,HPM_to_LPW,7192.0,4579.0,11771.0,61660.0,0.1166396367174829,-2.1486661252886856
2019/2/15,Friday,HPM_to_LPW,7745.0,4389.0,12134.0,64209.0,0.1206217196966157,-2.1150959139177044
2019/2/16,Saturday,HPM_to_LPW,6178.0,3755.0,9933.0,58000.0,0.1065172413793103,-2.23944841605003
2019/2/17,Sunday,HPM_to_LPW,5053.0,3143.0,8196.0,50414.0,0.1002300948149323,-2.300286787972226
2019/2/18,Monday,HPM_to_LPW,6704.0,3725.0,10429.0,54683.0,0.1225975165956513,-2.0988485118381104
2019/2/19,Tuesday,HPM_to_LPW,7772.0,4740.0,12512.0,62885.0,0.1235906814025602,-2.090780129983925
2019/2/20,Wednesday,HPM_to_LPW,7791.0,4744.0,12535.0,63071.0,0.1235274531876773,-2.091291854599908
2019/2/21,Thursday,HPM_to_LPW,7772.0,4602.0,12374.0,61708.0,0.125948013223569,-2.0718860506345
2019/2/22,Friday,HPM_to_LPW,8128.0,4619.0,12747.0,66371.0,0.1224631239547392,-2.0999453232565664
2019/2/23,Saturday,HPM_to_LPW,6257.0,3461.0,9718.0,58843.0,0.1063338035110378,-2.24117204314128
2019/2/24,Sunday,HPM_to_LPW,5119.0,2984.0,8103.0,53301.0,0.0960394739310707,-2.3429959852464326
2019/2/25,Monday,HPM_to_LPW,7328.0,4563.0,11891.0,61827.0,0.1185242693321688,-2.132637534885652
2019/2/26,Tuesday,HPM_to_LPW,7285.0,4742.0,12027.0,61215.0,0.1190067793841378,-2.1285748178787114
2019/2/27,Wednesday,HPM_to_LPW,7256.0,4628.0,11884.0,60737.0,0.1194658939361509,-2.12472435473877
2019/2/28,Thursday,HPM_to_LPW,7327.0,4658.0,11985.0,61163.0,0.1197946470905612,-2.1219762763477985
2019/3/1,Friday,HPM_to_LPW,7703.0,4666.0,12369.0,66833.0,0.1152574327054,-2.160587107164076
2019/3/2,Saturday,HPM_to_LPW,5661.0,3543.0,9204.0,57488.0,0.0984727247425549,-2.3179756753166405
2019/3/3,Sunday,HPM_to_LPW,4966.0,3115.0,8081.0,53342.0,0.0930973716771024,-2.3741093262780484
2019/3/4,Monday,HPM_to_LPW,7446.0,4677.0,12123.0,62818.0,0.1185329045814893,-2.132564681158581
2019/3/5,Tuesday,HPM_to_LPW,7206.0,4763.0,11969.0,59944.0,0.1202121980515147,-2.1184967807361086
2019/3/6,Wednesday,HPM_to_LPW,6496.0,4574.0,11070.0,57357.0,0.1132555747336855,-2.178108290809
2019/3/7,Thursday,HPM_to_LPW,7731.0,4875.0,12606.0,63354.0,0.1220286011932948,-2.1034998257140947
2019/3/8,Friday,HPM_to_LPW,7928.0,4722.0,12650.0,63821.0,0.1242224346218329,-2.08568149276891
2019/3/9,Saturday,HPM_to_LPW,6028.0,3660.0,9688.0,56631.0,0.106443467358867,-2.240141257690458
2019/3/10,Sunday,HPM_to_LPW,5009.0,2979.0,7988.0,49720.0,0.1007441673370876,-2.2951709722670315
2019/3/11,Monday,HPM_to_LPW,7319.0,4647.0,11966.0,59053.0,0.1239395119638291,-2.0879616391368296
2019/3/12,Tuesday,HPM_to_LPW,7130.0,4493.0,11623.0,57847.0,0.1232561757740245,-2.0934903596146905
2019/3/13,Wednesday,HPM_to_LPW,7352.0,4748.0,12100.0,58369.0,0.1259572718395038,-2.0718125419271565
2019/3/14,Thursday,HPM_to_LPW,7189.0,4782.0,11971.0,58251.0,0.1234141903143293,-2.0922091796786924
2019/3/15,Friday,HPM_to_LPW,8054.0,4694.0,12748.0,63981.0,0.1258811209577843,-2.072417301854303
2019/3/16,Saturday,HPM_to_LPW,6716.0,3682.0,10398.0,58662.0,0.1144863795983771,-2.167299418536296
2019/3/17,Sunday,HPM_to_LPW,5402.0,3252.0,8654.0,51392.0,0.1051136363636363,-2.2527132629538733
2019/3/18,Monday,HPM_to_LPW,6854.0,4205.0,11059.0,57245.0,0.1197309808716918,-2.122507878923359
2019/3/19,Tuesday,HPM_to_LPW,7585.0,4501.0,12086.0,60582.0,0.1252022052754943,-2.077825206449744
2019/3/20,Wednesday,HPM_to_LPW,7395.0,4396.0,11791.0,58519.0,0.1263692134178642,-2.0685473916681736
2019/3/21,Thursday,HPM_to_LPW,7264.0,4352.0,11616.0,58526.0,0.1241157776031165,-2.086540458647085
2019/3/22,Friday,HPM_to_LPW,7746.0,4602.0,12348.0,62767.0,0.1234087976165819,-2.092252876562791
2019/3/23,Saturday,HPM_to_LPW,6494.0,3522.0,10016.0,57256.0,0.1134204275534441,-2.176653766755643
2019/3/24,Sunday,HPM_to_LPW,5497.0,3074.0,8571.0,51107.0,0.1075586514567476,-2.229718985250739
2019/3/25,Monday,HPM_to_LPW,7278.0,4432.0,11710.0,58772.0,0.1238344790036071,-2.088809451823732
2019/3/26,Tuesday,HPM_to_LPW,7159.0,4638.0,11797.0,57644.0,0.1241933245437513,-2.085915858562067
2019/3/27,Wednesday,HPM_to_LPW,7319.0,4809.0,12128.0,58894.0,0.1242741196047135,-2.0852655112774414
2019/3/28,Thursday,HPM_to_LPW,7585.0,4845.0,12430.0,59473.0,0.1275368654683638,-2.059349815248495
2019/3/29,Friday,HPM_to_LPW,7756.0,4632.0,12388.0,61802.0,0.1254975567133749,-2.075468989019134
2019/3/30,Saturday,HPM_to_LPW,6336.0,3544.0,9880.0,56546.0,0.1120503660736391,-2.1888068116844104
2019/3/31,Sunday,HPM_to_LPW,5221.0,3021.0,8242.0,49763.0,0.1049173080401101,-2.254582781574244
2019/4/1,Monday,HPM_to_LPW,6594.0,4111.0,10705.0,53617.0,0.1229833821362627,-2.095706037320396
2019/4/2,Tuesday,HPM_to_LPW,6836.0,4593.0,11429.0,55613.0,0.1229208997896175,-2.096214221622845
2019/4/3,Wednesday,HPM_to_LPW,6773.0,4568.0,11341.0,55457.0,0.1221306597904682,-2.102663825451756
2019/4/4,Thursday,HPM_to_LPW,7108.0,4559.0,11667.0,55637.0,0.1277567086650969,-2.0576275372646355
2019/4/5,Friday,HPM_to_LPW,7429.0,4574.0,12003.0,59531.0,0.1247921251112865,-2.0811059251075226
2019/4/6,Saturday,HPM_to_LPW,5955.0,3747.0,9702.0,53781.0,0.1107268366151614,-2.2006890421335483
2019/4/7,Sunday,HPM_to_LPW,5074.0,3164.0,8238.0,48400.0,0.1048347107438016,-2.2553703525454964
2019/4/8,Monday,HPM_to_LPW,6664.0,4513.0,11177.0,54050.0,0.1232932469935245,-2.093189639220676
2019/4/9,Tuesday,HPM_to_LPW,7052.0,4719.0,11771.0,55183.0,0.1277929797220158,-2.0573436703001216
2019/4/10,Wednesday,HPM_to_LPW,6950.0,4711.0,11661.0,54957.0,0.1264625070509671,-2.067809401694732
2019/4/11,Thursday,HPM_to_LPW,6813.0,4617.0,11430.0,53502.0,0.1273410339800381,-2.0608864845892665
2019/4/12,Friday,HPM_to_LPW,7886.0,4777.0,12663.0,60890.0,0.1295122351781902,-2.043979922165047
2019/4/13,Saturday,HPM_to_LPW,6512.0,3725.0,10237.0,55644.0,0.117029688735533,-2.1453276264970853
2019/4/14,Sunday,HPM_to_LPW,5097.0,3127.0,8224.0,49286.0,0.1034167917867142,-2.2689879337027885
2019/4/15,Monday,HPM_to_LPW,7123.0,4638.0,11761.0,54734.0,0.1301384879599517,-2.0391561035477888
2019/4/16,Tuesday,HPM_to_LPW,7254.0,4549.0,11803.0,53688.0,0.1351139919535091,-2.001636471995228
2019/4/17,Wednesday,HPM_to_LPW,7248.0,4656.0,11904.0,54400.0,0.133235294117647,-2.015638585121219
2019/4/18,Thursday,HPM_to_LPW,7479.0,4641.0,12120.0,54796.0,0.1364880648222498,-1.9915181053796127
2019/4/19,Friday,HPM_to_LPW,7627.0,4326.0,11953.0,58691.0,0.1299517813634117,-2.0405918099207843
2019/4/20,Saturday,HPM_to_LPW,6034.0,3275.0,9309.0,52812.0,0.1142543361357267,-2.169328296880085
2019/4/21,Sunday,HPM_to_LPW,4598.0,2704.0,7302.0,44965.0,0.1022573112420771,-2.28026298302549
2019/4/22,Monday,HPM_to_LPW,6930.0,4757.0,11687.0,57781.0,0.1199356189750956,-2.1208001887131656
2019/4/23,Tuesday,HPM_to_LPW,7402.0,4968.0,12370.0,61232.0,0.1208845048340736,-2.1129196947193827
2019/4/24,Wednesday,HPM_to_LPW,7629.0,5202.0,12831.0,63779.0,0.1196161746029257,-2.1234672074546985
2019/4/25,Thursday,HPM_to_LPW,7505.0,5260.0,12765.0,63348.0,0.1184725642482793,-2.1330738705440546
2019/4/26,Friday,HPM_to_LPW,8351.0,5203.0,13554.0,68750.0,0.1214690909090909,-2.1080954443755884
2019/4/27,Saturday,HPM_to_LPW,6608.0,3959.0,10567.0,60123.0,0.1099080218884619,-2.2081114276207248
2019/4/28,Sunday,HPM_to_LPW,5359.0,3448.0,8807.0,53276.0,0.1005893835873564,-2.296708557826071
2019/4/29,Monday,HPM_to_LPW,7055.0,4834.0,11889.0,59530.0,0.1185116747858222,-2.132743801860522
2019/4/30,Tuesday,HPM_to_LPW,7073.0,4986.0,12059.0,60272.0,0.1173513405893283,-2.142582932895833
2019/5/1,Wednesday,HPM_to_LPW,7664.0,5492.0,13156.0,64580.0,0.1186745122328894,-2.1313707246615703
2019/5/2,Thursday,HPM_to_LPW,7667.0,5046.0,12713.0,61312.0,0.1250489300626305,-2.079050177771638
2019/5/3,Friday,HPM_to_LPW,8283.0,4906.0,13189.0,66274.0,0.1249811389081691,-2.079592441799333
2019/5/4,Saturday,HPM_to_LPW,6484.0,3894.0,10378.0,58229.0,0.1113534493121983,-2.1950459085497585
2019/5/5,Sunday,HPM_to_LPW,5305.0,3293.0,8598.0,50751.0,0.1045299600007881,-2.258281550095319
2019/5/6,Monday,HPM_to_LPW,7089.0,4744.0,11833.0,57471.0,0.12334916740617,-2.0927361858781937
2019/5/7,Tuesday,HPM_to_LPW,7034.0,4723.0,11757.0,56303.0,0.1249311759586522,-2.0799922856422364
2019/5/8,Wednesday,HPM_to_LPW,7493.0,5120.0,12613.0,59246.0,0.126472673260642,-2.0677290158056048
2019/5/9,Thursday,HPM_to_LPW,7977.0,5082.0,13059.0,60405.0,0.1320586044201639,-2.024509482042535
2019/5/10,Friday,HPM_to_LPW,8244.0,5071.0,13315.0,66451.0,0.1240613384298204,-2.086979170926763
2019/5/11,Saturday,HPM_to_LPW,6524.0,3911.0,10435.0,58664.0,0.1112096004363834,-2.196338566032732
2019/5/12,Sunday,HPM_to_LPW,5441.0,3302.0,8743.0,52152.0,0.1043296517870839,-2.26019966411845
2019/5/13,Monday,HPM_to_LPW,7223.0,4711.0,11934.0,57835.0,0.1248897726290308,-2.0803237496786555
2019/5/14,Tuesday,HPM_to_LPW,7447.0,4970.0,12417.0,58655.0,0.1269627482738044,-2.063861556229176
2019/5/15,Wednesday,HPM_to_LPW,7603.0,4857.0,12460.0,59204.0,0.1284203770015539,-2.052446200928644
2019/5/16,Thursday,HPM_to_LPW,7334.0,4838.0,12172.0,59101.0,0.1240926549466168,-2.086726775093542
2019/5/17,Friday,HPM_to_LPW,7994.0,4869.0,12863.0,63581.0,0.1257293845645711,-2.0736234232862585
2019/5/18,Saturday,HPM_to_LPW,6302.0,3748.0,10050.0,55914.0,0.1127088028043066,-2.1829477526964904
2019/5/19,Sunday,HPM_to_LPW,4819.0,3226.0,8045.0,45372.0,0.1062108789561844,-2.2423287370386005
2019/5/20,Monday,HPM_to_LPW,6686.0,4446.0,11132.0,54043.0,0.1237162999833466,-2.0897642379869747
2019/5/21,Tuesday,HPM_to_LPW,6993.0,4516.0,11509.0,54989.0,0.1271708887231991,-2.062223516508075
2019/5/22,Wednesday,HPM_to_LPW,7159.0,4719.0,11878.0,55703.0,0.1285209055167585,-2.051663699032888
2019/5/23,Thursday,HPM_to_LPW,7162.0,4591.0,11753.0,55773.0,0.1284133899915729,-2.0525006097399494
2019/5/24,Friday,HPM_to_LPW,7491.0,4568.0,12059.0,61369.0,0.122064886180319,-2.1032025216960166
2019/5/25,Saturday,HPM_to_LPW,6039.0,3580.0,9619.0,53384.0,0.1131237824067136,-2.1792726402755416
2019/5/26,Sunday,HPM_to_LPW,4388.0,2816.0,7204.0,43219.0,0.1015294199310488,-2.28740667096171
2019/5/27,Monday,HPM_to_LPW,4750.0,2488.0,7238.0,42459.0,0.1118726300666525,-2.190394286373262
2019/5/28,Tuesday,HPM_to_LPW,6656.0,4412.0,11068.0,52751.0,0.1261777027923641,-2.070064026003552
2019/5/29,Wednesday,HPM_to_LPW,7297.0,4728.0,12025.0,57852.0,0.1261321994053792,-2.070424720428002
2019/5/30,Thursday,HPM_to_LPW,7065.0,4584.0,11649.0,55371.0,0.1275938668255946,-2.0589029748567733
2019/5/31,Friday,HPM_to_LPW,7966.0,4784.0,12750.0,62130.0,0.1282150329953323,-2.0540464793161504
2019/6/1,Saturday,HPM_to_LPW,5909.0,3767.0,9676.0,53725.0,0.1099860400186133,-2.2074018301650367
2019/6/2,Sunday,HPM_to_LPW,5039.0,3129.0,8168.0,49480.0,0.1018391269199676,-2.2843608978258265
2019/6/3,Monday,HPM_to_LPW,7092.0,4579.0,11671.0,56524.0,0.1254688274007501,-2.0756979385085383
2019/6/4,Tuesday,HPM_to_LPW,7345.0,4713.0,12058.0,58992.0,0.1245084079197179,-2.0833820318659484
2019/6/5,Wednesday,HPM_to_LPW,7486.0,4848.0,12334.0,60512.0,0.1237109994711792,-2.0898070829938105
2019/6/6,Thursday,HPM_to_LPW,7657.0,4761.0,12418.0,61284.0,0.1249428888453756,-2.079898535322521
2019/6/7,Friday,HPM_to_LPW,7794.0,4897.0,12691.0,62340.0,0.12502406159769,-2.079249067422674
2019/6/8,Saturday,HPM_to_LPW,6533.0,3788.0,10321.0,57169.0,0.1142752190872675,-2.1691455375728395
2019/6/9,Sunday,HPM_to_LPW,5729.0,3136.0,8865.0,49784.0,0.1150771332154909,-2.162152651840476
2019/6/10,Monday,HPM_to_LPW,6913.0,4533.0,11446.0,55233.0,0.1251606829250629,-2.078156903780052
2019/6/11,Tuesday,HPM_to_LPW,7024.0,4773.0,11797.0,55261.0,0.127105915564322,-2.062734559270888
2019/6/12,Wednesday,HPM_to_LPW,7160.0,4767.0,11927.0,55615.0,0.1287422457969972,-2.0499429680714383
2019/6/13,Thursday,HPM_to_LPW,6621.0,4227.0,10848.0,50605.0,0.1308368738266969,-2.033803969698156
2019/6/14,Friday,HPM_to_LPW,7442.0,4457.0,11899.0,56768.0,0.1310949830890642,-2.031833156762684
2019/6/15,Saturday,HPM_to_LPW,6319.0,3486.0,9805.0,54326.0,0.1163163126311526,-2.151441965913002
2019/6/16,Sunday,HPM_to_LPW,4873.0,2910.0,7783.0,46646.0,0.1044676928353985,-2.258877414846783
2019/6/17,Monday,HPM_to_LPW,6388.0,4392.0,10780.0,50460.0,0.1265953230281411,-2.066759712860146
2019/6/18,Tuesday,HPM_to_LPW,6819.0,4596.0,11415.0,52002.0,0.1311295719395407,-2.031569345841748
2019/6/19,Wednesday,HPM_to_LPW,6938.0,4610.0,11548.0,51876.0,0.1337420001542139,-2.011842706925937
2019/6/20,Thursday,HPM_to_LPW,7186.0,4644.0,11830.0,53293.0,0.1348394723509654,-2.003670301773107
2019/6/21,Friday,HPM_to_LPW,7006.0,4554.0,11560.0,53348.0,0.1313263852440578,-2.0300695639848536
2019/6/22,Saturday,HPM_to_LPW,5987.0,3447.0,9434.0,51461.0,0.1163405297215367,-2.151233787290559
2019/6/23,Sunday,HPM_to_LPW,5121.0,3040.0,8161.0,46702.0,0.1096526915335531,-2.210437257829871
2019/6/24,Monday,HPM_to_LPW,6740.0,4259.0,10999.0,51430.0,0.1310519152245771,-2.0321617348626093
2019/6/25,Tuesday,HPM_to_LPW,6683.0,4507.0,11190.0,50960.0,0.1311420722135008,-2.0314740227349746
2019/6/26,Wednesday,HPM_to_LPW,6750.0,4509.0,11259.0,50406.0,0.1339126294488751,-2.0105677107263267
2019/6/27,Thursday,HPM_to_LPW,7026.0,4609.0,11635.0,52251.0,0.13446632600333,-2.006441475574123
2019/6/28,Friday,HPM_to_LPW,7579.0,4566.0,12145.0,56603.0,0.1338974965991201,-2.010680722508177
2019/6/29,Saturday,HPM_to_LPW,5863.0,3510.0,9373.0,50983.0,0.1149991173528431,-2.1628308258410103
2019/6/30,Sunday,HPM_to_LPW,4932.0,2856.0,7788.0,44400.0,0.111081081081081,-2.197494884136082
2019/7/1,Monday,HPM_to_LPW,6394.0,4280.0,10674.0,51408.0,0.1243775287892934,-2.0844337517358538
2019/7/2,Tuesday,HPM_to_LPW,6782.0,4596.0,11378.0,52755.0,0.1285565349255994,-2.0513865108906093
2019/7/3,Wednesday,HPM_to_LPW,6790.0,4672.0,11462.0,55271.0,0.1228492337753975,-2.096797417108901
2019/7/4,Thursday,HPM_to_LPW,4825.0,2544.0,7369.0,43212.0,0.1116587984819031,-2.19230749966379
2019/7/5,Friday,HPM_to_LPW,6375.0,4043.0,10418.0,51469.0,0.1238609648526297,-2.0885955936379603
2019/7/6,Saturday,HPM_to_LPW,5689.0,3587.0,9276.0,50965.0,0.1116256254292161,-2.192604636851866
2019/7/7,Sunday,HPM_to_LPW,4691.0,3097.0,7788.0,45572.0,0.1029360133415255,-2.2736477134895483
2019/7/8,Monday,HPM_to_LPW,6523.0,4648.0,11171.0,52662.0,0.1238654057954502,-2.0885597400240767
2019/7/9,Tuesday,HPM_to_LPW,6830.0,4566.0,11396.0,52448.0,0.1302242220866382,-2.0384975289787204
2019/7/10,Wednesday,HPM_to_LPW,6978.0,4779.0,11757.0,54508.0,0.1280179056285316,-2.055585137122992
2019/7/11,Thursday,HPM_to_LPW,7108.0,4751.0,11859.0,53381.0,0.1331559918322998,-2.016233967116595
2019/7/12,Friday,HPM_to_LPW,7644.0,4584.0,12228.0,57708.0,0.1324599708879185,-2.0214747857055
2019/7/13,Saturday,HPM_to_LPW,6344.0,3652.0,9996.0,53036.0,0.1196168640168941,-2.123461443919926
2019/7/14,Sunday,HPM_to_LPW,5221.0,3026.0,8247.0,46199.0,0.1130111041364531,-2.1802691984033764
2019/7/15,Monday,HPM_to_LPW,6838.0,4428.0,11266.0,51620.0,0.1324680356450988,-2.021413903073358
2019/7/16,Tuesday,HPM_to_LPW,7341.0,4711.0,12052.0,53646.0,0.1368415166088804,-1.988931835852592
2019/7/17,Wednesday,HPM_to_LPW,7030.0,4629.0,11659.0,52651.0,0.1335207308503162,-2.0134985259293665
2019/7/18,Thursday,HPM_to_LPW,7134.0,4647.0,11781.0,52302.0,0.1364001376620397,-1.992162524320794
2019/7/19,Friday,HPM_to_LPW,7255.0,4407.0,11662.0,55218.0,0.1313883154043971,-2.029598100748624
2019/7/20,Saturday,HPM_to_LPW,6542.0,3447.0,9989.0,54794.0,0.1193926342300251,-2.12533776979232
2019/7/21,Sunday,HPM_to_LPW,5332.0,3116.0,8448.0,47255.0,0.1128346206750608,-2.181832066130557
2019/7/22,Monday,HPM_to_LPW,6392.0,4489.0,10881.0,49766.0,0.1284411043684443,-2.052284811476049
2019/7/23,Tuesday,HPM_to_LPW,6913.0,4667.0,11580.0,51314.0,0.1347195697080718,-2.004559922465372
2019/7/24,Wednesday,HPM_to_LPW,6795.0,4611.0,11406.0,51074.0,0.13304225241806,-2.017088513858491
2019/7/25,Thursday,HPM_to_LPW,6806.0,4488.0,11294.0,50161.0,0.1356831004166583,-1.997433256251375
2019/7/26,Friday,HPM_to_LPW,7190.0,4353.0,11543.0,52610.0,0.1366660330735601,-1.990215044009761
2019/7/27,Saturday,HPM_to_LPW,6202.0,3254.0,9456.0,50092.0,0.1238121855785354,-2.0889894940235294
2019/7/28,Sunday,HPM_to_LPW,5030.0,2877.0,7907.0,44393.0,0.1133061518707904,-2.177661815239599
2019/7/29,Monday,HPM_to_LPW,6323.0,4205.0,10528.0,47455.0,0.1332420187546096,-2.0155881145059795
2019/7/30,Tuesday,HPM_to_LPW,6398.0,4383.0,10781.0,46722.0,0.1369376310945593,-1.9882297042955777
2019/7/31,Wednesday,HPM_to_LPW,6368.0,4464.0,10832.0,47857.0,0.1330630837703993,-2.016931949148589
2019/8/1,Thursday,HPM_to_LPW,6825.0,4744.0,11569.0,51569.0,0.1323469526265779,-2.022328375684967
2019/8/2,Friday,HPM_to_LPW,7240.0,4471.0,11711.0,54417.0,0.1330466582134259,-2.0170553986463173
2019/8/3,Saturday,HPM_to_LPW,6026.0,3448.0,9474.0,51207.0,0.1176792235436561,-2.1397928007421965
2019/8/4,Sunday,HPM_to_LPW,4964.0,2984.0,7948.0,45190.0,0.109847311352069,-2.208663956080828
2019/8/5,Monday,HPM_to_LPW,6560.0,4369.0,10929.0,50843.0,0.1290246444938339,-2.0477518502789165
2019/8/6,Tuesday,HPM_to_LPW,6453.0,4458.0,10911.0,48740.0,0.1323963890028723,-2.0219549092433584
2019/8/7,Wednesday,HPM_to_LPW,6475.0,4350.0,10825.0,48179.0,0.1343946532721725,-2.006974633885518
2019/8/8,Thursday,HPM_to_LPW,6901.0,4693.0,11594.0,51596.0,0.1337506783471587,-2.011777821464425
2019/8/9,Friday,HPM_to_LPW,7912.0,4970.0,12882.0,58918.0,0.1342883329373027,-2.0077660523666
2019/8/10,Saturday,HPM_to_LPW,6648.0,3980.0,10628.0,54155.0,0.1227587480380389,-2.0975342477345538
2019/8/11,Sunday,HPM_to_LPW,5634.0,3401.0,9035.0,49751.0,0.1132439548953789,-2.1782108944509218
2019/8/12,Monday,HPM_to_LPW,7015.0,4927.0,11942.0,54640.0,0.1283857979502196,-2.0527155017081107
2019/8/13,Tuesday,HPM_to_LPW,7366.0,5328.0,12694.0,54360.0,0.135504047093451,-1.9987537712600696
2019/8/14,Wednesday,HPM_to_LPW,7629.0,5323.0,12952.0,57582.0,0.1324893195790351,-2.0212532437554533
2019/8/15,Thursday,HPM_to_LPW,7997.0,5413.0,13410.0,58984.0,0.1355791401057914,-1.9981997493375967
2019/8/16,Friday,HPM_to_LPW,8249.0,5280.0,13529.0,63181.0,0.1305614029534195,-2.035911642163692
2019/8/17,Saturday,HPM_to_LPW,7042.0,4165.0,11207.0,58894.0,0.1195707542364247,-2.123846997163671
2019/8/18,Sunday,HPM_to_LPW,5986.0,3767.0,9753.0,52773.0,0.113429215697421,-2.176576286854371
2019/8/19,Monday,HPM_to_LPW,7442.0,5182.0,12624.0,59617.0,0.124830165892279,-2.0808011383744627
2019/8/20,Tuesday,HPM_to_LPW,7876.0,5274.0,13150.0,61438.0,0.1281942771574595,-2.054208375449374
2019/8/21,Wednesday,HPM_to_LPW,7849.0,5279.0,13128.0,59191.0,0.1326046189454477,-2.020383368160977
2019/8/22,Thursday,HPM_to_LPW,8013.0,5235.0,13248.0,60322.0,0.1328371075229601,-2.018631656852776
2019/8/23,Friday,HPM_to_LPW,8149.0,5110.0,13259.0,61497.0,0.1325105289688928,-2.021093172796778
2019/8/24,Saturday,HPM_to_LPW,6947.0,4168.0,11115.0,56528.0,0.1228948485706198,-2.096426178906046
2019/8/25,Sunday,HPM_to_LPW,5737.0,3601.0,9338.0,50855.0,0.1128109330449316,-2.182042020457826
2019/8/26,Monday,HPM_to_LPW,7381.0,5311.0,12692.0,57500.0,0.1283652173913043,-2.05287581701539
2019/8/27,Tuesday,HPM_to_LPW,7847.0,5447.0,13294.0,58442.0,0.1342698744053933,-2.007903516286404
2019/8/28,Wednesday,HPM_to_LPW,7801.0,5514.0,13315.0,58851.0,0.1325550967698085,-2.0207568953091823
2019/8/29,Thursday,HPM_to_LPW,7902.0,5432.0,13334.0,58932.0,0.1340867440439829,-2.0092683448559088
2019/8/30,Friday,HPM_to_LPW,8022.0,5152.0,13174.0,60710.0,0.1321363860978422,-2.0239206617944814
2019/8/31,Saturday,HPM_to_LPW,6371.0,3824.0,10195.0,53764.0,0.1184993676065769,-2.1328476550745505
2019/9/1,Sunday,HPM_to_LPW,6109.0,3525.0,9634.0,50438.0,0.1211189975811887,-2.110981765572386
2019/9/2,Monday,HPM_to_LPW,6648.0,3393.0,10041.0,50880.0,0.1306603773584905,-2.03515386147872
2019/9/3,Tuesday,HPM_to_LPW,9320.0,6238.0,15558.0,67970.0,0.1371193173458879,-1.986903802661047
2019/9/4,Wednesday,HPM_to_LPW,9359.0,6563.0,15922.0,66678.0,0.1403611386064369,-1.9635366162564447
2019/9/5,Thursday,HPM_to_LPW,9029.0,6355.0,15384.0,64894.0,0.1391345887139026,-1.9723135501879867
2019/9/6,Friday,HPM_to_LPW,9468.0,6079.0,15547.0,68347.0,0.138528391882599,-1.976679978821228
2019/9/7,Saturday,HPM_to_LPW,8166.0,4824.0,12990.0,63541.0,0.1285154467194409,-2.051706173937865
2019/9/8,Sunday,HPM_to_LPW,6693.0,4130.0,10823.0,56460.0,0.1185441020191285,-2.132470218706839
2019/9/9,Monday,HPM_to_LPW,9129.0,6278.0,15407.0,66485.0,0.1373091674813867,-1.985520198725726
2019/9/10,Tuesday,HPM_to_LPW,8922.0,6582.0,15504.0,67705.0,0.1317775644339413,-2.0266398957287146
2019/9/11,Wednesday,HPM_to_LPW,9008.0,6617.0,15625.0,71733.0,0.1255767917137161,-2.07483782137124
2019/9/12,Thursday,HPM_to_LPW,8969.0,7011.0,15980.0,72678.0,0.1234073584853738,-2.0922645381268543
2019/9/13,Friday,HPM_to_LPW,9507.0,6550.0,16057.0,78114.0,0.1217067363084722,-2.106140928766422
2019/9/14,Saturday,HPM_to_LPW,7750.0,4972.0,12722.0,71238.0,0.1087902523933855,-2.218333540546455
2019/9/15,Sunday,HPM_to_LPW,5913.0,4425.0,10338.0,60591.0,0.0975887508045749,-2.326993050355669
2019/9/16,Monday,HPM_to_LPW,8086.0,6334.0,14420.0,68022.0,0.1188733056952162,-2.129697011044938
2019/9/17,Tuesday,HPM_to_LPW,8425.0,6798.0,15223.0,68246.0,0.1234504586349383,-2.0919153480505166
2019/9/18,Wednesday,HPM_to_LPW,8792.0,6265.0,15057.0,67439.0,0.1303696674031347,-2.037381268487089
2019/9/19,Thursday,HPM_to_LPW,8738.0,6380.0,15118.0,65551.0,0.1333007886988756,-2.0151471350942307
2019/9/20,Friday,HPM_to_LPW,8703.0,6060.0,14763.0,67758.0,0.12844239794563,-2.052274740162212
2019/9/21,Saturday,HPM_to_LPW,7215.0,4683.0,11898.0,60972.0,0.1183330053139145,-2.1342525501737617
2019/9/22,Sunday,HPM_to_LPW,6011.0,4116.0,10127.0,54483.0,0.110327992217756,-2.204297602347446
2019/9/23,Monday,HPM_to_LPW,7448.0,5751.0,13199.0,58504.0,0.1273075345275536,-2.0611495879938846
2019/9/24,Tuesday,HPM_to_LPW,7604.0,5817.0,13421.0,58549.0,0.1298741225298467,-2.04118958585239
2019/9/25,Wednesday,HPM_to_LPW,7475.0,5641.0,13116.0,60008.0,0.1245667244367417,-2.0829137673905858
2019/9/26,Thursday,HPM_to_LPW,7332.0,5646.0,12978.0,58241.0,0.1258906955581119,-2.0723412440932347
2019/9/27,Friday,HPM_to_LPW,7882.0,5509.0,13391.0,61901.0,0.1273323532737758,-2.0609546558761
2019/9/28,Saturday,HPM_to_LPW,5845.0,4190.0,10035.0,54405.0,0.1074349784027203,-2.230869466478944
2019/9/29,Sunday,HPM_to_LPW,5399.0,3672.0,9071.0,48963.0,0.1102669362579907,-2.2048511596005187
2019/9/30,Monday,HPM_to_LPW,6680.0,5173.0,11853.0,53598.0,0.124631516101347,-2.082393766399204
2019/10/1,Tuesday,HPM_to_LPW,8027.0,5798.0,13825.0,62894.0,0.127627436639425,-2.058639910499933
2019/10/2,Wednesday,HPM_to_LPW,8346.0,5905.0,14251.0,60606.0,0.1377091377091377,-1.9826115159057407
2019/10/3,Thursday,HPM_to_LPW,8162.0,5842.0,14004.0,58646.0,0.1391740272141322,-1.972030134596543
2019/10/4,Friday,HPM_to_LPW,8350.0,5443.0,13793.0,60662.0,0.1376479509412812,-1.9830559335102669
2019/10/5,Saturday,HPM_to_LPW,6946.0,4109.0,11055.0,55282.0,0.125646684273362,-2.0742814039331443
2019/10/6,Sunday,HPM_to_LPW,5457.0,3597.0,9054.0,47472.0,0.1149519716885743,-2.163240875344372
2019/10/7,Monday,HPM_to_LPW,7401.0,5661.0,13062.0,54853.0,0.1349242520919548,-2.00304175363191
2019/10/8,Tuesday,HPM_to_LPW,7825.0,5445.0,13270.0,56099.0,0.1394855523271359,-1.9697942506316184
2019/10/9,Wednesday,HPM_to_LPW,6239.0,4369.0,10608.0,47385.0,0.1316661390735465,-2.0274858097935087
2019/10/10,Thursday,HPM_to_LPW,6695.0,4802.0,11497.0,49559.0,0.1350915070925563,-2.001802899851686
2019/10/11,Friday,HPM_to_LPW,6995.0,4129.0,11124.0,54025.0,0.1294770939379916,-2.044251294275506
2019/10/12,Saturday,HPM_to_LPW,5599.0,3352.0,8951.0,47987.0,0.1166774334715652,-2.148342130525831
2019/10/13,Sunday,HPM_to_LPW,4497.0,2880.0,7377.0,41980.0,0.1071224392567889,-2.233782806603917
2019/10/14,Monday,HPM_to_LPW,6315.0,3920.0,10235.0,46827.0,0.1348580946889614,-2.003532203841932
2019/10/15,Tuesday,HPM_to_LPW,7029.0,4683.0,11712.0,53254.0,0.131990085251812,-2.0250284709454904
2019/10/16,Wednesday,HPM_to_LPW,7954.0,5194.0,13148.0,57816.0,0.1375743738757437,-1.9835906071951808
2019/10/17,Thursday,HPM_to_LPW,7762.0,5007.0,12769.0,56601.0,0.1371353863005954,-1.986786619950871
2019/10/18,Friday,HPM_to_LPW,8202.0,4787.0,12989.0,60929.0,0.1346157002412644,-2.00533122487947
2019/10/19,Saturday,HPM_to_LPW,6986.0,3895.0,10881.0,58126.0,0.1201871795754051,-2.118704921675964
2019/10/20,Sunday,HPM_to_LPW,5586.0,3325.0,8911.0,50934.0,0.1096713393803746,-2.2102672094609006
2019/10/21,Monday,HPM_to_LPW,7483.0,4591.0,12074.0,56343.0,0.132811529382532,-2.0188242280686888
2019/10/22,Tuesday,HPM_to_LPW,8032.0,4862.0,12894.0,57737.0,0.1391135666903372,-1.972464652886762
2019/10/23,Wednesday,HPM_to_LPW,7930.0,4989.0,12919.0,58772.0,0.1349281971006601,-2.003012515366944
2019/10/24,Thursday,HPM_to_LPW,8020.0,4787.0,12807.0,57801.0,0.138751924707185,-1.9750676546883097
2019/10/25,Friday,HPM_to_LPW,8020.0,4681.0,12701.0,60568.0,0.1324131554616299,-2.0218282789225825
2019/10/26,Saturday,HPM_to_LPW,6364.0,3578.0,9942.0,54617.0,0.1165204972810663,-2.1496880791256685
2019/10/27,Sunday,HPM_to_LPW,5142.0,3050.0,8192.0,47296.0,0.1087195534506089,-2.21898361648204
2019/10/28,Monday,HPM_to_LPW,7025.0,4461.0,11486.0,53426.0,0.1314902856287201,-2.028822303638957
2019/10/29,Tuesday,HPM_to_LPW,7654.0,4803.0,12457.0,54195.0,0.1412307408432512,-1.957360266264203
2019/10/30,Wednesday,HPM_to_LPW,7120.0,4641.0,11761.0,53359.0,0.133435784028936,-2.014134935378192
2019/10/31,Thursday,HPM_to_LPW,8260.0,4424.0,12684.0,56912.0,0.1451363508574641,-1.930081627673213
2019/11/1,Friday,HPM_to_LPW,7915.0,4483.0,12398.0,58540.0,0.1352066962760505,-2.000950587930765
2019/11/2,Saturday,HPM_to_LPW,5915.0,3506.0,9421.0,51980.0,0.1137937668333974,-2.173367531782995
2019/11/3,Sunday,HPM_to_LPW,4983.0,3209.0,8192.0,49789.0,0.1000823475064773,-2.3017619567988428
2019/11/4,Monday,HPM_to_LPW,6905.0,4566.0,11471.0,53905.0,0.1280957239588164,-2.054977451129826
2019/11/5,Tuesday,HPM_to_LPW,7180.0,4747.0,11927.0,53039.0,0.1353720846923961,-1.9997281089444168
2019/11/6,Wednesday,HPM_to_LPW,7295.0,4853.0,12148.0,53456.0,0.1364673750374139,-1.991669703639652
2019/11/7,Thursday,HPM_to_LPW,7437.0,4817.0,12254.0,54453.0,0.1365764971626907,-1.990870402558788
2019/11/8,Friday,HPM_to_LPW,7661.0,4638.0,12299.0,57446.0,0.1333600250670194,-2.014702852574564
2019/11/9,Saturday,HPM_to_LPW,6239.0,3504.0,9743.0,53958.0,0.1156269691241335,-2.157386053031785
2019/11/10,Sunday,HPM_to_LPW,5012.0,3083.0,8095.0,47806.0,0.1048403966029368,-2.255316117598788
2019/11/11,Monday,HPM_to_LPW,6415.0,3720.0,10135.0,47639.0,0.1346585780557946,-2.0050127554351267
2019/11/12,Tuesday,HPM_to_LPW,7245.0,4816.0,12061.0,54131.0,0.1338419759472391,-2.011095458909566
2019/11/13,Wednesday,HPM_to_LPW,7359.0,4964.0,12323.0,54618.0,0.134735801384159,-2.0044394448067453
2019/11/14,Thursday,HPM_to_LPW,7312.0,4780.0,12092.0,54605.0,0.1339071513597655,-2.010608619497844
2019/11/15,Friday,HPM_to_LPW,7883.0,4615.0,12498.0,58582.0,0.1345635178041036,-2.005718940084184
2019/11/16,Saturday,HPM_to_LPW,6056.0,3483.0,9539.0,52936.0,0.1144022971134955,-2.168034120574611
2019/11/17,Sunday,HPM_to_LPW,4959.0,3013.0,7972.0,46130.0,0.1075005419466724,-2.230259390062733
2019/11/18,Monday,HPM_to_LPW,7037.0,4636.0,11673.0,52759.0,0.1333800868098334,-2.014552430932234
2019/11/19,Tuesday,HPM_to_LPW,7245.0,4734.0,11979.0,53369.0,0.1357529652045195,-1.9969184772794344
2019/11/20,Wednesday,HPM_to_LPW,6650.0,4570.0,11220.0,50835.0,0.1308153831021933,-2.0339682390593623
2019/11/21,Thursday,HPM_to_LPW,7025.0,4779.0,11804.0,52858.0,0.132903250217564,-2.0181338574478827
2019/11/22,Friday,HPM_to_LPW,7587.0,4571.0,12158.0,57393.0,0.1321938215461816,-2.0234860883134163
2019/11/23,Saturday,HPM_to_LPW,6152.0,3631.0,9783.0,51116.0,0.1203537052977541,-2.1173203275431143
2019/11/24,Sunday,HPM_to_LPW,4862.0,3268.0,8130.0,47054.0,0.1033280911293407,-2.269846002464296
2019/11/25,Monday,HPM_to_LPW,6986.0,4654.0,11640.0,50723.0,0.1377284466612779,-1.982471310260125
2019/11/26,Tuesday,HPM_to_LPW,7002.0,4581.0,11583.0,50523.0,0.13859034499139,-1.9762328556095528
2019/11/27,Wednesday,HPM_to_LPW,6157.0,4159.0,10316.0,49688.0,0.123913218483336,-2.088173809327929
2019/11/28,Thursday,HPM_to_LPW,2995.0,1833.0,4828.0,34321.0,0.0872643570991521,-2.438813180156997
2019/11/29,Friday,HPM_to_LPW,5877.0,2935.0,8812.0,46334.0,0.1268399015841498,-2.064829605217765
2019/11/30,Saturday,HPM_to_LPW,5180.0,3083.0,8263.0,45605.0,0.113584036838066,-2.17521230336073
2019/12/1,Sunday,HPM_to_LPW,4483.0,2823.0,7306.0,43211.0,0.1037467311564185,-2.2658026272937697
2019/12/2,Monday,HPM_to_LPW,7206.0,4678.0,11884.0,55091.0,0.1308017643535241,-2.0340723511086978
2019/12/3,Tuesday,HPM_to_LPW,7414.0,4972.0,12386.0,55372.0,0.1338943870548291,-2.0107039460969487
2019/12/4,Wednesday,HPM_to_LPW,6520.0,4705.0,11225.0,51371.0,0.1269198575071538,-2.0641994349658987
2019/12/5,Thursday,HPM_to_LPW,7565.0,4915.0,12480.0,56338.0,0.1342788171394085,-2.0078369158202687
2019/12/6,Friday,HPM_to_LPW,8055.0,4957.0,13012.0,59686.0,0.134956271152364,-2.002804470406173
2019/12/7,Saturday,HPM_to_LPW,6192.0,3871.0,10063.0,52953.0,0.1169338847657356,-2.1461465913788262
2019/12/8,Sunday,HPM_to_LPW,4803.0,3305.0,8108.0,46092.0,0.1042046342098411,-2.261398676469081
2019/12/9,Monday,HPM_to_LPW,7240.0,4842.0,12082.0,54695.0,0.1323704177712771,-2.022151091174129
2019/12/10,Tuesday,HPM_to_LPW,7600.0,4946.0,12546.0,56111.0,0.1354458127639856,-1.999183624446876
2019/12/11,Wednesday,HPM_to_LPW,7654.0,4888.0,12542.0,56583.0,0.1352703108707562,-2.000480199733633
2019/12/12,Thursday,HPM_to_LPW,8063.0,5061.0,13124.0,58908.0,0.1368744482922523,-1.9886912091610311
2019/12/13,Friday,HPM_to_LPW,8473.0,5048.0,13521.0,62189.0,0.1362459598964447,-1.9932934980146024
2019/12/14,Saturday,HPM_to_LPW,6748.0,4121.0,10869.0,56336.0,0.1197813121272365,-2.122087597728976
2019/12/15,Sunday,HPM_to_LPW,5144.0,3417.0,8561.0,48559.0,0.1059329887353528,-2.24494856652316
2019/12/16,Monday,HPM_to_LPW,7673.0,4766.0,12439.0,57354.0,0.1337831711824807,-2.0115349151141526
2019/12/17,Tuesday,HPM_to_LPW,7741.0,4866.0,12607.0,56099.0,0.1379881994331449,-1.9805871088352591
2019/12/18,Wednesday,HPM_to_LPW,7985.0,4867.0,12852.0,58666.0,0.1361095012443323,-1.994295561002136
2019/12/19,Thursday,HPM_to_LPW,7846.0,4937.0,12783.0,58758.0,0.1335307532591306,-2.013423466179352
2019/12/20,Friday,HPM_to_LPW,8199.0,4853.0,13052.0,60821.0,0.1348054126041992,-2.003922928459892
2019/12/21,Saturday,HPM_to_LPW,6824.0,3524.0,10348.0,56233.0,0.1213522308964487,-2.10905796299459
2019/12/22,Sunday,HPM_to_LPW,5445.0,3583.0,9028.0,51429.0,0.1058741177156857,-2.24550445930853
2019/12/23,Monday,HPM_to_LPW,6707.0,4006.0,10713.0,53165.0,0.1261544249036019,-2.07024852798545
2019/12/24,Tuesday,HPM_to_LPW,5702.0,3506.0,9208.0,51865.0,0.1099392654005591,-2.2078271983933115
2019/12/25,Wednesday,HPM_to_LPW,2734.0,1806.0,4540.0,31430.0,0.0869869551384028,-2.4419971125077184
2019/12/26,Thursday,HPM_to_LPW,5272.0,2847.0,8119.0,40934.0,0.1287926906727903,-2.049551216357052
2019/12/27,Friday,HPM_to_LPW,6418.0,3282.0,9700.0,47744.0,0.1344252680965147,-2.006746861893631
2019/12/28,Saturday,HPM_to_LPW,5668.0,2809.0,8477.0,47097.0,0.1203473681975497,-2.1173729828978565
2019/12/29,Sunday,HPM_to_LPW,4957.0,2682.0,7639.0,43103.0,0.1150035960373987,-2.1627918812173563
2019/12/30,Monday,HPM_to_LPW,6520.0,3636.0,10156.0,49451.0,0.1318476876099573,-2.026107904372605
2019/12/31,Tuesday,HPM_to_LPW,5881.0,3389.0,9270.0,49182.0,0.1195762677402301,-2.12380088742113
