Date,Day of Week,flow_type_LPW_to_HPM,total_od_flow_LPW_to_HPM,total_do_flow_LPW_to_HPM,total_flow_LPW_to_HPM,origin_total_flow_LPW_to_HPM,flow_share_LPW_to_HPM,log_flow_share_LPW_to_HPM
2019/1/1,Tuesday,LPW_to_HPM,2257.0,4336.0,6593.0,90797.0,0.024857649481811,-3.6945897475784535
2019/1/2,Wednesday,LPW_to_HPM,3889.0,6948.0,10837.0,120997.0,0.0321412927593246,-3.4376136967273405
2019/1/3,Thursday,LPW_to_HPM,4083.0,7714.0,11797.0,127324.0,0.0320677955452232,-3.4399030064852463
2019/1/4,Friday,LPW_to_HPM,4184.0,8564.0,12748.0,135820.0,0.0308054778383154,-3.480062752923024
2019/1/5,Saturday,LPW_to_HPM,3112.0,6214.0,9326.0,119626.0,0.0260144115827662,-3.649104602878672
2019/1/6,Sunday,LPW_to_HPM,2923.0,5510.0,8433.0,113592.0,0.0257324459468976,-3.6600025951429513
2019/1/7,Monday,LPW_to_HPM,3989.0,7439.0,11428.0,119823.0,0.0332907705532326,-3.402475080975412
2019/1/8,Tuesday,LPW_to_HPM,4428.0,8195.0,12623.0,140956.0,0.0314140582876926,-3.460499770094354
2019/1/9,Wednesday,LPW_to_HPM,4779.0,9000.0,13779.0,148679.0,0.0321430733324813,-3.43755829995623
2019/1/10,Thursday,LPW_to_HPM,4854.0,9526.0,14380.0,149385.0,0.0324932222110653,-3.426723758747305
2019/1/11,Friday,LPW_to_HPM,4757.0,9485.0,14242.0,158120.0,0.0300847457627118,-3.5037370209783423
2019/1/12,Saturday,LPW_to_HPM,3641.0,6869.0,10510.0,133346.0,0.0273049060339267,-3.6006888847343643
2019/1/13,Sunday,LPW_to_HPM,3371.0,5846.0,9217.0,121081.0,0.0278408668577233,-3.5812503068698027
2019/1/14,Monday,LPW_to_HPM,4299.0,7599.0,11898.0,131483.0,0.0326962420997391,-3.420495128180071
2019/1/15,Tuesday,LPW_to_HPM,4421.0,7676.0,12097.0,139582.0,0.0316731383702769,-3.4522863273426334
2019/1/16,Wednesday,LPW_to_HPM,4735.0,7940.0,12675.0,139444.0,0.0339562835260032,-3.38268136033555
2019/1/17,Thursday,LPW_to_HPM,4622.0,7517.0,12139.0,139519.0,0.033128104415886,-3.407373280851602
2019/1/18,Friday,LPW_to_HPM,4812.0,8368.0,13180.0,154111.0,0.031224247458001,-3.466560323885388
2019/1/19,Saturday,LPW_to_HPM,3719.0,6589.0,10308.0,137248.0,0.0270969340172534,-3.6083346933915386
2019/1/20,Sunday,LPW_to_HPM,3113.0,5488.0,8601.0,115557.0,0.0269390863383438,-3.614177023261605
2019/1/21,Monday,LPW_to_HPM,3847.0,7027.0,10874.0,122916.0,0.0312977968694067,-3.464207571472241
2019/1/22,Tuesday,LPW_to_HPM,4945.0,7755.0,12700.0,141961.0,0.0348335106120695,-3.357175406916624
2019/1/23,Wednesday,LPW_to_HPM,4887.0,7744.0,12631.0,146189.0,0.0334293277880004,-3.398321686798952
2019/1/24,Thursday,LPW_to_HPM,5055.0,7961.0,13016.0,147455.0,0.0342816452477026,-3.373145192013861
2019/1/25,Friday,LPW_to_HPM,4734.0,8283.0,13017.0,157443.0,0.0300680246184333,-3.50429297690866
2019/1/26,Saturday,LPW_to_HPM,3748.0,6300.0,10048.0,140605.0,0.0266562355535009,-3.624732176245749
2019/1/27,Sunday,LPW_to_HPM,3171.0,5252.0,8423.0,121274.0,0.0261474017514059,-3.644005452818543
2019/1/28,Monday,LPW_to_HPM,4696.0,7278.0,11974.0,137460.0,0.0341626655026916,-3.376621883167666
2019/1/29,Tuesday,LPW_to_HPM,4808.0,7154.0,11962.0,142187.0,0.0338146244030748,-3.3868618954226646
2019/1/30,Wednesday,LPW_to_HPM,4794.0,7549.0,12343.0,145035.0,0.0330540903919743,-3.4096099565914293
2019/1/31,Thursday,LPW_to_HPM,4830.0,7467.0,12297.0,139966.0,0.0345083806067187,-3.3665530683073968
2019/2/1,Friday,LPW_to_HPM,4818.0,7866.0,12684.0,154698.0,0.0311445526121863,-3.469115925054549
2019/2/2,Saturday,LPW_to_HPM,3411.0,5025.0,8436.0,120194.0,0.0283791204219844,-3.5621016006133908
2019/2/3,Sunday,LPW_to_HPM,2933.0,4343.0,7276.0,105149.0,0.027893750772713,-3.579352601884682
2019/2/4,Monday,LPW_to_HPM,4431.0,6535.0,10966.0,131228.0,0.0337656597677325,-3.388310976157119
2019/2/5,Tuesday,LPW_to_HPM,4725.0,7096.0,11821.0,141977.0,0.0332800383160652,-3.402797511705717
2019/2/6,Wednesday,LPW_to_HPM,4767.0,7777.0,12544.0,146450.0,0.0325503584841242,-3.424966897051056
2019/2/7,Thursday,LPW_to_HPM,4777.0,7765.0,12542.0,147443.0,0.0323989609544027,-3.429628926006643
2019/2/8,Friday,LPW_to_HPM,4816.0,8200.0,13016.0,156456.0,0.0307818172521347,-3.480831112283831
2019/2/9,Saturday,LPW_to_HPM,3836.0,6214.0,10050.0,138140.0,0.0277689300709425,-3.583837506639636
2019/2/10,Sunday,LPW_to_HPM,3092.0,4773.0,7865.0,114389.0,0.027030571121349,-3.6107867897512937
2019/2/11,Monday,LPW_to_HPM,4606.0,7342.0,11948.0,139252.0,0.0330767242122195,-3.408925439962852
2019/2/12,Tuesday,LPW_to_HPM,4865.0,8258.0,13123.0,150255.0,0.0323782902399254,-3.4302671350938705
2019/2/13,Wednesday,LPW_to_HPM,4712.0,7264.0,11976.0,146016.0,0.0322704361165899,-3.4336037583957086
2019/2/14,Thursday,LPW_to_HPM,4579.0,7192.0,11771.0,144398.0,0.0317109655258383,-3.4510927422723374
2019/2/15,Friday,LPW_to_HPM,4389.0,7745.0,12134.0,141103.0,0.0311049375279051,-3.470388709443305
2019/2/16,Saturday,LPW_to_HPM,3755.0,6178.0,9933.0,128556.0,0.0292090606428326,-3.5332763218523264
2019/2/17,Sunday,LPW_to_HPM,3143.0,5053.0,8196.0,111122.0,0.0282842281456417,-3.5654509390288016
2019/2/18,Monday,LPW_to_HPM,3725.0,6704.0,10429.0,120117.0,0.0310114305219078,-3.4733994159467505
2019/2/19,Tuesday,LPW_to_HPM,4740.0,7772.0,12512.0,143085.0,0.0331271621763287,-3.4074017235582974
2019/2/20,Wednesday,LPW_to_HPM,4744.0,7791.0,12535.0,144968.0,0.0327244633298383,-3.4196323667144326
2019/2/21,Thursday,LPW_to_HPM,4602.0,7772.0,12374.0,144361.0,0.0318784159156558,-3.445826115264052
2019/2/22,Friday,LPW_to_HPM,4619.0,8128.0,12747.0,155573.0,0.0296902418800177,-3.516936843388266
2019/2/23,Saturday,LPW_to_HPM,3461.0,6257.0,9718.0,130691.0,0.0264823132426869,-3.631278193621315
2019/2/24,Sunday,LPW_to_HPM,2984.0,5119.0,8103.0,114189.0,0.0261321143017278,-3.644590287999432
2019/2/25,Monday,LPW_to_HPM,4563.0,7328.0,11891.0,139064.0,0.0328122303399873,-3.416953956873975
2019/2/26,Tuesday,LPW_to_HPM,4742.0,7285.0,12027.0,144745.0,0.0327610625582921,-3.4185145858989583
2019/2/27,Wednesday,LPW_to_HPM,4628.0,7256.0,11884.0,144188.0,0.0320969844924681,-3.4389931943035106
2019/2/28,Thursday,LPW_to_HPM,4658.0,7327.0,11985.0,145502.0,0.0320133056590287,-3.4416036607593954
2019/3/1,Friday,LPW_to_HPM,4666.0,7703.0,12369.0,154924.0,0.0301179933386692,-3.502632500491941
2019/3/2,Saturday,LPW_to_HPM,3543.0,5661.0,9204.0,128262.0,0.0276231463722692,-3.589101221041866
2019/3/3,Sunday,LPW_to_HPM,3115.0,4966.0,8081.0,117214.0,0.0265753237667855,-3.62777217169436
2019/3/4,Monday,LPW_to_HPM,4677.0,7446.0,12123.0,141289.0,0.0331023646568381,-3.4081505593671912
2019/3/5,Tuesday,LPW_to_HPM,4763.0,7206.0,11969.0,143729.0,0.0331387541832198,-3.407051860230476
2019/3/6,Wednesday,LPW_to_HPM,4574.0,6496.0,11070.0,136275.0,0.0335644835809943,-3.394286807349756
2019/3/7,Thursday,LPW_to_HPM,4875.0,7731.0,12606.0,149337.0,0.0326442877518632,-3.4220853925670607
2019/3/8,Friday,LPW_to_HPM,4722.0,7928.0,12650.0,157320.0,0.0300152555301296,-3.50604950890029
2019/3/9,Saturday,LPW_to_HPM,3660.0,6028.0,9688.0,137717.0,0.0265762396799233,-3.627737707491296
2019/3/10,Sunday,LPW_to_HPM,2979.0,5009.0,7988.0,116194.0,0.0256381568755701,-3.6636735342416538
2019/3/11,Monday,LPW_to_HPM,4647.0,7319.0,11966.0,138984.0,0.033435503367294,-3.3981369684887595
2019/3/12,Tuesday,LPW_to_HPM,4493.0,7130.0,11623.0,139825.0,0.0321330234221348,-3.437871010619629
2019/3/13,Wednesday,LPW_to_HPM,4748.0,7352.0,12100.0,148014.0,0.0320780466712608,-3.4395833871375023
2019/3/14,Thursday,LPW_to_HPM,4782.0,7189.0,11971.0,150428.0,0.031789294546228,-3.448625695364852
2019/3/15,Friday,LPW_to_HPM,4694.0,8054.0,12748.0,159120.0,0.0294997486173956,-3.523373537116888
2019/3/16,Saturday,LPW_to_HPM,3682.0,6716.0,10398.0,143162.0,0.0257191154077199,-3.660520773372144
2019/3/17,Sunday,LPW_to_HPM,3252.0,5402.0,8654.0,123599.0,0.0263108924829488,-3.637772262690414
2019/3/18,Monday,LPW_to_HPM,4205.0,6854.0,11059.0,140225.0,0.0299875200570511,-3.5069739819694914
2019/3/19,Tuesday,LPW_to_HPM,4501.0,7585.0,12086.0,147874.0,0.0304380756590069,-3.492060965496592
2019/3/20,Wednesday,LPW_to_HPM,4396.0,7395.0,11791.0,145587.0,0.0301950036747786,-3.50007880952072
2019/3/21,Thursday,LPW_to_HPM,4352.0,7264.0,11616.0,147959.0,0.0294135537547563,-3.526299698804374
2019/3/22,Friday,LPW_to_HPM,4602.0,7746.0,12348.0,158442.0,0.029045328890067,-3.5388976041358533
2019/3/23,Saturday,LPW_to_HPM,3522.0,6494.0,10016.0,138337.0,0.025459566131982,-3.670663727161394
2019/3/24,Sunday,LPW_to_HPM,3074.0,5497.0,8571.0,121857.0,0.0252262898315238,-3.679868580986333
2019/3/25,Monday,LPW_to_HPM,4432.0,7278.0,11710.0,142119.0,0.0311851335852349,-3.467813785375743
2019/3/26,Tuesday,LPW_to_HPM,4638.0,7159.0,11797.0,146162.0,0.0317319139037506,-3.4504323567771658
2019/3/27,Wednesday,LPW_to_HPM,4809.0,7319.0,12128.0,149062.0,0.0322617434356173,-3.433873164483818
2019/3/28,Thursday,LPW_to_HPM,4845.0,7585.0,12430.0,150361.0,0.0322224513005367,-3.435091824036107
2019/3/29,Friday,LPW_to_HPM,4632.0,7756.0,12388.0,155496.0,0.0297885476153727,-3.5136312675450734
2019/3/30,Saturday,LPW_to_HPM,3544.0,6336.0,9880.0,134780.0,0.0262947024781124,-3.63838778677524
2019/3/31,Sunday,LPW_to_HPM,3021.0,5221.0,8242.0,117819.0,0.0256410256410256,-3.663561646129648
2019/4/1,Monday,LPW_to_HPM,4111.0,6594.0,10705.0,133534.0,0.0307861668189374,-3.4806898191466407
2019/4/2,Tuesday,LPW_to_HPM,4593.0,6836.0,11429.0,140258.0,0.0327467951917181,-3.418950178430592
2019/4/3,Wednesday,LPW_to_HPM,4568.0,6773.0,11341.0,139685.0,0.0327021512689265,-3.4203144152023017
2019/4/4,Thursday,LPW_to_HPM,4559.0,7108.0,11667.0,140973.0,0.0323395260085264,-3.431465081448734
2019/4/5,Friday,LPW_to_HPM,4574.0,7429.0,12003.0,150983.0,0.0302948014014822,-3.496779152094964
2019/4/6,Saturday,LPW_to_HPM,3747.0,5955.0,9702.0,136567.0,0.0274370821647982,-3.595859816880537
2019/4/7,Sunday,LPW_to_HPM,3164.0,5074.0,8238.0,121406.0,0.0260613149267746,-3.6473032508924352
2019/4/8,Monday,LPW_to_HPM,4513.0,6664.0,11177.0,137872.0,0.0327332598352094,-3.419363597652549
2019/4/9,Tuesday,LPW_to_HPM,4719.0,7052.0,11771.0,147204.0,0.0320575527838917,-3.440222467094366
2019/4/10,Wednesday,LPW_to_HPM,4711.0,6950.0,11661.0,148341.0,0.0317579091417747,-3.449613477837841
2019/4/11,Thursday,LPW_to_HPM,4617.0,6813.0,11430.0,149481.0,0.0308868685652357,-3.47742415092823
2019/4/12,Friday,LPW_to_HPM,4777.0,7886.0,12663.0,160254.0,0.029808928326282,-3.512947322079875
2019/4/13,Saturday,LPW_to_HPM,3725.0,6512.0,10237.0,141912.0,0.0262486611421162,-3.640140295355117
2019/4/14,Sunday,LPW_to_HPM,3127.0,5097.0,8224.0,122033.0,0.0256242164004818,-3.664217421484521
2019/4/15,Monday,LPW_to_HPM,4638.0,7123.0,11761.0,141179.0,0.032851911403254,-3.415745349952647
2019/4/16,Tuesday,LPW_to_HPM,4549.0,7254.0,11803.0,144347.0,0.0315143369796393,-3.457312694485577
2019/4/17,Wednesday,LPW_to_HPM,4656.0,7248.0,11904.0,148693.0,0.0313128392056115,-3.4637270672819884
2019/4/18,Thursday,LPW_to_HPM,4641.0,7479.0,12120.0,152914.0,0.0303503930313771,-3.494945811597478
2019/4/19,Friday,LPW_to_HPM,4326.0,7627.0,11953.0,155599.0,0.0278022352328742,-3.582638857457556
2019/4/20,Saturday,LPW_to_HPM,3275.0,6034.0,9309.0,134309.0,0.0243840695709148,-3.7138252463440615
2019/4/21,Sunday,LPW_to_HPM,2704.0,4598.0,7302.0,105487.0,0.0256334903827011,-3.663855564394045
2019/4/22,Monday,LPW_to_HPM,4757.0,6930.0,11687.0,147078.0,0.032343382422932,-3.4313458408485924
2019/4/23,Tuesday,LPW_to_HPM,4968.0,7402.0,12370.0,154764.0,0.0321004884856943,-3.4388840313390783
2019/4/24,Wednesday,LPW_to_HPM,5202.0,7629.0,12831.0,158601.0,0.0327992887812813,-3.4173484473246507
2019/4/25,Thursday,LPW_to_HPM,5260.0,7505.0,12765.0,161328.0,0.0326043836159873,-3.4233085329012414
2019/4/26,Friday,LPW_to_HPM,5203.0,8351.0,13554.0,169447.0,0.0307057664048345,-3.4833048112506093
2019/4/27,Saturday,LPW_to_HPM,3959.0,6608.0,10567.0,152118.0,0.0260258483545668,-3.6486650673345182
2019/4/28,Sunday,LPW_to_HPM,3448.0,5359.0,8807.0,130740.0,0.0263729539544133,-3.6354162653831374
2019/4/29,Monday,LPW_to_HPM,4834.0,7055.0,11889.0,150561.0,0.032106588027444,-3.438694035404073
2019/4/30,Tuesday,LPW_to_HPM,4986.0,7073.0,12059.0,156484.0,0.0318626824467677,-3.446319783230618
2019/5/1,Wednesday,LPW_to_HPM,5492.0,7664.0,13156.0,166755.0,0.0329345446913136,-3.413233181447964
2019/5/2,Thursday,LPW_to_HPM,5046.0,7667.0,12713.0,161459.0,0.0312525161186431,-3.46565539024437
2019/5/3,Friday,LPW_to_HPM,4906.0,8283.0,13189.0,171858.0,0.0285468235403647,-3.556209608601803
2019/5/4,Saturday,LPW_to_HPM,3894.0,6484.0,10378.0,151104.0,0.0257703303684879,-3.658531434513041
2019/5/5,Sunday,LPW_to_HPM,3293.0,5305.0,8598.0,129772.0,0.0253752735566994,-3.6739800611187134
2019/5/6,Monday,LPW_to_HPM,4744.0,7089.0,11833.0,148186.0,0.0320138204688702,-3.441587579767708
2019/5/7,Tuesday,LPW_to_HPM,4723.0,7034.0,11757.0,152319.0,0.0310072939029274,-3.4735328149814744
2019/5/8,Wednesday,LPW_to_HPM,5120.0,7493.0,12613.0,158844.0,0.032232882576616,-3.434768149468219
2019/5/9,Thursday,LPW_to_HPM,5082.0,7977.0,13059.0,159724.0,0.0318173849891062,-3.447742440810154
2019/5/10,Friday,LPW_to_HPM,5071.0,8244.0,13315.0,170090.0,0.0298136280792521,-3.5127896719131204
2019/5/11,Saturday,LPW_to_HPM,3911.0,6524.0,10435.0,155114.0,0.0252137137847002,-3.680367234681122
2019/5/12,Sunday,LPW_to_HPM,3302.0,5441.0,8743.0,130756.0,0.0252531432592003,-3.678804645495564
2019/5/13,Monday,LPW_to_HPM,4711.0,7223.0,11934.0,150004.0,0.0314058291778885,-3.460761760689472
2019/5/14,Tuesday,LPW_to_HPM,4970.0,7447.0,12417.0,158308.0,0.0313944968036991,-3.461122662456629
2019/5/15,Wednesday,LPW_to_HPM,4857.0,7603.0,12460.0,159231.0,0.0305028543436893,-3.489935014708584
2019/5/16,Thursday,LPW_to_HPM,4838.0,7334.0,12172.0,159619.0,0.0303096749133875,-3.4962883133613154
2019/5/17,Friday,LPW_to_HPM,4869.0,7994.0,12863.0,172263.0,0.0282649204994688,-3.566133801543473
2019/5/18,Saturday,LPW_to_HPM,3748.0,6302.0,10050.0,145202.0,0.025812316634757,-3.656903512024345
2019/5/19,Sunday,LPW_to_HPM,3226.0,4819.0,8045.0,120597.0,0.026750250835427,-3.621211428658777
2019/5/20,Monday,LPW_to_HPM,4446.0,6686.0,11132.0,146835.0,0.0302788844621513,-3.497304691839501
2019/5/21,Tuesday,LPW_to_HPM,4516.0,6993.0,11509.0,152053.0,0.0297001703353435,-3.5166024979931785
2019/5/22,Wednesday,LPW_to_HPM,4719.0,7159.0,11878.0,155604.0,0.0303269838821624,-3.4957174056104976
2019/5/23,Thursday,LPW_to_HPM,4591.0,7162.0,11753.0,156397.0,0.0293547830201346,-3.5282997810744807
2019/5/24,Friday,LPW_to_HPM,4568.0,7491.0,12059.0,164977.0,0.0276887081229504,-3.586730597891242
2019/5/25,Saturday,LPW_to_HPM,3580.0,6039.0,9619.0,135591.0,0.0264029323480172,-3.634280201209573
2019/5/26,Sunday,LPW_to_HPM,2816.0,4388.0,7204.0,114114.0,0.0246770773086562,-3.701880510431785
2019/5/27,Monday,LPW_to_HPM,2488.0,4750.0,7238.0,108858.0,0.0228554630803432,-3.778565105739148
2019/5/28,Tuesday,LPW_to_HPM,4412.0,6656.0,11068.0,150337.0,0.0293473995091028,-3.5285513393897805
2019/5/29,Wednesday,LPW_to_HPM,4728.0,7297.0,12025.0,157589.0,0.030002094054788,-3.506488097929749
2019/5/30,Thursday,LPW_to_HPM,4584.0,7065.0,11649.0,159275.0,0.0287804112384241,-3.548060288590114
2019/5/31,Friday,LPW_to_HPM,4784.0,7966.0,12750.0,167580.0,0.028547559374627,-3.556183832536812
2019/6/1,Saturday,LPW_to_HPM,3767.0,5909.0,9676.0,147578.0,0.0255254848283619,-3.668077920856678
2019/6/2,Sunday,LPW_to_HPM,3129.0,5039.0,8168.0,129504.0,0.0241614158636026,-3.7229983040067127
2019/6/3,Monday,LPW_to_HPM,4579.0,7092.0,11671.0,151439.0,0.0302365969136087,-3.498702269929085
2019/6/4,Tuesday,LPW_to_HPM,4713.0,7345.0,12058.0,161595.0,0.0291655063584888,-3.534768557072672
2019/6/5,Wednesday,LPW_to_HPM,4848.0,7486.0,12334.0,163228.0,0.0297007866297449,-3.5165817476742305
2019/6/6,Thursday,LPW_to_HPM,4761.0,7657.0,12418.0,166409.0,0.0286102314177718,-3.5539908832505667
2019/6/7,Friday,LPW_to_HPM,4897.0,7794.0,12691.0,169887.0,0.0288250425282687,-3.546510737432832
2019/6/8,Saturday,LPW_to_HPM,3788.0,6533.0,10321.0,149371.0,0.0253596749034283,-3.674594968760725
2019/6/9,Sunday,LPW_to_HPM,3136.0,5729.0,8865.0,128653.0,0.0243756461178518,-3.714170755050493
2019/6/10,Monday,LPW_to_HPM,4533.0,6913.0,11446.0,147610.0,0.0307093015378361,-3.4831896885901963
2019/6/11,Tuesday,LPW_to_HPM,4773.0,7024.0,11797.0,156243.0,0.0305485685758722,-3.488437449589201
2019/6/12,Wednesday,LPW_to_HPM,4767.0,7160.0,11927.0,157231.0,0.0303184486519833,-3.4959988853486674
2019/6/13,Thursday,LPW_to_HPM,4227.0,6621.0,10848.0,133617.0,0.0316351961202541,-3.453484976931853
2019/6/14,Friday,LPW_to_HPM,4457.0,7442.0,11899.0,155679.0,0.0286294233647441,-3.5533203010199643
2019/6/15,Saturday,LPW_to_HPM,3486.0,6319.0,9805.0,141960.0,0.0245562130177514,-3.7067903806804696
2019/6/16,Sunday,LPW_to_HPM,2910.0,4873.0,7783.0,122028.0,0.0238469859376536,-3.7360974454136016
2019/6/17,Monday,LPW_to_HPM,4392.0,6388.0,10780.0,140318.0,0.031300332102795,-3.464126571179379
2019/6/18,Tuesday,LPW_to_HPM,4596.0,6819.0,11415.0,147145.0,0.0312344965850011,-3.466232135182617
2019/6/19,Wednesday,LPW_to_HPM,4610.0,6938.0,11548.0,150412.0,0.0306491503337499,-3.485150338558395
2019/6/20,Thursday,LPW_to_HPM,4644.0,7186.0,11830.0,150248.0,0.0309088972898141,-3.476711198342993
2019/6/21,Friday,LPW_to_HPM,4554.0,7006.0,11560.0,149869.0,0.0303865375761498,-3.493755611543641
2019/6/22,Saturday,LPW_to_HPM,3447.0,5987.0,9434.0,135630.0,0.0254147312541473,-3.672426302439896
2019/6/23,Sunday,LPW_to_HPM,3040.0,5121.0,8161.0,123374.0,0.024640523935351,-3.703362876932861
2019/6/24,Monday,LPW_to_HPM,4259.0,6740.0,10999.0,138893.0,0.0306638923487864,-3.484669461580982
2019/6/25,Tuesday,LPW_to_HPM,4507.0,6683.0,11190.0,142229.0,0.0316883336028517,-3.4518066909834104
2019/6/26,Wednesday,LPW_to_HPM,4509.0,6750.0,11259.0,144097.0,0.0312914217506263,-3.4644112844740333
2019/6/27,Thursday,LPW_to_HPM,4609.0,7026.0,11635.0,147007.0,0.0313522485323828,-3.4624692909542336
2019/6/28,Friday,LPW_to_HPM,4566.0,7579.0,12145.0,152080.0,0.0300236717517096,-3.5057691500725707
2019/6/29,Saturday,LPW_to_HPM,3510.0,5863.0,9373.0,134607.0,0.0260759098709576,-3.64674338432413
2019/6/30,Sunday,LPW_to_HPM,2856.0,4932.0,7788.0,119781.0,0.0238435144138051,-3.736243030963304
2019/7/1,Monday,LPW_to_HPM,4280.0,6394.0,10674.0,139366.0,0.0307105032791355,-3.4831505565446568
2019/7/2,Tuesday,LPW_to_HPM,4596.0,6782.0,11378.0,145282.0,0.031635027050839,-3.4534903212915418
2019/7/3,Wednesday,LPW_to_HPM,4672.0,6790.0,11462.0,153216.0,0.0304928989139515,-3.490261444969529
2019/7/4,Thursday,LPW_to_HPM,2544.0,4825.0,7369.0,111518.0,0.0228124607686651,-3.780448367370655
2019/7/5,Friday,LPW_to_HPM,4043.0,6375.0,10418.0,133104.0,0.0303747445606443,-3.494143786882898
2019/7/6,Saturday,LPW_to_HPM,3587.0,5689.0,9276.0,127657.0,0.0280987333244553,-3.572030781079974
2019/7/7,Sunday,LPW_to_HPM,3097.0,4691.0,7788.0,119479.0,0.0259208731241473,-3.652706722720213
2019/7/8,Monday,LPW_to_HPM,4648.0,6523.0,11171.0,141409.0,0.0328691950300193,-3.415219381109402
2019/7/9,Tuesday,LPW_to_HPM,4566.0,6830.0,11396.0,147592.0,0.0309366361320396,-3.475814162047863
2019/7/10,Wednesday,LPW_to_HPM,4779.0,6978.0,11757.0,149897.0,0.0318818922326664,-3.445717071970034
2019/7/11,Thursday,LPW_to_HPM,4751.0,7108.0,11859.0,151459.0,0.0313682250642088,-3.461959839055821
2019/7/12,Friday,LPW_to_HPM,4584.0,7644.0,12228.0,153483.0,0.0298664998729501,-3.5110178322960017
2019/7/13,Saturday,LPW_to_HPM,3652.0,6344.0,9996.0,137674.0,0.0265264320060432,-3.6296136089066064
2019/7/14,Sunday,LPW_to_HPM,3026.0,5221.0,8247.0,122123.0,0.0247782972904366,-3.697787118199432
2019/7/15,Monday,LPW_to_HPM,4428.0,6838.0,11266.0,141910.0,0.0312028750616587,-3.467245039000059
2019/7/16,Tuesday,LPW_to_HPM,4711.0,7341.0,12052.0,150492.0,0.0313039895808415,-3.464009726912009
2019/7/17,Wednesday,LPW_to_HPM,4629.0,7030.0,11659.0,150073.0,0.0308449887721308,-3.478780980329977
2019/7/18,Thursday,LPW_to_HPM,4647.0,7134.0,11781.0,149690.0,0.0310441579263811,-3.472344638824306
2019/7/19,Friday,LPW_to_HPM,4407.0,7255.0,11662.0,150901.0,0.0292045778357996,-3.533429806797232
2019/7/20,Saturday,LPW_to_HPM,3447.0,6542.0,9989.0,138363.0,0.0249127295592029,-3.6923763788663946
2019/7/21,Sunday,LPW_to_HPM,3116.0,5332.0,8448.0,125880.0,0.0247537337146488,-3.698778944187708
2019/7/22,Monday,LPW_to_HPM,4489.0,6392.0,10881.0,140129.0,0.0320347679638047,-3.440933467126228
2019/7/23,Tuesday,LPW_to_HPM,4667.0,6913.0,11580.0,145832.0,0.0320025783092874,-3.4419388072629418
2019/7/24,Wednesday,LPW_to_HPM,4611.0,6795.0,11406.0,145753.0,0.0316357124724705,-3.4534686549845985
2019/7/25,Thursday,LPW_to_HPM,4488.0,6806.0,11294.0,145799.0,0.0307821041296579,-3.480821792620081
2019/7/26,Friday,LPW_to_HPM,4353.0,7190.0,11543.0,148431.0,0.0293267578875032,-3.5292549412263314
2019/7/27,Saturday,LPW_to_HPM,3254.0,6202.0,9456.0,133762.0,0.0243267893721684,-3.716177092580877
2019/7/28,Sunday,LPW_to_HPM,2877.0,5030.0,7907.0,120333.0,0.0239086534865747,-3.733514815008424
2019/7/29,Monday,LPW_to_HPM,4205.0,6323.0,10528.0,136550.0,0.0307945807396558,-3.480416554494803
2019/7/30,Tuesday,LPW_to_HPM,4383.0,6398.0,10781.0,141095.0,0.0310641766185903,-3.47170000093314
2019/7/31,Wednesday,LPW_to_HPM,4464.0,6368.0,10832.0,142360.0,0.0313571227872998,-3.4623138355629823
2019/8/1,Thursday,LPW_to_HPM,4744.0,6825.0,11569.0,148519.0,0.0319420410856523,-3.4438322344908694
2019/8/2,Friday,LPW_to_HPM,4471.0,7240.0,11711.0,150906.0,0.0296277152664572,-3.5190450291629087
2019/8/3,Saturday,LPW_to_HPM,3448.0,6026.0,9474.0,135883.0,0.0253747709426491,-3.673999868551604
2019/8/4,Sunday,LPW_to_HPM,2984.0,4964.0,7948.0,122895.0,0.0242808901908132,-3.718065649920377
2019/8/5,Monday,LPW_to_HPM,4369.0,6560.0,10929.0,140980.0,0.0309902113775003,-3.4740838863764325
2019/8/6,Tuesday,LPW_to_HPM,4458.0,6453.0,10911.0,145733.0,0.0305901889071109,-3.4870759453852744
2019/8/7,Wednesday,LPW_to_HPM,4350.0,6475.0,10825.0,145529.0,0.0298909495701887,-3.5101995343655927
2019/8/8,Thursday,LPW_to_HPM,4693.0,6901.0,11594.0,152162.0,0.0308421287837962,-3.478873705957303
2019/8/9,Friday,LPW_to_HPM,4970.0,7912.0,12882.0,163948.0,0.0303144899602312,-3.4961294642666063
2019/8/10,Saturday,LPW_to_HPM,3980.0,6648.0,10628.0,148655.0,0.0267734015001177,-3.620346365639936
2019/8/11,Sunday,LPW_to_HPM,3401.0,5634.0,9035.0,138269.0,0.0245969812467002,-3.705131557122516
2019/8/12,Monday,LPW_to_HPM,4927.0,7015.0,11942.0,161850.0,0.030441767068273,-3.49193969681043
2019/8/13,Tuesday,LPW_to_HPM,5328.0,7366.0,12694.0,166498.0,0.0320003843890016,-3.442007364098256
2019/8/14,Wednesday,LPW_to_HPM,5323.0,7629.0,12952.0,171437.0,0.0310493067424184,-3.472178797988187
2019/8/15,Thursday,LPW_to_HPM,5413.0,7997.0,13410.0,175483.0,0.0308462928032914,-3.478738704302393
2019/8/16,Friday,LPW_to_HPM,5280.0,8249.0,13529.0,180035.0,0.0293276307384675,-3.5292251787146145
2019/8/17,Saturday,LPW_to_HPM,4165.0,7042.0,11207.0,160836.0,0.0258959436941978,-3.6536689366655546
2019/8/18,Sunday,LPW_to_HPM,3767.0,5986.0,9753.0,147093.0,0.0256096483177309,-3.6647861110894775
2019/8/19,Monday,LPW_to_HPM,5182.0,7442.0,12624.0,167433.0,0.0309496933101598,-3.4753921891038657
2019/8/20,Tuesday,LPW_to_HPM,5274.0,7876.0,13150.0,175997.0,0.029966419882157,-3.5076778615072386
2019/8/21,Wednesday,LPW_to_HPM,5279.0,7849.0,13128.0,177020.0,0.0298214890972771,-3.512526034699253
2019/8/22,Thursday,LPW_to_HPM,5235.0,8013.0,13248.0,176759.0,0.0296165966089421,-3.519420378535487
2019/8/23,Friday,LPW_to_HPM,5110.0,8149.0,13259.0,183556.0,0.027838915644272,-3.581320393833668
2019/8/24,Saturday,LPW_to_HPM,4168.0,6947.0,11115.0,162918.0,0.0255834223351624,-3.665810702290136
2019/8/25,Sunday,LPW_to_HPM,3601.0,5737.0,9338.0,147373.0,0.024434597924993,-3.711755203275983
2019/8/26,Monday,LPW_to_HPM,5311.0,7381.0,12692.0,170611.0,0.0311292941252322,-3.4696059698505217
2019/8/27,Tuesday,LPW_to_HPM,5447.0,7847.0,13294.0,176969.0,0.0307794020421655,-3.480909577590338
2019/8/28,Wednesday,LPW_to_HPM,5514.0,7801.0,13315.0,179314.0,0.0307505270084879,-3.481848146389061
2019/8/29,Thursday,LPW_to_HPM,5432.0,7902.0,13334.0,179365.0,0.0302846151701837,-3.49711544557453
2019/8/30,Friday,LPW_to_HPM,5152.0,8022.0,13174.0,185805.0,0.027727994402734,-3.585312747872222
2019/8/31,Saturday,LPW_to_HPM,3824.0,6371.0,10195.0,152860.0,0.025016354834489,-3.688225474625586
2019/9/1,Sunday,LPW_to_HPM,3525.0,6109.0,9634.0,141444.0,0.0249215237125646,-3.6920234427682046
2019/9/2,Monday,LPW_to_HPM,3393.0,6648.0,10041.0,135402.0,0.0250587140514911,-3.686533645615736
2019/9/3,Tuesday,LPW_to_HPM,6238.0,9320.0,15558.0,188855.0,0.0330306319663233,-3.410319906661557
2019/9/4,Wednesday,LPW_to_HPM,6563.0,9359.0,15922.0,191883.0,0.0342031342015707,-3.3754379957917893
2019/9/5,Thursday,LPW_to_HPM,6355.0,9029.0,15384.0,188165.0,0.0337735498100071,-3.388077332845039
2019/9/6,Friday,LPW_to_HPM,6079.0,9468.0,15547.0,200700.0,0.0302889885401096,-3.496971047035708
2019/9/7,Saturday,LPW_to_HPM,4824.0,8166.0,12990.0,180386.0,0.0267426518687703,-3.6214955398706814
2019/9/8,Sunday,LPW_to_HPM,4130.0,6693.0,10823.0,157979.0,0.0261427151710037,-3.64418470582812
2019/9/9,Monday,LPW_to_HPM,6278.0,9129.0,15407.0,181271.0,0.034633228701778,-3.3629416906724967
2019/9/10,Tuesday,LPW_to_HPM,6582.0,8922.0,15504.0,187838.0,0.0350408330582736,-3.3512412387024457
2019/9/11,Wednesday,LPW_to_HPM,6617.0,9008.0,15625.0,190713.0,0.0346961140561996,-3.3611275851533566
2019/9/12,Thursday,LPW_to_HPM,7011.0,8969.0,15980.0,190074.0,0.0368856340162252,-3.29993312579468
2019/9/13,Friday,LPW_to_HPM,6550.0,9507.0,16057.0,202140.0,0.0324032848520827,-3.429495476999356
2019/9/14,Saturday,LPW_to_HPM,4972.0,7750.0,12722.0,179852.0,0.0276449525165135,-3.588312116809433
2019/9/15,Sunday,LPW_to_HPM,4425.0,5913.0,10338.0,152423.0,0.0290310517441593,-3.539389272040754
2019/9/16,Monday,LPW_to_HPM,6334.0,8086.0,14420.0,177688.0,0.0356467516095628,-3.3340972552197603
2019/9/17,Tuesday,LPW_to_HPM,6798.0,8425.0,15223.0,181998.0,0.0373520588138331,-3.287367246731503
2019/9/18,Wednesday,LPW_to_HPM,6265.0,8792.0,15057.0,186931.0,0.033515040308991,-3.3957609764580057
2019/9/19,Thursday,LPW_to_HPM,6380.0,8738.0,15118.0,185175.0,0.034453894964223,-3.368133226542656
2019/9/20,Friday,LPW_to_HPM,6060.0,8703.0,14763.0,194885.0,0.0310952613079508,-3.47069984092563
2019/9/21,Saturday,LPW_to_HPM,4683.0,7215.0,11898.0,171841.0,0.0272519363830517,-3.6026307004690183
2019/9/22,Sunday,LPW_to_HPM,4116.0,6011.0,10127.0,149857.0,0.0274661844291557,-3.594799688079884
2019/9/23,Monday,LPW_to_HPM,5751.0,7448.0,13199.0,171859.0,0.0334634787820248,-3.3973006204469
2019/9/24,Tuesday,LPW_to_HPM,5817.0,7604.0,13421.0,175749.0,0.0330983391086151,-3.4082721758455365
2019/9/25,Wednesday,LPW_to_HPM,5641.0,7475.0,13116.0,174069.0,0.0324066893013689,-3.429390417574976
2019/9/26,Thursday,LPW_to_HPM,5646.0,7332.0,12978.0,171772.0,0.0328691521318957,-3.415220686226596
2019/9/27,Friday,LPW_to_HPM,5509.0,7882.0,13391.0,182253.0,0.0302272116234026,-3.49901271316806
2019/9/28,Saturday,LPW_to_HPM,4190.0,5845.0,10035.0,158811.0,0.0263835628514397,-3.635014082001379
2019/9/29,Sunday,LPW_to_HPM,3672.0,5399.0,9071.0,143333.0,0.0256186642294516,-3.664434121677159
2019/9/30,Monday,LPW_to_HPM,5173.0,6680.0,11853.0,156234.0,0.0331105905244697,-3.407902092351895
2019/10/1,Tuesday,LPW_to_HPM,5798.0,8027.0,13825.0,172265.0,0.0336574463762226,-3.391520958331418
2019/10/2,Wednesday,LPW_to_HPM,5905.0,8346.0,14251.0,176690.0,0.0334201143245231,-3.398597334979236
2019/10/3,Thursday,LPW_to_HPM,5842.0,8162.0,14004.0,175482.0,0.0332911637660842,-3.402463269577752
2019/10/4,Friday,LPW_to_HPM,5443.0,8350.0,13793.0,184137.0,0.0295595127540907,-3.521349666323146
2019/10/5,Saturday,LPW_to_HPM,4109.0,6946.0,11055.0,167362.0,0.0245515708464287,-3.706979441190688
2019/10/6,Sunday,LPW_to_HPM,3597.0,5457.0,9054.0,141088.0,0.0254947266953957,-3.6692836444620434
2019/10/7,Monday,LPW_to_HPM,5661.0,7401.0,13062.0,163994.0,0.0345195555934973,-3.3662292867345616
2019/10/8,Tuesday,LPW_to_HPM,5445.0,7825.0,13270.0,168080.0,0.0323952879581151,-3.4297423001518235
2019/10/9,Wednesday,LPW_to_HPM,4369.0,6239.0,10608.0,142393.0,0.0306826880534857,-3.4840566904969483
2019/10/10,Thursday,LPW_to_HPM,4802.0,6695.0,11497.0,152323.0,0.0315251143950683,-3.456970768428196
2019/10/11,Friday,LPW_to_HPM,4129.0,6995.0,11124.0,155020.0,0.026635272868017,-3.625518893949413
2019/10/12,Saturday,LPW_to_HPM,3352.0,5599.0,8951.0,139431.0,0.0240405648672103,-3.7280126726190375
2019/10/13,Sunday,LPW_to_HPM,2880.0,4497.0,7377.0,120827.0,0.0238357320797503,-3.736569476312016
2019/10/14,Monday,LPW_to_HPM,3920.0,6315.0,10235.0,134498.0,0.029145414801707,-3.535457675240492
2019/10/15,Tuesday,LPW_to_HPM,4683.0,7029.0,11712.0,150380.0,0.0311411091900518,-3.4692264937484785
2019/10/16,Wednesday,LPW_to_HPM,5194.0,7954.0,13148.0,160255.0,0.0324108452154379,-3.429262183321524
2019/10/17,Thursday,LPW_to_HPM,5007.0,7762.0,12769.0,156066.0,0.032082580446734,-3.439442061353002
2019/10/18,Friday,LPW_to_HPM,4787.0,8202.0,12989.0,167406.0,0.0285951519061443,-3.554518089296592
2019/10/19,Saturday,LPW_to_HPM,3895.0,6986.0,10881.0,153425.0,0.0253869969040247,-3.673518168952452
2019/10/20,Sunday,LPW_to_HPM,3325.0,5586.0,8911.0,132356.0,0.0251216416331711,-3.684025587878488
2019/10/21,Monday,LPW_to_HPM,4591.0,7483.0,12074.0,145769.0,0.0314950366676042,-3.457925311673196
2019/10/22,Tuesday,LPW_to_HPM,4862.0,8032.0,12894.0,155135.0,0.0313404454185064,-3.462845829694939
2019/10/23,Wednesday,LPW_to_HPM,4989.0,7930.0,12919.0,158491.0,0.0314781280956016,-3.458462320491874
2019/10/24,Thursday,LPW_to_HPM,4787.0,8020.0,12807.0,156711.0,0.030546675089815,-3.4884994343181
2019/10/25,Friday,LPW_to_HPM,4681.0,8020.0,12701.0,160739.0,0.0291217439451533,-3.5362701692204617
2019/10/26,Saturday,LPW_to_HPM,3578.0,6364.0,9942.0,150287.0,0.0238077811121387,-3.7377428142523024
2019/10/27,Sunday,LPW_to_HPM,3050.0,5142.0,8192.0,124836.0,0.024432054855971,-3.71185928525744
2019/10/28,Monday,LPW_to_HPM,4461.0,7025.0,11486.0,141109.0,0.0316138587900134,-3.4541596852284573
2019/10/29,Tuesday,LPW_to_HPM,4803.0,7654.0,12457.0,152238.0,0.0315492846726835,-3.45620436306705
2019/10/30,Wednesday,LPW_to_HPM,4641.0,7120.0,11761.0,151402.0,0.0306534920278463,-3.485008690696691
2019/10/31,Thursday,LPW_to_HPM,4424.0,8260.0,12684.0,161099.0,0.0274613746826485,-3.5949748186189887
2019/11/1,Friday,LPW_to_HPM,4483.0,7915.0,12398.0,161848.0,0.027698828530473,-3.5863651580018114
2019/11/2,Saturday,LPW_to_HPM,3506.0,5915.0,9421.0,144161.0,0.024320031076366,-3.716454944073885
2019/11/3,Sunday,LPW_to_HPM,3209.0,4983.0,8192.0,128553.0,0.0249624668424696,-3.690381908534742
2019/11/4,Monday,LPW_to_HPM,4566.0,6905.0,11471.0,144591.0,0.0315787289665331,-3.4552715190161325
2019/11/5,Tuesday,LPW_to_HPM,4747.0,7180.0,11927.0,149228.0,0.0318103841102206,-3.447962498153448
2019/11/6,Wednesday,LPW_to_HPM,4853.0,7295.0,12148.0,153641.0,0.0315866207587818,-3.455021641755132
2019/11/7,Thursday,LPW_to_HPM,4817.0,7437.0,12254.0,153885.0,0.0313025960944861,-3.4640542425597034
2019/11/8,Friday,LPW_to_HPM,4638.0,7661.0,12299.0,162457.0,0.0285490929907606,-3.5561301125350098
2019/11/9,Saturday,LPW_to_HPM,3504.0,6239.0,9743.0,143889.0,0.0243521047474094,-3.7151369959237504
2019/11/10,Sunday,LPW_to_HPM,3083.0,5012.0,8095.0,128387.0,0.0240133346834181,-3.729145991120196
2019/11/11,Monday,LPW_to_HPM,3720.0,6415.0,10135.0,134359.0,0.0276870176169813,-3.586791653740065
2019/11/12,Tuesday,LPW_to_HPM,4816.0,7245.0,12061.0,153271.0,0.0314214691624638,-3.46026388841702
2019/11/13,Wednesday,LPW_to_HPM,4964.0,7359.0,12323.0,154412.0,0.0321477605367458,-3.437412487435512
2019/11/14,Thursday,LPW_to_HPM,4780.0,7312.0,12092.0,154469.0,0.0309447202998659,-3.475552882452895
2019/11/15,Friday,LPW_to_HPM,4615.0,7883.0,12498.0,164565.0,0.0280436301765259,-3.573993760982752
2019/11/16,Saturday,LPW_to_HPM,3483.0,6056.0,9539.0,149297.0,0.0233293368252543,-3.7580436191884696
2019/11/17,Sunday,LPW_to_HPM,3013.0,4959.0,7972.0,130434.0,0.0230998052654982,-3.767931091554936
2019/11/18,Monday,LPW_to_HPM,4636.0,7037.0,11673.0,147292.0,0.0314748934090106,-3.458565085586115
2019/11/19,Tuesday,LPW_to_HPM,4734.0,7245.0,11979.0,153467.0,0.030847022486919,-3.478715049109794
2019/11/20,Wednesday,LPW_to_HPM,4570.0,6650.0,11220.0,148207.0,0.0308352506966607,-3.479096740308696
2019/11/21,Thursday,LPW_to_HPM,4779.0,7025.0,11804.0,155269.0,0.0307788418808648,-3.4809277769821665
2019/11/22,Friday,LPW_to_HPM,4571.0,7587.0,12158.0,164368.0,0.0278095493040007,-3.582375817124303
2019/11/23,Saturday,LPW_to_HPM,3631.0,6152.0,9783.0,141929.0,0.0255832141422824,-3.66581884012738
2019/11/24,Sunday,LPW_to_HPM,3268.0,4862.0,8130.0,128744.0,0.025383707201889,-3.6736477595184382
2019/11/25,Monday,LPW_to_HPM,4654.0,6986.0,11640.0,147827.0,0.0314827467242114,-3.458315606246517
2019/11/26,Tuesday,LPW_to_HPM,4581.0,7002.0,11583.0,150257.0,0.0304877642971708,-3.490429846443781
2019/11/27,Wednesday,LPW_to_HPM,4159.0,6157.0,10316.0,136918.0,0.0303758453965147,-3.494107545724704
2019/11/28,Thursday,LPW_to_HPM,1833.0,2995.0,4828.0,79039.0,0.0231910828831336,-3.763987432680149
2019/11/29,Friday,LPW_to_HPM,2935.0,5877.0,8812.0,117388.0,0.0250025556274917,-3.6887772342388976
2019/11/30,Saturday,LPW_to_HPM,3083.0,5180.0,8263.0,117887.0,0.0261521626642462,-3.64382338962522
2019/12/1,Sunday,LPW_to_HPM,2823.0,4483.0,7306.0,115166.0,0.0245124429084973,-3.708574416539496
2019/12/2,Monday,LPW_to_HPM,4678.0,7206.0,11884.0,149363.0,0.0313196708689568,-3.4635089165687485
2019/12/3,Tuesday,LPW_to_HPM,4972.0,7414.0,12386.0,154741.0,0.0321311094021623,-3.43793057790511
2019/12/4,Wednesday,LPW_to_HPM,4705.0,6520.0,11225.0,148507.0,0.0316820082555031,-3.452006322141586
2019/12/5,Thursday,LPW_to_HPM,4915.0,7565.0,12480.0,161821.0,0.0303730665364816,-3.494199032467318
2019/12/6,Friday,LPW_to_HPM,4957.0,8055.0,13012.0,169356.0,0.0292697040553626,-3.531202289181436
2019/12/7,Saturday,LPW_to_HPM,3871.0,6192.0,10063.0,150148.0,0.0257812291872019,-3.658108602731799
2019/12/8,Sunday,LPW_to_HPM,3305.0,4803.0,8108.0,127958.0,0.0258287875709217,-3.656265611771181
2019/12/9,Monday,LPW_to_HPM,4842.0,7240.0,12082.0,153059.0,0.0316348597599618,-3.4534956094589666
2019/12/10,Tuesday,LPW_to_HPM,4946.0,7600.0,12546.0,158732.0,0.0311594385505128,-3.4686380764181464
2019/12/11,Wednesday,LPW_to_HPM,4888.0,7654.0,12542.0,162072.0,0.0301594353127005,-3.501257459071357
2019/12/12,Thursday,LPW_to_HPM,5061.0,8063.0,13124.0,167631.0,0.0301913130626196,-3.500201042912753
2019/12/13,Friday,LPW_to_HPM,5048.0,8473.0,13521.0,177711.0,0.0284056698797485,-3.5611665100880026
2019/12/14,Saturday,LPW_to_HPM,4121.0,6748.0,10869.0,155040.0,0.0265802373581011,-3.627587295785777
2019/12/15,Sunday,LPW_to_HPM,3417.0,5144.0,8561.0,132586.0,0.0257719517897817,-3.658468518350759
2019/12/16,Monday,LPW_to_HPM,4766.0,7673.0,12439.0,159129.0,0.0299505432699256,-3.508207815355623
2019/12/17,Tuesday,LPW_to_HPM,4866.0,7741.0,12607.0,161619.0,0.0301078462309505,-3.5029694690717808
2019/12/18,Wednesday,LPW_to_HPM,4867.0,7985.0,12852.0,170731.0,0.0285068323854484,-3.5576114876161027
2019/12/19,Thursday,LPW_to_HPM,4937.0,7846.0,12783.0,175572.0,0.0281195179185747,-3.5712913559073005
2019/12/20,Friday,LPW_to_HPM,4853.0,8199.0,13052.0,173972.0,0.027895293495505,-3.5792972963022827
2019/12/21,Saturday,LPW_to_HPM,3524.0,6824.0,10348.0,149963.0,0.023499129785347,-3.750791888928432
2019/12/22,Sunday,LPW_to_HPM,3583.0,5445.0,9028.0,132660.0,0.0270088949193426,-3.611589025774596
2019/12/23,Monday,LPW_to_HPM,4006.0,6707.0,10713.0,147138.0,0.0272261414454457,-3.603577684671174
2019/12/24,Tuesday,LPW_to_HPM,3506.0,5702.0,9208.0,134672.0,0.0260336224307948,-3.648366405970178
2019/12/25,Wednesday,LPW_to_HPM,1806.0,2734.0,4540.0,75121.0,0.0240412135088723,-3.7279856918506895
2019/12/26,Thursday,LPW_to_HPM,2847.0,5272.0,8119.0,113372.0,0.0251120206047348,-3.68440863892933
2019/12/27,Friday,LPW_to_HPM,3282.0,6418.0,9700.0,128655.0,0.0255100851113442,-3.668681410442599
2019/12/28,Saturday,LPW_to_HPM,2809.0,5668.0,8477.0,122547.0,0.0229218177515565,-3.77566608174822
2019/12/29,Sunday,LPW_to_HPM,2682.0,4957.0,7639.0,114970.0,0.0233278246499086,-3.758108439906165
2019/12/30,Monday,LPW_to_HPM,3636.0,6520.0,10156.0,135289.0,0.0268757992150137,-3.616529054743415
2019/12/31,Tuesday,LPW_to_HPM,3389.0,5881.0,9270.0,138573.0,0.0244564236900406,-3.710862369959088
