panel,sensitivity_group,sensitivity_id,poverty_threshold,composition_threshold,threshold_value,model,model_name,direction,direction_label,mean_R,sem_R,sd_R,median_R,delta_mean_R_vs_baseline,city_count,Los Angeles,San Diego,"Washington, D.C",Miami,Atlanta,Chicago,Boston,Detroit,New York,Pittsburgh,Philadelphia,Dallas,San Francisco,Houston,Phoenix,St. Louis
Panel A: Poverty Sensitivity,poverty_threshold,P20,20,50,20,Gravity,Gravity Model,HPM_to_LPW,HPM → LPW,1.008993335767752,0.058607341627092274,0.2344293665083691,1.0136703872920867,0.011059292156751,16,1.1260028210499058,1.006632359606098,1.125350706620212,1.370654380145135,0.9847470165559276,1.2198079133158644,1.042528086038489,0.8527038954898939,1.258118687110184,0.8360117940352706,1.2579620011365875,0.9694699815777096,0.98874576107947,1.0207084149780756,0.4979856094082588,0.5864639441369484
Panel A: Poverty Sensitivity,poverty_threshold,P20,20,50,20,Gravity,Gravity Model,LPW_to_HPM,LPW → HPM,0.5685461479428813,0.025108312139508874,0.1004332485580355,0.5585513205928183,0.0142564492175552,16,0.4599932170985951,0.6436237914759178,0.5122677783332951,0.7947414527225691,0.6642865344033283,0.5909241235851898,0.4480553940032086,0.5261785176004469,0.4758941099778032,0.5965321775457786,0.6438236846295562,0.525129324157785,0.6041848539984249,0.6823511475765689,0.4834383847698494,0.4453138752077843
Panel A: Poverty Sensitivity,poverty_threshold,P20,20,50,20,IOM,Intervening Opportunities (IOM),HPM_to_LPW,HPM → LPW,1.2758715235893303,0.11798837859769094,0.4719535143907638,1.2045705974636949,-0.0003578800286234,16,1.875655905115372,1.130384397035318,1.019932264261966,1.6921315540046111,1.3199355324222042,1.8937501359584017,1.2066838729128522,1.214805163862094,2.2361148048827806,0.9455699578059316,1.5566398702085489,1.0681930608779515,0.9607760102757718,1.2024573220145376,0.4986987408259389,0.5922157849650105
Panel A: Poverty Sensitivity,poverty_threshold,P20,20,50,20,IOM,Intervening Opportunities (IOM),LPW_to_HPM,LPW → HPM,0.6553663838537503,0.03422082444640712,0.1368832977856285,0.6778862995808911,-0.0043881255107491,16,0.6766745086052994,0.692942188818595,0.5321795142744649,0.7831938729546468,0.8642122205297073,0.891752853579573,0.432149804626007,0.6868228436335819,0.7504036738846069,0.6724661245459899,0.6790980905564827,0.5724431006728774,0.6108191174677824,0.7147917138235866,0.4857742021113436,0.4401383115754609
Panel A: Poverty Sensitivity,poverty_threshold,P20,20,50,20,Choice_IOM,Choice-IOM (τ = 0.5),HPM_to_LPW,HPM → LPW,1.1197846696889833,0.07865854651333035,0.3146341860533214,1.095502328126904,-0.0169346429037473,16,1.5351909376821424,0.9858291969659224,1.1477186811046425,1.3481478215808338,1.3366745629683163,1.4636784333658508,1.0620889491002208,0.9766949567782864,1.6380516974369292,0.8733164357651945,1.2886913845680408,1.0909227642002035,0.989166385748738,1.1000818920536048,0.4939720126569252,0.5863286030478815
Panel A: Poverty Sensitivity,poverty_threshold,P20,20,50,20,Choice_IOM,Choice-IOM (τ = 0.5),LPW_to_HPM,LPW → HPM,0.6731402984471462,0.03622633205787715,0.1449053282315086,0.6916343218876582,-0.0023152077656057,16,0.7994481110790322,0.7803588975935584,0.5069905519592333,0.8876923850335201,0.8880968534964667,0.763736010391987,0.4883783181920261,0.6875973736568527,0.6516698158163938,0.7694559306467736,0.6956712701184636,0.5664351635953151,0.5751574806135479,0.7709703519344343,0.4938449514255889,0.4447413096011449
Panel A: Poverty Sensitivity,poverty_threshold,P25,25,50,25,Gravity,Gravity Model,HPM_to_LPW,HPM → LPW,1.0003907022855576,0.05541598220433733,0.2216639288173493,1.0167583933167568,0.0024566586745567,16,1.13260193427853,1.0420088304271102,1.1875661784961138,1.341113480819318,0.9614357856026328,1.2211958778161305,1.0234077589349713,0.833922466017634,1.19479532665146,0.8292097024316091,1.1675424965477206,0.9573606673001188,0.9789675752509044,1.0101090276985425,0.5023153495096663,0.6226987787864591
Panel A: Poverty Sensitivity,poverty_threshold,P25,25,50,25,Gravity,Gravity Model,LPW_to_HPM,LPW → HPM,0.5735111582202048,0.03150592340954215,0.1260236936381686,0.5583279615089013,0.0192214594948787,16,0.4330655941459349,0.7793501517134419,0.5208150788488628,0.7940067447087863,0.6712570497769327,0.6125839892166954,0.4338658575872073,0.5563898985052022,0.5014761648717253,0.6619175145887023,0.6588209925721781,0.5602660245126004,0.3972185439133992,0.688135790127773,0.4673946429921323,0.4396144934417015
Panel A: Poverty Sensitivity,poverty_threshold,P25,25,50,25,IOM,Intervening Opportunities (IOM),HPM_to_LPW,HPM → LPW,1.2721735113332255,0.115483326245978,0.461933304983912,1.18832631815053,-0.0040558922847284,16,2.0102376332930727,1.1959722167624045,1.0607449768631485,1.6945446210953825,1.3253053101313006,1.9786033951340367,1.2067157137997298,1.162621413606216,2.0439502631564097,0.926496636902164,1.43529113949193,1.0512846952200543,0.9520497443603884,1.180680419538655,0.5028430976245717,0.6274349043521432
Panel A: Poverty Sensitivity,poverty_threshold,P25,25,50,25,IOM,Intervening Opportunities (IOM),LPW_to_HPM,LPW → HPM,0.6698232501221347,0.043626060287322875,0.1745042411492915,0.7070313649472053,0.0100687407576351,16,0.6808157862401871,0.8498117248533165,0.5415254280262655,0.7811845657732509,0.8956991737877583,0.9761752496119848,0.4165296533777755,0.7171599058093113,0.7753816576889879,0.7349315246224175,0.6969028240850993,0.6121087402969486,0.4092972292197984,0.7224278472409806,0.4701131077225464,0.4371075835975264
Panel A: Poverty Sensitivity,poverty_threshold,P25,25,50,25,Choice_IOM,Choice-IOM (τ = 0.5),HPM_to_LPW,HPM → LPW,1.123530457892981,0.07892397177331617,0.3156958870932647,1.0889115454175076,-0.0131888546997496,16,1.6597834394568736,1.036897125629349,1.198232521729971,1.3290765283416746,1.3576759693631768,1.5029637934157185,1.0664966551631188,0.9532520586302364,1.5421523599236842,0.8629606054190938,1.2003229354156768,1.084632216714648,0.9728265989769626,1.0931908741203673,0.4979745366623719,0.6180491073247738
Panel A: Poverty Sensitivity,poverty_threshold,P25,25,50,25,Choice_IOM,Choice-IOM (τ = 0.5),LPW_to_HPM,LPW → HPM,0.6885830162665871,0.0468420617813333,0.1873682471253332,0.7168504248196339,0.0131275100538351,16,0.8061164967911826,0.9499281204972316,0.5100254224328189,0.9101252364652924,0.9263056532141573,0.8148439604483736,0.4802174164743433,0.7169739970881897,0.6737927307952691,0.8345934449700779,0.7167268525510782,0.6043829959890586,0.3715594356456488,0.7860379995801182,0.4796496490659208,0.4360488482566325
Panel A: Poverty Sensitivity,poverty_threshold,P30_Baseline,30,50,30,Gravity,Gravity Model,HPM_to_LPW,HPM → LPW,0.9979340436110008,0.05616344957869687,0.2246537983147875,1.0089507447592905,0.0,16,1.1419841472380603,1.021092006260449,1.2396272030111632,1.3011259725835356,0.9725085644619652,1.2170566086690655,1.0663536337188624,0.8822273239179913,1.1481835534967566,0.8251049073094321,1.1550042464247603,0.9521047839348504,0.982445289460314,0.9968094832581316,0.476704057017707,0.5886129170129683
Panel A: Poverty Sensitivity,poverty_threshold,P30_Baseline,30,50,30,Gravity,Gravity Model,LPW_to_HPM,LPW → HPM,0.5542896987253261,0.0248888755150768,0.0995555020603072,0.5481376742816992,0.0,16,0.4709207012458803,0.7618179689174482,0.6287903193540229,0.5305470138311773,0.5566891468315484,0.6014652585370672,0.4781294744100196,0.5590344997334394,0.5395862017318501,0.6547643406569357,0.6637445635800341,0.4976677868225468,0.3992238961054806,0.6470148639482177,0.4442706862334406,0.4349684576661092
Panel A: Poverty Sensitivity,poverty_threshold,P30_Baseline,30,50,30,IOM,Intervening Opportunities (IOM),HPM_to_LPW,HPM → LPW,1.276229403617954,0.12113729735695165,0.4845491894278066,1.1880500795581757,0.0,16,2.291534028812919,1.1455478179094425,1.089143079569744,1.722191754857885,1.3245506028515035,1.947070648983953,1.2073858082823363,1.1993882582193454,1.886931349351756,0.9214205968060816,1.4120754547196717,1.068440111388084,0.9566202484168088,1.176711900897006,0.4778363940588148,0.5928224027619131
Panel A: Poverty Sensitivity,poverty_threshold,P30_Baseline,30,50,30,IOM,Intervening Opportunities (IOM),LPW_to_HPM,LPW → HPM,0.6597545093644995,0.04270926458324935,0.1708370583329974,0.697265672514841,0.0,16,0.8738117183453035,0.8029098772278301,0.6904248989589928,0.522369666600433,0.747126029044875,0.9714420895251922,0.4574067126128224,0.704106446070689,0.8260058394539773,0.7289221408266312,0.7064122532260153,0.5524507314888353,0.4119995962899239,0.6793439488923266,0.4469440626301899,0.4343961386379547
Panel A: Poverty Sensitivity,poverty_threshold,P30_Baseline,30,50,30,Choice_IOM,Choice-IOM (τ = 0.5),HPM_to_LPW,HPM → LPW,1.1367193125927306,0.08707244875190517,0.3482897950076207,1.0953075282562086,0.0,16,1.8930793925290383,1.0016520362602468,1.249319989336143,1.3306824909232278,1.3661397241714264,1.5160602060261854,1.0951503497705986,1.0021749408569185,1.4637611677952178,0.8592279183140753,1.1906466045584758,1.0954647067418186,0.9765154999445206,1.0908891931106677,0.4731755297220164,0.5835692514231159
Panel A: Poverty Sensitivity,poverty_threshold,P30_Baseline,30,50,30,Choice_IOM,Choice-IOM (τ = 0.5),LPW_to_HPM,LPW → HPM,0.675455506212752,0.045709490552679824,0.1828379622107193,0.7092197042331906,0.0,16,1.021281343132446,0.9420709787388116,0.590978882106344,0.6423984328532665,0.772912711536905,0.8090426734465718,0.5114559089011955,0.704410762590768,0.7140286458756132,0.8239331588755608,0.7252089511498089,0.537739304514325,0.3738691116254513,0.7475212209273236,0.4578396668614826,0.4325963462681563
Panel A: Poverty Sensitivity,poverty_threshold,P35,35,50,35,Gravity,Gravity Model,HPM_to_LPW,HPM → LPW,0.991331552478954,0.05778943253033535,0.2311577301213414,1.0015531099907138,-0.0066024911320466,16,1.1416001613281634,1.0170744687020743,1.2384253010268382,1.313045457062156,0.93692563309175,1.2462866911528052,1.0914019680634766,0.8760142733774207,1.1121092684636755,0.8192838824254117,1.105250302901282,0.9628485316681734,0.9723767595107168,0.9860317512793528,0.4158611834547071,0.6267692061552633
Panel A: Poverty Sensitivity,poverty_threshold,P35,35,50,35,Gravity,Gravity Model,LPW_to_HPM,LPW → HPM,0.5575756638332211,0.030162779625083826,0.1206511185003353,0.5378847588727085,0.003285965107895,16,0.4622817371712004,0.7692039803212671,0.6268804202277966,0.5212484327783853,0.6828604206425359,0.7011220953873218,0.4156078262091026,0.561197918427837,0.5545210849670318,0.5125598811975289,0.6711083960080322,0.4615189604215862,0.4169152719233087,0.7104658650469818,0.4410642360230983,0.4126540945785228
Panel A: Poverty Sensitivity,poverty_threshold,P35,35,50,35,IOM,Intervening Opportunities (IOM),HPM_to_LPW,HPM → LPW,1.2793141918298807,0.1275497371077232,0.5101989484308928,1.171461968046032,0.0030847882119267,16,2.45820680364046,1.1299288832280163,1.0777119954599252,1.7065077252686334,1.3844875598443604,2.00982211733207,1.210372954289237,1.2033091503636937,1.7881578788604109,0.914219159229816,1.3443138899240137,1.089150064890891,0.9647303145470238,1.1396147857283707,0.4176302216398909,0.6308635650312769
Panel A: Poverty Sensitivity,poverty_threshold,P35,35,50,35,IOM,Intervening Opportunities (IOM),LPW_to_HPM,LPW → HPM,0.6830389954445512,0.05728595377543545,0.2291438151017418,0.6933005360889237,0.0232844860800516,16,0.8947442487908335,0.8041974323826618,0.6738564610760197,0.5069689082917436,1.0697259093702367,1.143945088186639,0.3954330758519811,0.7175726917568548,0.8477284087574939,0.5773891803101906,0.7127446111018277,0.5102036022002677,0.4719524898395298,0.7505179018870973,0.4442312047812388,0.407412712528203
Panel A: Poverty Sensitivity,poverty_threshold,P35,35,50,35,Choice_IOM,Choice-IOM (τ = 0.5),HPM_to_LPW,HPM → LPW,1.142786078944407,0.09366351262333775,0.374654050493351,1.1083145879138283,0.0060667663516766,16,2.0199332359017643,0.9936032087628068,1.245708539127116,1.313947853481927,1.4301125424561765,1.5738000086133186,1.109296970269264,1.005095011133247,1.4000472902958707,0.859057083030593,1.1441303054538234,1.1073322055583927,0.9725008949710832,1.0754221859006563,0.4134068191137082,0.6211831090407683
Panel A: Poverty Sensitivity,poverty_threshold,P35,35,50,35,Choice_IOM,Choice-IOM (τ = 0.5),LPW_to_HPM,LPW → HPM,0.6931344086548122,0.05759464054627673,0.2303785621851069,0.6802210360218324,0.0176789024420602,16,1.0810892355187718,0.9604946906229476,0.5948759599534916,0.6305175621833745,1.0684141555597768,0.9427723915857248,0.4335683237989733,0.7071882842138023,0.7226506926207058,0.6532537878298624,0.7342722897732681,0.5056123602291821,0.3759697920757826,0.8122077600034584,0.4565262726196002,0.4107369798882744
Panel A: Poverty Sensitivity,poverty_threshold,P40,40,50,40,Gravity,Gravity Model,HPM_to_LPW,HPM → LPW,1.0015095200547104,0.057116987096184076,0.2284679483847363,1.077591570189908,0.0035754764437095,16,1.1431816779906283,1.107312128339901,1.2337294705358812,1.3216911010807275,0.9195960776326172,1.2076389419800324,1.0935964581910025,0.8397477850369687,1.0779387247907577,0.8123463864544831,1.0772444155890586,1.0244208012719995,1.1205729477599604,0.9535208526878076,0.4198755545650531,0.6717389969684856
Panel A: Poverty Sensitivity,poverty_threshold,P40,40,50,40,Gravity,Gravity Model,LPW_to_HPM,LPW → HPM,0.6199606466256675,0.05119733897120705,0.2047893558848282,0.5848279739950721,0.0656709479003414,16,0.5109153174951814,1.2583802266858646,0.7346012826531125,0.5762177053612676,0.4919738531533406,0.7310728234356818,0.4246106920542803,0.5719975344851073,0.6167140750087345,0.5934382426288768,0.7007432721431376,0.6152830014157209,0.4460054307552407,0.7499274019555054,0.5272367911993897,0.370252695580239
Panel A: Poverty Sensitivity,poverty_threshold,P40,40,50,40,IOM,Intervening Opportunities (IOM),HPM_to_LPW,HPM → LPW,1.2913935362655973,0.12590494942544514,0.5036197977017806,1.2119397215007155,0.0151641326476432,16,2.468840823909513,1.2251763929025037,1.0562329345993444,1.7472866487372096,1.3518520965378449,2.050089879516898,1.2267638453537704,1.1014473158202862,1.707030383001947,0.9001992912881257,1.3022189232947363,1.1987030500989273,1.1405116130342028,1.085347310369846,0.4220510493082888,0.6785450224761128
Panel A: Poverty Sensitivity,poverty_threshold,P40,40,50,40,IOM,Intervening Opportunities (IOM),LPW_to_HPM,LPW → HPM,0.7734143730147656,0.06528356674938104,0.2611342669975242,0.7490663291349386,0.113659863650266,16,1.0314718853004168,1.3400033474399502,0.8106655199379293,0.575320406011403,0.7606233824737642,1.2049154035583278,0.4040424316004173,0.7093976906413743,0.9276852786034684,0.667754743692008,0.737509275796113,0.7146286977868754,0.8037652017465038,0.7927035512680769,0.5299255552812051,0.3642175970984146
Panel A: Poverty Sensitivity,poverty_threshold,P40,40,50,40,Choice_IOM,Choice-IOM (τ = 0.5),HPM_to_LPW,HPM → LPW,1.1602455834123704,0.0944382747971229,0.3777530991884916,1.1349659714351124,0.0235262708196397,16,2.1007478704110354,1.0860468792548417,1.2034029213470048,1.3410642604812937,1.3885701356982127,1.5715391676776411,1.1279268748242322,0.9409027317493884,1.3504375469854544,0.8519441143323871,1.1128566761675545,1.2234535218529825,1.1420050680459926,1.035982279434971,0.4180743373204753,0.6689749490144605
Panel A: Poverty Sensitivity,poverty_threshold,P40,40,50,40,Choice_IOM,Choice-IOM (τ = 0.5),LPW_to_HPM,LPW → HPM,0.7592995763884303,0.07597641949780817,0.3039056779912327,0.7341490017706518,0.0838440701756783,16,1.2137100260150455,1.5531935063213993,0.6591852891320168,0.716964773301789,0.7579090561549263,0.988679282829513,0.4465386995565979,0.6937692116447657,0.7962494886403014,0.7513332302395145,0.7663514168270277,0.6910951149713853,0.348997861635105,0.8529556123787463,0.5418451508885597,0.3700155016781916
Panel B: Composition Sensitivity,composition_threshold,C40,30,40,40,Gravity,Gravity Model,HPM_to_LPW,HPM → LPW,1.0103417110695605,0.04879989929449227,0.1951995971779691,1.078590524458681,0.0124076674585597,16,1.1472868055340326,1.121012673944179,1.2460268588748316,1.163018604891518,0.99263716497698,1.1952366798669152,1.0341650220565564,0.9771750251504678,1.124190870746714,0.8459453351417296,1.0940033772035185,1.092697162405836,0.873502351711623,1.0644838865115265,0.5320103888938131,0.6620751692027265
Panel B: Composition Sensitivity,composition_threshold,C40,30,40,40,Gravity,Gravity Model,LPW_to_HPM,LPW → HPM,0.7053246205611965,0.07356649943396973,0.2942659977358789,0.6369274590586549,0.1510349218358704,16,0.5571227213604855,0.8050239431393179,0.6851542707294117,0.5655347978230036,0.6946120541210711,0.6456592865216777,0.5541497524852783,0.6281956315956322,0.6032622512709511,0.6670652084730193,0.8071400503971792,0.595261603098106,1.7543151850968246,0.7114882763099274,0.5065220900595422,0.5046868064977165
Panel B: Composition Sensitivity,composition_threshold,C40,30,40,40,IOM,Intervening Opportunities (IOM),HPM_to_LPW,HPM → LPW,1.2280336063451915,0.09283549407068314,0.3713419762827326,1.2349348856773643,-0.0481957972727624,16,1.8612408849894704,1.2091899741791132,1.0929886960596131,1.4613495287065947,1.3328011125847044,1.7635508393671804,1.1466297479030276,1.2572075706942247,1.7508143679305204,0.9276149598099368,1.2921872173315203,1.212662200660504,0.8802477828014226,1.261194809228499,0.5324770508404889,0.666380958436244
Panel B: Composition Sensitivity,composition_threshold,C40,30,40,40,IOM,Intervening Opportunities (IOM),LPW_to_HPM,LPW → HPM,0.8105683423931804,0.08174480982178935,0.3269792392871574,0.7577064642936436,0.1508138330286809,16,0.9137055709694666,0.8335773825138755,0.7562093418124541,0.5742082583570473,0.9135396556551576,0.9528381936727384,0.5179213535950687,0.7592035867748331,0.8814733061573726,0.7267351227897101,0.8414608266030292,0.6355892256086589,1.897922388391564,0.7522652372444405,0.5065695887154713,0.5058744394299997
Panel B: Composition Sensitivity,composition_threshold,C40,30,40,40,Choice_IOM,Choice-IOM (τ = 0.5),HPM_to_LPW,HPM → LPW,1.1197844733436022,0.0712721277078892,0.2850885108315568,1.1330753076144735,-0.0169348392491284,16,1.6247466396452566,1.0981475383339303,1.2638039612357126,1.2005226256523334,1.3750694116628792,1.431624030768689,1.0453971476512194,1.077365150945007,1.3889626579173102,0.873225130166935,1.1199756075912697,1.213325299765691,0.871031400161215,1.146175007637678,0.5290325274637965,0.6581474368987107
Panel B: Composition Sensitivity,composition_threshold,C40,30,40,40,Choice_IOM,Choice-IOM (τ = 0.5),LPW_to_HPM,LPW → HPM,0.8121344765013201,0.06386519703491693,0.2554607881396677,0.8018297215583479,0.1366789702885681,16,1.0308968213327296,0.9837554275379876,0.6441709870617376,0.6616177568447615,0.9536112068341546,0.8274044117890051,0.5934556079897012,0.765511099036822,0.7800899229955542,0.8235695201211415,0.875444334888468,0.6426537377527595,1.5628751347964034,0.829025067528984,0.5192093602338296,0.5008612272770825
Panel B: Composition Sensitivity,composition_threshold,C45,30,45,45,Gravity,Gravity Model,HPM_to_LPW,HPM → LPW,0.99736691154777,0.05089599543793955,0.2035839817517582,1.0366772607618104,-0.0005671320632308,16,1.1538305781700653,1.06820968170876,1.2197638756522386,1.2089574912654464,0.9824994928442444,1.1928437761608215,1.0399782936077375,0.9676978037978876,1.1234264040308457,0.8405186541813819,1.1261541954669645,1.0013759794448602,0.8673377585523048,1.0333762279158831,0.4977661284906054,0.6341342434742719
Panel B: Composition Sensitivity,composition_threshold,C45,30,45,45,Gravity,Gravity Model,LPW_to_HPM,LPW → HPM,0.610482265494517,0.023119491492196925,0.0924779659687877,0.6141722893862447,0.0561925667691909,16,0.5144677948470809,0.736099812062495,0.639555239580572,0.5419218751108646,0.6810275655679986,0.6479830915412845,0.5103114814146994,0.5713642755605182,0.5887893391919174,0.6741523624998362,0.6992677719536216,0.5595072297046121,0.7766052039363301,0.6665921820271827,0.4781253471658102,0.4819456757474483
Panel B: Composition Sensitivity,composition_threshold,C45,30,45,45,IOM,Intervening Opportunities (IOM),HPM_to_LPW,HPM → LPW,1.2463301151314856,0.10628808474839803,0.4251523389935921,1.204177586832668,-0.0298992884864683,16,2.083673455152904,1.190256260492348,1.0684834493393771,1.592414099963554,1.307606767478392,1.8322015746371216,1.1594621188511514,1.2793472715338143,1.7912248981440275,0.9273248318078106,1.362048663466066,1.125682005692369,0.865737091218254,1.218098913172988,0.4988988898353844,0.6388215513182065
Panel B: Composition Sensitivity,composition_threshold,C45,30,45,45,IOM,Intervening Opportunities (IOM),LPW_to_HPM,LPW → HPM,0.7155111836288923,0.04051562160438652,0.1620624864175461,0.7199887340338189,0.0557566742643927,16,0.9027414847481224,0.7786114048493478,0.703930703041678,0.5436440978643472,0.8937960172718213,0.9941201423717196,0.4795180365284364,0.7057604721412799,0.8821956362289908,0.741341952031458,0.734216995926358,0.6114198458774136,0.8145240334157853,0.7012614510172501,0.4799529143261336,0.4811437504221346
Panel B: Composition Sensitivity,composition_threshold,C45,30,45,45,Choice_IOM,Choice-IOM (τ = 0.5),HPM_to_LPW,HPM → LPW,1.1201166787310552,0.07840852870074545,0.3136341148029818,1.1298874901910714,-0.0166026338616753,16,1.7748116697155136,1.053473871900998,1.2332943488336046,1.232862299762726,1.3507776343508575,1.457227279377778,1.0617219572384984,1.0822741935060258,1.4060853392205273,0.8696835257111557,1.1548414320734064,1.1346614751020412,0.8610388020653895,1.1251135052801011,0.494286074645161,0.6297134509130985
Panel B: Composition Sensitivity,composition_threshold,C45,30,45,45,Choice_IOM,Choice-IOM (τ = 0.5),LPW_to_HPM,LPW → HPM,0.7272307155635532,0.04036480771952267,0.1614592308780907,0.7341659816338063,0.0517752093508012,16,1.0360747263096808,0.917717105742177,0.6012971476226521,0.6547975286501214,0.9273392425371773,0.8481683373175833,0.5480478610676965,0.704338735289527,0.76777299324504,0.8360507999043978,0.7639932279780857,0.6064076691164788,0.6816983346789851,0.7720200263298744,0.4912815653923762,0.4786861478349988
Panel B: Composition Sensitivity,composition_threshold,P30_Baseline,30,50,50,Gravity,Gravity Model,HPM_to_LPW,HPM → LPW,0.9979340436110008,0.05616344957869687,0.2246537983147875,1.0089507447592905,0.0,16,1.1419841472380603,1.021092006260449,1.2396272030111632,1.3011259725835356,0.9725085644619652,1.2170566086690655,1.0663536337188624,0.8822273239179913,1.1481835534967566,0.8251049073094321,1.1550042464247603,0.9521047839348504,0.982445289460314,0.9968094832581316,0.476704057017707,0.5886129170129683
Panel B: Composition Sensitivity,composition_threshold,P30_Baseline,30,50,50,Gravity,Gravity Model,LPW_to_HPM,LPW → HPM,0.5542896987253261,0.0248888755150768,0.0995555020603072,0.5481376742816992,0.0,16,0.4709207012458803,0.7618179689174482,0.6287903193540229,0.5305470138311773,0.5566891468315484,0.6014652585370672,0.4781294744100196,0.5590344997334394,0.5395862017318501,0.6547643406569357,0.6637445635800341,0.4976677868225468,0.3992238961054806,0.6470148639482177,0.4442706862334406,0.4349684576661092
Panel B: Composition Sensitivity,composition_threshold,P30_Baseline,30,50,50,IOM,Intervening Opportunities (IOM),HPM_to_LPW,HPM → LPW,1.276229403617954,0.12113729735695165,0.4845491894278066,1.1880500795581757,0.0,16,2.291534028812919,1.1455478179094425,1.089143079569744,1.722191754857885,1.3245506028515035,1.947070648983953,1.2073858082823363,1.1993882582193454,1.886931349351756,0.9214205968060816,1.4120754547196717,1.068440111388084,0.9566202484168088,1.176711900897006,0.4778363940588148,0.5928224027619131
Panel B: Composition Sensitivity,composition_threshold,P30_Baseline,30,50,50,IOM,Intervening Opportunities (IOM),LPW_to_HPM,LPW → HPM,0.6597545093644995,0.04270926458324935,0.1708370583329974,0.697265672514841,0.0,16,0.8738117183453035,0.8029098772278301,0.6904248989589928,0.522369666600433,0.747126029044875,0.9714420895251922,0.4574067126128224,0.704106446070689,0.8260058394539773,0.7289221408266312,0.7064122532260153,0.5524507314888353,0.4119995962899239,0.6793439488923266,0.4469440626301899,0.4343961386379547
Panel B: Composition Sensitivity,composition_threshold,P30_Baseline,30,50,50,Choice_IOM,Choice-IOM (τ = 0.5),HPM_to_LPW,HPM → LPW,1.1367193125927306,0.08707244875190517,0.3482897950076207,1.0953075282562086,0.0,16,1.8930793925290383,1.0016520362602468,1.249319989336143,1.3306824909232278,1.3661397241714264,1.5160602060261854,1.0951503497705986,1.0021749408569185,1.4637611677952178,0.8592279183140753,1.1906466045584758,1.0954647067418186,0.9765154999445206,1.0908891931106677,0.4731755297220164,0.5835692514231159
Panel B: Composition Sensitivity,composition_threshold,P30_Baseline,30,50,50,Choice_IOM,Choice-IOM (τ = 0.5),LPW_to_HPM,LPW → HPM,0.675455506212752,0.045709490552679824,0.1828379622107193,0.7092197042331906,0.0,16,1.021281343132446,0.9420709787388116,0.590978882106344,0.6423984328532665,0.772912711536905,0.8090426734465718,0.5114559089011955,0.704410762590768,0.7140286458756132,0.8239331588755608,0.7252089511498089,0.537739304514325,0.3738691116254513,0.7475212209273236,0.4578396668614826,0.4325963462681563
Panel B: Composition Sensitivity,composition_threshold,C55,30,55,55,Gravity,Gravity Model,HPM_to_LPW,HPM → LPW,0.9545046518237784,0.061368075421855,0.24547230168742,0.9582714384419704,-0.0434293917872223,16,1.1356963022598103,0.9669196247600584,1.166464684202026,1.2995346078271242,0.9409252812288504,1.1788110318823934,1.0880106439732893,0.8322611938623329,1.1786238289572852,0.8252205923221975,1.1686020101362502,0.8599734700380717,0.7082851867604457,0.9496232521238828,0.4458174775278952,0.5273052413185422
Panel B: Composition Sensitivity,composition_threshold,C55,30,55,55,Gravity,Gravity Model,LPW_to_HPM,LPW → HPM,0.5286296658756131,0.0263096144474074,0.1052384577896296,0.5156472708621377,-0.0256600328497129,16,0.4228393148257444,0.7656635051181181,0.5456466384193178,0.5015133132441485,0.5297812284801269,0.5922607318865457,0.4473101734518301,0.5305779196622792,0.4865976966593128,0.6642323168088939,0.6437761805923892,0.4555485276478424,0.4110011169363229,0.6268149319849016,0.4141708208330341,0.4203402374590014
Panel B: Composition Sensitivity,composition_threshold,C55,30,55,55,IOM,Intervening Opportunities (IOM),HPM_to_LPW,HPM → LPW,1.262709257570708,0.13964681120835784,0.5585872448334314,1.1371841373876614,-0.013520146047246,16,2.500153848631701,1.106066103735473,1.0180692934390965,1.767996202274232,1.2950916039111895,1.9538978126820927,1.2639138969240042,1.1600025501495632,2.0087956457305656,0.925789350100932,1.433905871930604,0.9770188404527858,0.6997939343720034,1.1143657246257597,0.4472857642255117,0.531201677945811
Panel B: Composition Sensitivity,composition_threshold,C55,30,55,55,IOM,Intervening Opportunities (IOM),LPW_to_HPM,LPW → HPM,0.6435398855671385,0.042596143654998676,0.1703845746199947,0.6719134509811737,-0.016214623797361,16,0.8390083843861493,0.8284829547146672,0.5882397266195271,0.4884376897737589,0.7141259750348927,0.9958441645144872,0.4304880185221742,0.6806876731126446,0.7607021224697388,0.7473204116243188,0.6892456865032498,0.5220629532950274,0.5102307897122375,0.6631392288497029,0.417119510359288,0.4215028795823514
Panel B: Composition Sensitivity,composition_threshold,C55,30,55,55,Choice_IOM,Choice-IOM (τ = 0.5),HPM_to_LPW,HPM → LPW,1.1106994352957558,0.09871050735428367,0.3948420294171347,1.089865519530525,-0.0260198772969748,16,2.023510504810195,0.9500559540700309,1.192095249011154,1.3420431419165495,1.3215693896829248,1.4997122656685369,1.1355290664991222,0.9589339269332964,1.5325485055021804,0.8652834614860018,1.2013133604172768,1.0145628289619164,0.720816384401078,1.0442019725619276,0.4422035537301307,0.5268113990797731
Panel B: Composition Sensitivity,composition_threshold,C55,30,55,55,Choice_IOM,Choice-IOM (τ = 0.5),LPW_to_HPM,LPW → HPM,0.6528569280571817,0.04729878313119797,0.1891951325247919,0.6672954452507953,-0.0225985781555703,16,0.9873426196627518,0.9616733174793676,0.51694035466676,0.6137381810227106,0.7380797150235865,0.8115018182737581,0.5004052887709046,0.6797706446520001,0.6548202458495904,0.8409745755277107,0.7013796226108822,0.4955371124841299,0.3695488826159098,0.726637521361932,0.4273114138751594,0.4200495350377531
Panel B: Composition Sensitivity,composition_threshold,C60,30,60,60,Gravity,Gravity Model,HPM_to_LPW,HPM → LPW,0.921070371955914,0.07094182229315975,0.283767289172639,0.9370333071673728,-0.0768636716550866,16,1.1621537362240348,0.9604338370397244,1.0278765497057192,1.4499749803577695,0.913632777295021,1.0871828873666258,0.9880526708644658,0.8125700948180746,1.1993736806937223,0.8189644554389,1.2191345092463886,0.8194206066599279,0.5968654328253505,0.8543977421104639,0.3874418364478479,0.4396501542005904
Panel B: Composition Sensitivity,composition_threshold,C60,30,60,60,Gravity,Gravity Model,LPW_to_HPM,LPW → HPM,0.4741837739308963,0.023488600624534475,0.0939544024981379,0.4651306221443175,-0.0801059247944298,16,0.3843647721410388,0.506533249550467,0.517943470214636,0.4627998126387185,0.4674614316499164,0.5854401395998684,0.3757186728658362,0.5064440079746195,0.4434631934687171,0.6291190530560012,0.6328252842522786,0.398129989261099,0.3865352060878919,0.567849790789165,0.3708424861770594,0.3514698231670277
Panel B: Composition Sensitivity,composition_threshold,C60,30,60,60,IOM,Intervening Opportunities (IOM),HPM_to_LPW,HPM → LPW,1.2938004455013354,0.17172345112796017,0.6868938045118407,1.1699273457934425,0.0175710418833814,16,2.95441086707443,1.16324484231947,0.9060513868788576,2.1140504009257906,1.3545407403300302,1.8531022515471245,1.1766098492674144,1.1829700014228437,2.145578484289931,0.9364234353737266,1.5237245007668463,0.9612879222113062,0.592982529520167,1.006131067897745,0.3892810703674133,0.4404177778282709
Panel B: Composition Sensitivity,composition_threshold,C60,30,60,60,IOM,Intervening Opportunities (IOM),LPW_to_HPM,LPW → HPM,0.5941030128138358,0.04538350321620317,0.1815340128648127,0.5841837200210841,-0.0656514965506637,16,0.8367223657705644,0.5673395456288498,0.5624143446897142,0.45186383982448,0.6653816302540734,1.0150473334424963,0.362212100885427,0.6585127297830567,0.7152028624731629,0.7201163103594519,0.6754433898079854,0.4688938107051278,0.4804997259479644,0.6010278944133184,0.3729771809095923,0.3519931401261075
Panel B: Composition Sensitivity,composition_threshold,C60,30,60,60,Choice_IOM,Choice-IOM (τ = 0.5),HPM_to_LPW,HPM → LPW,1.1082265448934137,0.11881107419003335,0.4752442967601334,1.0188316908022736,-0.0284927676993169,16,2.306170596910372,0.9760259715581192,1.0691892907365523,1.5002769386993726,1.3839824145036053,1.4019646364779692,1.0388803285432795,0.957429225101449,1.607382269567713,0.8691116459634611,1.2465037054360495,0.9987830530612676,0.6036615132519039,0.9498686505736595,0.3845791734189968,0.4378153044908495
Panel B: Composition Sensitivity,composition_threshold,C60,30,60,60,Choice_IOM,Choice-IOM (τ = 0.5),LPW_to_HPM,LPW → HPM,0.60176358614845,0.0469673198039777,0.1878692792159108,0.6305240094514893,-0.0736919200643019,16,1.011993421859979,0.6572559822765859,0.5009677461922468,0.5816274181637213,0.6769387186076106,0.8161869610535927,0.4284030114227003,0.6658804507599653,0.6083712685475248,0.82091803650206,0.689924950491283,0.4370637119013945,0.3463783249307207,0.6526767503554539,0.382788434081749,0.3508421912286125
