sensitivity_group,sensitivity_id,poverty_threshold,composition_threshold,model,direction,city_count,mean_R,sd_R,median_R,mean_blockage_rate,sd_blockage_rate,median_blockage_rate,mean_FA,sd_FA,median_FA,delta_mean_R,delta_mean_blockage,delta_mean_FA
poverty_threshold,P20,20,50,Gravity,HPM_to_LPW,16,1.0089933357677519,0.23442936650836912,1.0136703872920867,0.39415089718825985,0.1867618044263479,0.3597233048119687,0.6956661153464643,0.04515257672847203,0.6919782973743498,0.011059292156751055,-0.004585004900119982,-0.00643922391555285
poverty_threshold,P20,20,50,Gravity,LPW_to_HPM,16,0.5685461479428813,0.1004332485580355,0.5585513205928183,0.5252109730244585,0.15671162359688653,0.4824659558487144,0.6956661153464643,0.04515257672847203,0.6919782973743498,0.0142564492175552,-0.0006797691997417754,-0.00643922391555285
poverty_threshold,P20,20,50,IOM,HPM_to_LPW,16,1.2758715235893305,0.47195351439076383,1.2045705974636949,0.35543111301638824,0.14832835467632036,0.3581040431212357,0.6956661153464643,0.04515257672847203,0.6919782973743498,-0.00035788002862346957,-0.005117383389314667,-0.00643922391555285
poverty_threshold,P20,20,50,IOM,LPW_to_HPM,16,0.6553663838537503,0.13688329778562852,0.6778862995808911,0.5073044759533918,0.127316651902918,0.481994812664729,0.6956661153464643,0.04515257672847203,0.6919782973743498,-0.004388125510749186,-0.0020239221468034696,-0.00643922391555285
poverty_threshold,P20,20,50,Choice_IOM,HPM_to_LPW,16,1.1197846696889833,0.31463418605332144,1.095502328126904,0.3389706872991476,0.14861045032138823,0.30427515125808335,0.6956661153464643,0.04515257672847203,0.6919782973743498,-0.016934642903747354,-0.00593745878673646,-0.00643922391555285
poverty_threshold,P20,20,50,Choice_IOM,LPW_to_HPM,16,0.6731402984471462,0.1449053282315086,0.6916343218876582,0.48794698348577303,0.13136206898556996,0.4419703805546211,0.6956661153464643,0.04515257672847203,0.6919782973743498,-0.0023152077656057868,-0.002603588280082225,-0.00643922391555285
poverty_threshold,P25,25,50,Gravity,HPM_to_LPW,16,1.0003907022855576,0.2216639288173493,1.0167583933167568,0.39599333673935866,0.18595321415566923,0.3584213985830689,0.70238921613523,0.047845480121532,0.6976006434486357,0.0024566586745567998,-0.0027425653490211754,0.0002838768732128516
poverty_threshold,P25,25,50,Gravity,LPW_to_HPM,16,0.5735111582202048,0.12602369363816862,0.5583279615089013,0.5249658566066692,0.15505586784009134,0.4683517929347504,0.70238921613523,0.047845480121532,0.6976006434486357,0.019221459494878745,-0.0009248856175311237,0.0002838768732128516
poverty_threshold,P25,25,50,IOM,HPM_to_LPW,16,1.2721735113332255,0.461933304983912,1.18832631815053,0.35723121602076346,0.14697844624120723,0.3584213985830689,0.70238921613523,0.047845480121532,0.6976006434486357,-0.004055892284728468,-0.003317280384939447,0.0002838768732128516
poverty_threshold,P25,25,50,IOM,LPW_to_HPM,16,0.6698232501221347,0.17450424114929153,0.7070313649472053,0.50764188835339,0.12567420609059574,0.4678873406341113,0.70238921613523,0.047845480121532,0.6976006434486357,0.010068740757635197,-0.001686509746805287,0.0002838768732128516
poverty_threshold,P25,25,50,Choice_IOM,HPM_to_LPW,16,1.123530457892981,0.3156958870932647,1.0889115454175076,0.3411429150098919,0.14738216111843164,0.3088047554299407,0.70238921613523,0.047845480121532,0.6976006434486357,-0.01318885469974962,-0.003765231075992137,0.0002838768732128516
poverty_threshold,P25,25,50,Choice_IOM,LPW_to_HPM,16,0.6885830162665871,0.18736824712533323,0.7168504248196339,0.4882710612752848,0.13114895893083905,0.45637304611837626,0.70238921613523,0.047845480121532,0.6976006434486357,0.013127510053835167,-0.0022795104905704577,0.0002838768732128516
poverty_threshold,P30_Baseline,30,50,Gravity,HPM_to_LPW,16,0.9979340436110008,0.2246537983147875,1.0089507447592903,0.39873590208837983,0.1854876603410616,0.3553694245341942,0.7021053392620171,0.05099543014884387,0.70664505984673,0.0,0.0,0.0
poverty_threshold,P30_Baseline,30,50,Gravity,LPW_to_HPM,16,0.5542896987253261,0.09955550206030729,0.5481376742816992,0.5258907422242003,0.15340558175251925,0.47265312072258037,0.7021053392620171,0.05099543014884387,0.70664505984673,0.0,0.0,0.0
poverty_threshold,P30_Baseline,30,50,IOM,HPM_to_LPW,16,1.276229403617954,0.4845491894278066,1.1880500795581757,0.3605484964057029,0.14653709001880988,0.3524696478444269,0.7021053392620171,0.05099543014884387,0.70664505984673,0.0,0.0,0.0
poverty_threshold,P30_Baseline,30,50,IOM,LPW_to_HPM,16,0.6597545093644995,0.1708370583329974,0.697265672514841,0.5093283981001953,0.12497713796431148,0.47209778505176264,0.7021053392620171,0.05099543014884387,0.70664505984673,0.0,0.0,0.0
poverty_threshold,P30_Baseline,30,50,Choice_IOM,HPM_to_LPW,16,1.1367193125927306,0.3482897950076207,1.0953075282562086,0.34490814608588405,0.1464716797596585,0.3041079484700966,0.7021053392620171,0.05099543014884387,0.70664505984673,0.0,0.0,0.0
poverty_threshold,P30_Baseline,30,50,Choice_IOM,LPW_to_HPM,16,0.675455506212752,0.18283796221071938,0.7092197042331906,0.49055057176585526,0.1297138314612089,0.4524792438900125,0.7021053392620171,0.05099543014884387,0.70664505984673,0.0,0.0,0.0
poverty_threshold,P35,35,50,Gravity,HPM_to_LPW,16,0.9913315524789541,0.23115773012134144,1.0015531099907138,0.40710161745603346,0.18262753139730192,0.36412526901019227,0.7018657928445504,0.058628558911862895,0.706724836375825,-0.006602491132046695,0.008365715367653626,-0.00023954641746670724
poverty_threshold,P35,35,50,Gravity,LPW_to_HPM,16,0.5575756638332211,0.12065111850033539,0.5378847588727085,0.5329718912810084,0.15065322347859988,0.4865205014491123,0.7018657928445504,0.058628558911862895,0.706724836375825,0.003285965107895028,0.0070811490568081226,-0.00023954641746670724
poverty_threshold,P35,35,50,IOM,HPM_to_LPW,16,1.2793141918298807,0.5101989484308928,1.171461968046032,0.36865295049511837,0.14405245068280287,0.36412526901019227,0.7018657928445504,0.058628558911862895,0.706724836375825,0.0030847882119267034,0.008104454089415458,-0.00023954641746670724
poverty_threshold,P35,35,50,IOM,LPW_to_HPM,16,0.6830389954445512,0.22914381510174187,0.6933005360889237,0.516544860037931,0.12216153145171156,0.4865422061235507,0.7018657928445504,0.058628558911862895,0.706724836375825,0.023284486080051625,0.00721646193773573,-0.00023954641746670724
poverty_threshold,P35,35,50,Choice_IOM,HPM_to_LPW,16,1.1427860789444073,0.37465405049335104,1.1083145879138283,0.3525070663327893,0.14332259646300788,0.3266054293879001,0.7018657928445504,0.058628558911862895,0.706724836375825,0.006066766351676689,0.0075989202469052275,-0.00023954641746670724
poverty_threshold,P35,35,50,Choice_IOM,LPW_to_HPM,16,0.6931344086548122,0.23037856218510694,0.6802210360218324,0.4976973365579094,0.1271809293959024,0.4652287944013468,0.7018657928445504,0.058628558911862895,0.706724836375825,0.017678902442060274,0.007146764792054117,-0.00023954641746670724
poverty_threshold,P40,40,50,Gravity,HPM_to_LPW,16,1.0015095200547104,0.2284679483847363,1.0775915701899081,0.417786288126084,0.18089651598377096,0.36931294812313975,0.7054760845317962,0.07419668600890901,0.7052247243875882,0.003575476443709591,0.019050386037704148,0.0033707452697790963
poverty_threshold,P40,40,50,Gravity,LPW_to_HPM,16,0.6199606466256675,0.2047893558848282,0.5848279739950721,0.5391223502585138,0.15061621586019258,0.484968707936765,0.7054760845317962,0.07419668600890901,0.7052247243875882,0.06567094790034145,0.013231608034313558,0.0033707452697790963
poverty_threshold,P40,40,50,IOM,HPM_to_LPW,16,1.2913935362655973,0.5036197977017806,1.2119397215007155,0.37939125451463895,0.14324028070157693,0.36931294812313975,0.7054760845317962,0.07419668600890901,0.7052247243875882,0.01516413264764327,0.018842758108936042,0.0033707452697790963
poverty_threshold,P40,40,50,IOM,LPW_to_HPM,16,0.7734143730147656,0.26113426699752423,0.7490663291349386,0.5232944090046874,0.12460198844592603,0.4842808020094343,0.7054760845317962,0.07419668600890901,0.7052247243875882,0.11365986365026604,0.013966010904492121,0.0033707452697790963
poverty_threshold,P40,40,50,Choice_IOM,HPM_to_LPW,16,1.1602455834123704,0.37775309918849165,1.1349659714351124,0.36255377320923465,0.1407380640690516,0.3423177731706606,0.7054760845317962,0.07419668600890901,0.7052247243875882,0.02352627081963976,0.017645627123350605,0.0033707452697790963
poverty_threshold,P40,40,50,Choice_IOM,LPW_to_HPM,16,0.7592995763884303,0.3039056779912327,0.7341490017706518,0.5046435478865091,0.13058898126757754,0.45340032045059,0.7054760845317962,0.07419668600890901,0.7052247243875882,0.0838440701756783,0.014092976120653855,0.0033707452697790963
composition_threshold,C40,30,40,Gravity,HPM_to_LPW,16,1.0103417110695605,0.19519959717796917,1.078590524458681,0.39096125390469494,0.18438036048075757,0.3479640601579961,0.6781533183003795,0.0441434109121613,0.6726503802767473,0.012407667458559701,-0.007774648183684896,-0.02395202096163762
composition_threshold,C40,30,40,Gravity,LPW_to_HPM,16,0.7053246205611965,0.2942659977358789,0.6369274590586549,0.48852460568315337,0.16646861456647138,0.4365003247355166,0.6781533183003795,0.0441434109121613,0.6726503802767473,0.15103492183587042,-0.037366136541046924,-0.02395202096163762
composition_threshold,C40,30,40,IOM,HPM_to_LPW,16,1.2280336063451915,0.3713419762827326,1.2349348856773643,0.3533860497765722,0.14327460491906557,0.3479640601579961,0.6781533183003795,0.0441434109121613,0.6726503802767473,-0.048195797272762464,-0.0071624466291307365,-0.02395202096163762
composition_threshold,C40,30,40,IOM,LPW_to_HPM,16,0.8105683423931804,0.32697923928715744,0.7577064642936436,0.4708597171954874,0.13649745887003747,0.43599958354680635,0.6781533183003795,0.0441434109121613,0.6726503802767473,0.1508138330286809,-0.03846868090470784,-0.02395202096163762
composition_threshold,C40,30,40,Choice_IOM,HPM_to_LPW,16,1.1197844733436022,0.2850885108315568,1.1330753076144737,0.33725143671390634,0.14470793764107126,0.3026601038966204,0.6781533183003795,0.0441434109121613,0.6726503802767473,-0.01693483924912842,-0.00765670937197771,-0.02395202096163762
composition_threshold,C40,30,40,Choice_IOM,LPW_to_HPM,16,0.8121344765013201,0.2554607881396677,0.8018297215583479,0.45205352420142236,0.13979623850151515,0.4013067216730597,0.6781533183003795,0.0441434109121613,0.6726503802767473,0.13667897028856812,-0.038497047564432896,-0.02395202096163762
composition_threshold,C45,30,45,Gravity,HPM_to_LPW,16,0.9973669115477699,0.2035839817517582,1.0366772607618104,0.3943497776609123,0.1857872371611001,0.3525131373346722,0.6854224251342815,0.04682013812257221,0.6840571905176613,-0.0005671320632308907,-0.004386124427467553,-0.016682914127735593
composition_threshold,C45,30,45,Gravity,LPW_to_HPM,16,0.610482265494517,0.09247796596878775,0.6141722893862447,0.5050334474948337,0.16114283316851968,0.45275156471728817,0.6854224251342815,0.04682013812257221,0.6840571905176613,0.05619256676919093,-0.020857294729366593,-0.016682914127735593
composition_threshold,C45,30,45,IOM,HPM_to_LPW,16,1.2463301151314856,0.42515233899359217,1.204177586832668,0.3566147208142999,0.14572445330191133,0.3525131373346722,0.6854224251342815,0.04682013812257221,0.6840571905176613,-0.02989928848646839,-0.00393377559140301,-0.016682914127735593
composition_threshold,C45,30,45,IOM,LPW_to_HPM,16,0.7155111836288923,0.16206248641754611,0.7199887340338189,0.487888248009597,0.13186285620822677,0.4522156074789191,0.6854224251342815,0.04682013812257221,0.6840571905176613,0.05575667426439279,-0.021440150090598242,-0.016682914127735593
composition_threshold,C45,30,45,Choice_IOM,HPM_to_LPW,16,1.1201166787310552,0.31363411480298187,1.1298874901910714,0.3406988336087605,0.14636513048722774,0.3046936959903701,0.6854224251342815,0.04682013812257221,0.6840571905176613,-0.016602633861675375,-0.004209312477123528,-0.016682914127735593
composition_threshold,C45,30,45,Choice_IOM,LPW_to_HPM,16,0.7272307155635532,0.1614592308780907,0.7341659816338063,0.4689750202676961,0.1352637539799805,0.4156462169132418,0.6854224251342815,0.04682013812257221,0.6840571905176613,0.051775209350801266,-0.02157555149815915,-0.016682914127735593
composition_threshold,P30_Baseline,30,50,Gravity,HPM_to_LPW,16,0.9979340436110008,0.2246537983147875,1.0089507447592903,0.39873590208837983,0.1854876603410616,0.3553694245341942,0.7021053392620171,0.05099543014884387,0.70664505984673,0.0,0.0,0.0
composition_threshold,P30_Baseline,30,50,Gravity,LPW_to_HPM,16,0.5542896987253261,0.09955550206030729,0.5481376742816992,0.5258907422242003,0.15340558175251925,0.47265312072258037,0.7021053392620171,0.05099543014884387,0.70664505984673,0.0,0.0,0.0
composition_threshold,P30_Baseline,30,50,IOM,HPM_to_LPW,16,1.276229403617954,0.4845491894278066,1.1880500795581757,0.3605484964057029,0.14653709001880988,0.3524696478444269,0.7021053392620171,0.05099543014884387,0.70664505984673,0.0,0.0,0.0
composition_threshold,P30_Baseline,30,50,IOM,LPW_to_HPM,16,0.6597545093644995,0.1708370583329974,0.697265672514841,0.5093283981001953,0.12497713796431148,0.47209778505176264,0.7021053392620171,0.05099543014884387,0.70664505984673,0.0,0.0,0.0
composition_threshold,P30_Baseline,30,50,Choice_IOM,HPM_to_LPW,16,1.1367193125927306,0.3482897950076207,1.0953075282562086,0.34490814608588405,0.1464716797596585,0.3041079484700966,0.7021053392620171,0.05099543014884387,0.70664505984673,0.0,0.0,0.0
composition_threshold,P30_Baseline,30,50,Choice_IOM,LPW_to_HPM,16,0.675455506212752,0.18283796221071938,0.7092197042331906,0.49055057176585526,0.1297138314612089,0.4524792438900125,0.7021053392620171,0.05099543014884387,0.70664505984673,0.0,0.0,0.0
composition_threshold,C55,30,55,Gravity,HPM_to_LPW,16,0.9545046518237784,0.24547230168742007,0.9582714384419705,0.4051799443521861,0.18389070987115877,0.3587980739248604,0.7135839238045043,0.05357675868208672,0.7199641521351876,-0.04342939178722238,0.006444042263806293,0.01147858454248718
composition_threshold,C55,30,55,Gravity,LPW_to_HPM,16,0.5286296658756131,0.10523845778962963,0.5156472708621377,0.5445530502057128,0.15050593932676026,0.5011646961957521,0.7135839238045043,0.05357675868208672,0.7199641521351876,-0.025660032849712966,0.01866230798151247,0.01147858454248718
composition_threshold,C55,30,55,IOM,HPM_to_LPW,16,1.262709257570708,0.5585872448334314,1.1371841373876614,0.3669590606266139,0.14609420147381133,0.35276930892166825,0.7135839238045043,0.05357675868208672,0.7199641521351876,-0.013520146047246051,0.006410564220910964,0.01147858454248718
composition_threshold,C55,30,55,IOM,LPW_to_HPM,16,0.6435398855671385,0.1703845746199947,0.6719134509811737,0.5286379304935731,0.12383006410495169,0.5012205814382356,0.7135839238045043,0.05357675868208672,0.7199641521351876,-0.01621462379736105,0.01930953239337785,0.01147858454248718
composition_threshold,C55,30,55,Choice_IOM,HPM_to_LPW,16,1.1106994352957558,0.39484202941713475,1.089865519530525,0.35151781401130044,0.14530901715769912,0.30855016432618476,0.7135839238045043,0.05357675868208672,0.7199641521351876,-0.026019877296974858,0.006609667925416396,0.01147858454248718
composition_threshold,C55,30,55,Choice_IOM,LPW_to_HPM,16,0.6528569280571817,0.18919513252479198,0.6672954452507953,0.510145159509988,0.12956434846646997,0.48165776000646304,0.7135839238045043,0.05357675868208672,0.7199641521351876,-0.022598578155570315,0.019594587744132697,0.01147858454248718
composition_threshold,C60,30,60,Gravity,HPM_to_LPW,16,0.9210703719559141,0.28376728917263905,0.9370333071673727,0.40925394537090026,0.1847661308761536,0.3636237516364988,0.7270938141754986,0.047525486646213234,0.7300544878311761,-0.07686367165508667,0.010518043282520428,0.02498847491348144
composition_threshold,C60,30,60,Gravity,LPW_to_HPM,16,0.4741837739308963,0.09395440249813798,0.4651306221443175,0.5614872859917903,0.14605137416210415,0.5308003481700461,0.7270938141754986,0.047525486646213234,0.7300544878311761,-0.0801059247944298,0.03559654376759003,0.02498847491348144
composition_threshold,C60,30,60,IOM,HPM_to_LPW,16,1.2938004455013354,0.6868938045118407,1.1699273457934423,0.3712295945462003,0.14797438895884113,0.3590825291118761,0.7270938141754986,0.047525486646213234,0.7300544878311761,0.017571041883381433,0.010681098140497391,0.02498847491348144
composition_threshold,C60,30,60,IOM,LPW_to_HPM,16,0.5941030128138358,0.18153401286481272,0.5841837200210841,0.5462961451258963,0.12063060257794997,0.5308302315570916,0.7270938141754986,0.047525486646213234,0.7300544878311761,-0.06565149655066371,0.03696774702570105,0.02498847491348144
composition_threshold,C60,30,60,Choice_IOM,HPM_to_LPW,16,1.1082265448934137,0.47524429676013347,1.0188316908022736,0.3558531722656342,0.1470116398255328,0.3165279140861028,0.7270938141754986,0.047525486646213234,0.7300544878311761,-0.028492767699316968,0.010945026179750128,0.02498847491348144
composition_threshold,C60,30,60,Choice_IOM,LPW_to_HPM,16,0.60176358614845,0.1878692792159108,0.6305240094514893,0.528255129170049,0.12609866673672435,0.5017817686316876,0.7270938141754986,0.047525486646213234,0.7300544878311761,-0.07369192006430192,0.03770455740419376,0.02498847491348144
