origin_geoid,Tot_Population_ACS_15_19,pct_NH_White_alone_ACS_15_19,pct_Prs_Blw_Pov_Lev_ACS_15_19,pct_Minority,Race,Poverty,origin_geoid_type,latitude,longitude
60750108001,1680.0,44.64,5.18,10.96,Other,Low_poverty,LPO,37.7978519,-122.4145715
60750611002,2791.0,2.01,39.99,0.11,Other,High_poverty,HPO,37.7951383,-122.406523
60750128004,506.0,80.24,0.0,6.13,White,Low_poverty,LPW,37.7991925,-122.4437061
60750614003,1234.0,73.74,1.3,2.67,White,Low_poverty,LPW,37.7559232,-122.4005731
60750156002,1848.0,40.91,13.15,25.0,Other,Low_poverty,LPO,37.7757549,-122.4565014
60750256003,1089.0,25.53,11.66,16.71,Other,Low_poverty,LPO,37.7263781,-122.4211115
60750477011,1572.0,45.48,16.92,5.09,Other,Low_poverty,LPO,37.7791141,-122.4857354
60750112001,1192.0,50.17,16.36,6.8,White,Low_poverty,LPW,37.7939437,-122.4123832
60750263013,924.0,12.55,2.08,20.23,Other,Low_poverty,LPO,37.7120876,-122.4403679
60750154003,1390.0,53.09,8.63,9.64,White,Low_poverty,LPW,37.7833613,-122.4501091
60750231022,1292.0,9.13,46.16,86.14,Minority,High_poverty,HPM,37.7324117,-122.3854547
60750353006,1159.0,51.94,8.37,8.8,White,Low_poverty,LPW,37.7456926,-122.5005956
60750352023,1322.0,43.42,2.95,11.42,Other,Low_poverty,LPO,37.7594901,-122.5059572
60750426012,2569.0,50.29,11.37,11.09,White,Low_poverty,LPW,37.7842999,-122.4808734
60750326022,1237.0,33.63,10.75,11.08,Other,Low_poverty,LPO,37.7587336,-122.480542
60750205002,912.0,78.29,9.99,2.19,White,Low_poverty,LPW,37.7594438,-122.4366809
60750260041,2101.0,14.52,7.9,40.88,Other,Low_poverty,LPO,37.7187367,-122.4371867
60750104004,594.0,64.14,15.82,13.97,White,Low_poverty,LPW,37.8001078,-122.4042205
60750230013,1866.0,3.05,5.7,15.05,Other,Low_poverty,LPO,37.7314802,-122.4020223
60750129023,831.0,84.96,6.5,9.27,White,Low_poverty,LPW,37.8008396,-122.4341795
60750165001,1892.0,69.34,17.56,16.39,White,Low_poverty,LPW,37.7748244,-122.442852
60750312021,1530.0,6.21,4.44,15.17,Other,Low_poverty,LPO,37.7191312,-122.45563
60750352021,2069.0,40.79,3.19,17.69,Other,Low_poverty,LPO,37.7632405,-122.5063315
60750303023,1595.0,29.4,19.31,26.15,Other,Low_poverty,LPO,37.7506596,-122.4735059
60750230031,2882.0,8.47,3.52,37.13,Other,Low_poverty,LPO,37.733342,-122.3967655
60750309004,876.0,29.45,5.14,8.56,Other,Low_poverty,LPO,37.7263974,-122.470345
60750124021,1247.0,22.85,9.45,56.38,Minority,Low_poverty,LPM,37.7800821,-122.4153608
60750129012,1522.0,78.52,2.63,3.15,White,Low_poverty,LPW,37.8028932,-122.427439
60750605023,1751.0,3.08,14.85,40.32,Other,Low_poverty,LPO,37.7097323,-122.4209928
60750351001,1238.0,29.08,11.71,23.18,Other,Low_poverty,LPO,37.7635435,-122.49946
60750159002,2394.0,31.58,16.17,19.17,Other,Low_poverty,LPO,37.7829211,-122.4326339
60750328013,1266.0,26.38,8.53,11.37,Other,Low_poverty,LPO,37.7464979,-122.4823811
60750232001,1103.0,11.51,23.63,69.27,Minority,Low_poverty,LPM,37.7286345,-122.3904134
60759806001,690.0,14.06,15.65,55.07,Minority,Low_poverty,LPM,37.7231655,-122.3685424
60750154005,1410.0,73.33,1.93,1.91,White,Low_poverty,LPW,37.7836908,-122.4567599
60750165003,1322.0,70.27,3.18,13.92,White,Low_poverty,LPW,37.7739838,-122.4494251
60750427002,2191.0,29.71,14.92,19.58,Other,Low_poverty,LPO,37.7809706,-122.4874766
60750401004,831.0,61.85,8.66,3.61,White,Low_poverty,LPW,37.7858282,-122.4635618
60750119021,2112.0,57.05,6.82,8.52,White,Low_poverty,LPW,37.7905193,-122.409709
60750312014,1153.0,18.82,11.22,23.16,Other,Low_poverty,LPO,37.7200305,-122.4607252
60750232003,1422.0,8.65,6.41,78.62,Minority,Low_poverty,LPM,37.7313982,-122.3887899
60750452001,2070.0,40.63,13.29,7.15,Other,Low_poverty,LPO,37.7790909,-122.4657519
60750351004,835.0,24.31,10.18,5.99,Other,Low_poverty,LPO,37.7579183,-122.4990701
60750109002,2025.0,70.57,8.25,5.28,White,Low_poverty,LPW,37.7972166,-122.4195052
60750209003,785.0,66.11,5.61,17.84,White,Low_poverty,LPW,37.7493813,-122.4192817
60750107001,702.0,41.17,4.7,7.98,Other,Low_poverty,LPO,37.8002596,-122.4114035
60750351003,1289.0,49.96,15.59,3.1,Other,Low_poverty,LPO,37.7597848,-122.4992014
60750209002,761.0,28.91,37.98,49.28,Other,High_poverty,HPO,37.7494665,-122.4170794
60750133001,538.0,88.48,1.67,3.16,White,Low_poverty,LPW,37.7906045,-122.4493014
60750124011,1981.0,37.56,22.26,22.96,Other,Low_poverty,LPO,37.7829458,-122.4166093
60750162003,1041.0,66.67,5.76,16.81,White,Low_poverty,LPW,37.7765701,-122.4254434
60750213001,960.0,75.94,0.0,8.55,White,Low_poverty,LPW,37.7495297,-122.4356472
60750258001,1322.0,9.83,3.4,39.04,Other,Low_poverty,LPO,37.7231725,-122.4035256
60750353003,1279.0,20.48,8.29,5.94,Other,Low_poverty,LPO,37.738277,-122.4969167
60750479012,1312.0,59.68,26.22,9.68,White,Low_poverty,LPW,37.7824919,-122.5098753
60750230012,1335.0,4.49,6.82,13.93,Other,Low_poverty,LPO,37.7346911,-122.3995652
60750124012,2686.0,28.03,21.33,49.44,Other,Low_poverty,LPO,37.7831562,-122.4149685
60750163003,2861.0,69.21,7.41,12.19,White,Low_poverty,LPW,37.7758356,-122.4311984
60750123012,1121.0,35.77,25.07,22.75,Other,Low_poverty,LPO,37.7852195,-122.4136991
60750330002,918.0,37.91,9.59,3.7,Other,Low_poverty,LPO,37.7400406,-122.4803442
60750205003,1204.0,79.65,4.82,8.14,White,Low_poverty,LPW,37.7572119,-122.4372448
60750256001,1965.0,5.9,6.94,26.62,Other,Low_poverty,LPO,37.7305271,-122.4233568
60750354005,1085.0,45.07,10.14,0.0,Other,Low_poverty,LPO,37.7367801,-122.5036487
60750180002,1229.0,54.6,3.52,15.87,White,Low_poverty,LPW,37.7727212,-122.405595
60750330005,1637.0,27.43,5.31,2.93,Other,Low_poverty,LPO,37.7414893,-122.4898624
60750314003,1739.0,10.81,7.48,20.19,Other,Low_poverty,LPO,37.7119404,-122.4590667
60750354003,1261.0,48.45,15.46,3.97,Other,Low_poverty,LPO,37.7408744,-122.505692
60750161004,1977.0,19.37,32.0,37.18,Other,High_poverty,HPO,37.7809224,-122.4310452
60750162002,1159.0,54.18,7.25,11.47,White,Low_poverty,LPW,37.776052,-122.4219905
60750176015,2281.0,19.03,13.59,8.73,Other,Low_poverty,LPO,37.7818182,-122.408017
60750479011,986.0,36.71,20.95,0.0,Other,Low_poverty,LPO,37.7755922,-122.499992
60750351005,1975.0,26.53,0.0,8.35,Other,Low_poverty,LPO,37.7560496,-122.4989443
60750260031,2935.0,14.0,5.18,46.0,Other,Low_poverty,LPO,37.7212759,-122.4277434
60750104001,341.0,47.8,15.84,3.23,Other,Low_poverty,LPO,37.8028018,-122.4124855
60750478021,1198.0,43.32,10.35,12.52,Other,Low_poverty,LPO,37.7805658,-122.4960539
60750253003,879.0,32.2,3.07,47.1,Other,Low_poverty,LPO,37.742083,-122.4223268
60750129011,1261.0,75.57,5.28,8.17,White,Low_poverty,LPW,37.801028,-122.4270595
60750107002,1458.0,21.6,16.19,2.47,Other,Low_poverty,LPO,37.7985171,-122.4105725
60750308004,2271.0,46.1,2.47,19.73,Other,Low_poverty,LPO,37.738241,-122.47149
60750308002,473.0,78.22,13.53,3.17,White,Low_poverty,LPW,37.7383324,-122.4619897
60750310001,872.0,57.57,1.26,16.63,White,Low_poverty,LPW,37.7324468,-122.457456
60750311002,1377.0,38.56,0.22,24.69,Other,Low_poverty,LPO,37.7301544,-122.4435291
60750327007,639.0,50.08,7.67,1.88,White,Low_poverty,LPW,37.76234,-122.4946824
60750327004,857.0,34.07,1.75,0.0,Other,Low_poverty,LPO,37.7583326,-122.4896592
60750202002,2437.0,52.85,18.18,23.64,White,Low_poverty,LPW,37.7677692,-122.4243694
60750203003,1376.0,59.52,7.12,20.06,White,Low_poverty,LPW,37.764705,-122.4312909
60750206002,889.0,67.94,1.69,12.38,White,Low_poverty,LPW,37.7572256,-122.4289814
60750207003,874.0,69.45,0.0,13.04,White,Low_poverty,LPW,37.7559691,-122.423247
60750207001,2197.0,59.4,4.05,24.39,White,Low_poverty,LPW,37.7615686,-122.4237834
60750209004,934.0,48.61,11.88,41.65,Other,Low_poverty,LPO,37.7529688,-122.4196278
60750211003,1167.0,66.58,4.11,12.86,White,Low_poverty,LPW,37.7526304,-122.4319865
60750211002,786.0,55.6,5.22,14.5,White,Low_poverty,LPW,37.7525025,-122.4274498
60750214001,721.0,66.71,6.52,8.46,White,Low_poverty,LPW,37.7509045,-122.4272965
60750214003,1447.0,74.98,3.46,7.46,White,Low_poverty,LPW,37.7498338,-122.4317151
60750215005,1057.0,64.52,2.55,11.07,White,Low_poverty,LPW,37.7463652,-122.4291502
60750216002,2380.0,57.39,9.33,16.85,White,Low_poverty,LPW,37.7458328,-122.441343
60750218003,609.0,71.43,2.3,18.06,White,Low_poverty,LPW,37.7364561,-122.4290478
60750228011,1466.0,33.77,11.05,32.47,Other,Low_poverty,LPO,37.7622576,-122.4125163
60750227022,1248.0,66.19,8.64,19.07,White,Low_poverty,LPW,37.7613699,-122.3953752
60750228032,1284.0,37.38,7.32,45.17,Other,Low_poverty,LPO,37.7567689,-122.4099757
60750228021,706.0,33.71,9.92,29.18,Other,Low_poverty,LPO,37.7628479,-122.4068988
60750252004,1123.0,80.23,2.32,17.19,White,Low_poverty,LPW,37.7414601,-122.4166502
60750234002,1653.0,10.53,32.16,63.1,Minority,High_poverty,HPM,37.7203103,-122.3879153
60750254023,1410.0,28.94,5.25,31.63,Other,Low_poverty,LPO,37.7369392,-122.4107948
60750260022,2124.0,23.02,6.66,30.42,Other,Low_poverty,LPO,37.7251137,-122.4247736
60750256004,1511.0,16.48,2.33,28.52,Other,Low_poverty,LPO,37.7293241,-122.4263794
60750259001,2369.0,33.47,9.79,15.2,Other,Low_poverty,LPO,37.725498,-122.4161018
60750260042,2548.0,11.7,16.99,42.43,Other,Low_poverty,LPO,37.7169324,-122.4340187
60750262001,1933.0,5.33,7.81,27.21,Other,Low_poverty,LPO,37.7142236,-122.4478811
60750264021,1593.0,12.3,24.51,37.98,Other,Low_poverty,LPO,37.7180869,-122.4048062
60750302011,1960.0,47.09,3.47,14.9,Other,Low_poverty,LPO,37.7646711,-122.4739229
60750301014,929.0,56.3,2.91,5.49,White,Low_poverty,LPW,37.7623231,-122.4628604
60750302021,1622.0,47.35,2.9,16.22,Other,Low_poverty,LPO,37.764949,-122.4674709
60750303021,1240.0,34.76,4.19,8.46,Other,Low_poverty,LPO,37.7542891,-122.4739159
60750304002,1190.0,58.99,2.94,11.68,White,Low_poverty,LPW,37.7464828,-122.4665798
60750306003,837.0,52.21,0.48,10.75,White,Low_poverty,LPW,37.7434514,-122.4594953
60750307003,2021.0,56.95,2.08,9.35,White,Low_poverty,LPW,37.7357086,-122.4541542
60750477021,1124.0,36.65,7.44,4.36,Other,Low_poverty,LPO,37.7753205,-122.4854623
60750330004,1256.0,45.46,10.69,1.59,Other,Low_poverty,LPO,37.7351573,-122.4905768
60750351006,925.0,26.59,11.89,7.68,Other,Low_poverty,LPO,37.7541859,-122.498808
60750352013,1450.0,39.24,0.48,14.27,Other,Low_poverty,LPO,37.7557641,-122.5055861
60750353002,1700.0,29.53,5.88,4.29,Other,Low_poverty,LPO,37.7421174,-122.4968886
60750401003,1693.0,40.64,9.86,14.0,Other,Low_poverty,LPO,37.7824284,-122.4620246
60750402004,1516.0,74.67,0.0,3.17,White,Low_poverty,LPW,37.7860938,-122.469486
60750402001,1557.0,65.83,10.08,14.64,White,Low_poverty,LPW,37.784611,-122.4655832
60750428001,1315.0,61.75,2.21,1.14,White,Low_poverty,LPW,37.7859116,-122.4877376
60750451001,1902.0,46.42,5.05,11.3,Other,Low_poverty,LPO,37.7777246,-122.4597222
60750476003,1256.0,39.33,5.57,0.0,Other,Low_poverty,LPO,37.7757765,-122.475472
60750477022,1291.0,38.19,18.28,5.27,Other,Low_poverty,LPO,37.7746071,-122.4805779
60750477023,1512.0,43.78,3.51,7.28,Other,Low_poverty,LPO,37.7734542,-122.4853272
60750479015,1622.0,44.08,11.1,7.03,Other,Low_poverty,LPO,37.7752493,-122.5074883
60750227021,1050.0,67.43,3.05,11.71,White,Low_poverty,LPW,37.7638388,-122.3958599
60750229031,1852.0,18.9,5.66,69.17,Minority,Low_poverty,LPM,37.7528847,-122.4077288
60750260032,2191.0,17.21,1.46,36.24,Other,Low_poverty,LPO,37.7181237,-122.4297594
60750264041,1778.0,2.36,8.42,32.01,Other,Low_poverty,LPO,37.7098148,-122.4166842
60750103002,1089.0,59.5,5.51,12.49,White,Low_poverty,LPW,37.8009365,-122.4147652
60750103001,1963.0,51.4,9.53,12.79,White,Low_poverty,LPW,37.8031496,-122.4163738
60750107003,1537.0,12.56,29.47,14.44,Other,Low_poverty,LPO,37.7971054,-122.4089222
60750110002,2131.0,47.86,10.51,4.83,Other,Low_poverty,LPO,37.7945749,-122.4192665
60750111003,1196.0,38.63,19.0,21.15,Other,Low_poverty,LPO,37.789363,-122.4187974
60750121002,1455.0,39.86,17.61,32.37,Other,Low_poverty,LPO,37.7890165,-122.4102401
60750121001,2404.0,46.67,13.56,16.8,Other,Low_poverty,LPO,37.7885968,-122.4135346
60750128002,1051.0,76.5,2.19,22.55,White,Low_poverty,LPW,37.7960508,-122.4436467
60750130002,787.0,89.2,0.0,0.64,White,Low_poverty,LPW,37.7974602,-122.42882
60750132002,784.0,60.33,2.17,14.29,White,Low_poverty,LPW,37.7938915,-122.4366527
60750133002,1197.0,67.0,1.67,2.51,White,Low_poverty,LPW,37.7888372,-122.4489417
60750134002,1502.0,62.72,0.0,11.38,White,Low_poverty,LPW,37.7887615,-122.4422707
60750152003,720.0,58.47,17.36,31.11,White,Low_poverty,LPW,37.7872843,-122.4336864
60750154001,796.0,78.52,2.14,4.78,White,Low_poverty,LPW,37.7862836,-122.4466803
60750156001,719.0,27.12,6.26,8.48,Other,Low_poverty,LPO,37.7797127,-122.4547806
60750157002,1946.0,57.19,3.78,10.63,White,Low_poverty,LPW,37.7774316,-122.4440278
60750161001,888.0,14.08,14.19,36.6,Other,Low_poverty,LPO,37.7804025,-122.425374
60750164002,1955.0,71.66,2.19,16.42,White,Low_poverty,LPW,37.7747778,-122.4394813
60750166004,1038.0,80.15,2.02,3.85,White,Low_poverty,LPW,37.7708352,-122.4479717
60750167002,705.0,76.45,2.09,10.21,White,Low_poverty,LPW,37.7699118,-122.4341383
60750170003,764.0,70.68,1.96,1.96,White,Low_poverty,LPW,37.7629823,-122.4431402
60750176014,2153.0,29.73,32.98,23.92,Other,High_poverty,HPO,37.7753167,-122.4159603
60750263032,2062.0,16.68,8.15,28.9,Other,Low_poverty,LPO,37.7096436,-122.4397809
60750478012,1510.0,29.54,5.1,4.04,Other,Low_poverty,LPO,37.7761404,-122.494845
60750119012,1727.0,41.4,7.97,20.27,Other,Low_poverty,LPO,37.7899965,-122.4138184
60750122011,2975.0,37.95,13.78,38.75,Other,Low_poverty,LPO,37.7863103,-122.4164466
60750124022,1720.0,40.35,8.95,9.3,Other,Low_poverty,LPO,37.7792376,-122.4185204
60750125011,3067.0,17.44,21.42,36.16,Other,Low_poverty,LPO,37.7820162,-122.412111
60750129022,1629.0,83.73,3.81,7.55,White,Low_poverty,LPW,37.8014093,-122.4307921
60750131022,1356.0,61.95,3.54,8.55,White,Low_poverty,LPW,37.794685,-122.4282593
60750158022,1758.0,68.37,10.92,18.66,White,Low_poverty,LPW,37.7775139,-122.4380312
60750168023,1041.0,45.92,7.01,28.91,Other,Low_poverty,LPO,37.7727262,-122.4247094
60750171012,1281.0,81.81,2.5,4.99,White,Low_poverty,LPW,37.7635098,-122.4466017
60750178012,2690.0,35.91,17.7,7.18,Other,Low_poverty,LPO,37.7814087,-122.4003866
60750178021,4190.0,29.28,23.56,24.92,Other,Low_poverty,LPO,37.777629,-122.4067243
60750227041,1218.0,60.1,7.31,8.21,White,Low_poverty,LPW,37.7627941,-122.4020929
60750257021,1359.0,9.27,8.09,35.47,Other,Low_poverty,LPO,37.7259929,-122.4036289
60750312013,869.0,31.19,11.33,13.69,Other,Low_poverty,LPO,37.7233742,-122.4608017
60750313023,2868.0,8.75,7.45,25.49,Other,Low_poverty,LPO,37.7114592,-122.4669718
60750328011,1552.0,20.43,0.85,4.83,Other,Low_poverty,LPO,37.7476448,-122.4776449
60750328021,1395.0,30.54,12.2,15.06,Other,Low_poverty,LPO,37.7516504,-122.4854199
60750329014,1452.0,25.48,2.0,5.03,Other,Low_poverty,LPO,37.7433578,-122.4899876
60750329022,1526.0,25.23,18.62,3.54,Other,Low_poverty,LPO,37.7526788,-122.4906492
60750354004,1783.0,21.82,3.98,14.08,Other,Low_poverty,LPO,37.7409176,-122.5029472
60750478011,1385.0,50.61,6.5,6.71,White,Low_poverty,LPW,37.7731608,-122.4917543
60750478022,1080.0,51.11,7.31,2.4,White,Low_poverty,LPW,37.7738737,-122.4966445
60750614002,2137.0,33.74,22.88,28.4,Other,Low_poverty,LPO,37.7565483,-122.3947728
60750332032,1183.0,43.87,17.75,29.75,Other,Low_poverty,LPO,37.7166752,-122.480912
60750123022,1189.0,34.31,26.07,25.74,Other,Low_poverty,LPO,37.7872226,-122.4111525
60750615004,2925.0,42.19,2.78,6.05,Other,Low_poverty,LPO,37.78609,-122.3912974
60750163001,526.0,30.04,37.32,25.48,Other,High_poverty,HPO,37.7771861,-122.4281008
60750311003,860.0,34.19,0.0,38.95,Other,Low_poverty,LPO,37.7263629,-122.4493444
60750426023,1100.0,56.45,2.09,6.27,White,Low_poverty,LPW,37.7833794,-122.4754796
60750201002,1253.0,51.24,17.16,31.84,White,Low_poverty,LPW,37.7677682,-122.4209257
60750127003,929.0,62.65,1.83,28.85,White,Low_poverty,LPW,37.8004291,-122.4449856
60750607002,199.0,56.78,0.0,0.0,White,Low_poverty,LPW,37.7676761,-122.4014471
60750611001,538.0,3.35,21.56,1.49,Other,Low_poverty,LPO,37.7956131,-122.4027375
60750161003,1128.0,16.93,36.61,60.73,Minority,High_poverty,HPM,37.7798783,-122.4294839
60750231031,839.0,5.36,16.69,68.65,Minority,Low_poverty,LPM,37.7386828,-122.3758227
60750158013,1397.0,48.89,8.21,28.99,Other,Low_poverty,LPO,37.7796114,-122.4353342
60750264031,1986.0,3.83,5.57,26.99,Other,Low_poverty,LPO,37.7098517,-122.4085403
60750329011,1329.0,25.58,1.88,16.1,Other,Low_poverty,LPO,37.7489492,-122.4903858
60750313012,1692.0,8.92,2.01,20.21,Other,Low_poverty,LPO,37.7180657,-122.4697241
60750227042,2149.0,63.7,5.89,6.65,White,Low_poverty,LPW,37.7591686,-122.4018891
60750208001,1094.0,43.69,5.67,25.96,Other,Low_poverty,LPO,37.7626334,-122.4194541
60750262004,1523.0,2.82,9.98,42.75,Other,Low_poverty,LPO,37.709482,-122.4568666
60750353004,704.0,29.4,0.0,24.15,Other,Low_poverty,LPO,37.735229,-122.4963114
60750327006,969.0,59.34,2.58,4.23,White,Low_poverty,LPW,37.7578401,-122.4940977
60750126022,1276.0,70.3,4.47,6.58,White,Low_poverty,LPW,37.8054206,-122.4303483
60750612001,1511.0,3.71,12.38,52.81,Minority,Low_poverty,LPM,37.7376455,-122.3883951
60750201003,1462.0,28.18,24.56,57.59,Minority,Low_poverty,LPM,37.766728,-122.4187344
60750254022,902.0,33.59,11.42,51.55,Minority,Low_poverty,LPM,37.7369639,-122.4131463
60750611003,1148.0,5.14,33.8,0.61,Other,High_poverty,HPO,37.796454,-122.4067969
60750158021,1654.0,56.77,8.52,17.48,White,Low_poverty,LPW,37.7787558,-122.4390666
60750234001,2008.0,7.02,15.54,55.77,Minority,Low_poverty,LPM,37.723107,-122.3926639
60750476001,1621.0,28.87,1.36,9.0,Other,Low_poverty,LPO,37.7795687,-122.4757448
60750209001,2117.0,35.14,15.53,47.42,Other,Low_poverty,LPO,37.7531041,-122.4174289
60750123011,996.0,24.0,27.81,45.49,Other,Low_poverty,LPO,37.786061,-122.4101533
60750155001,1665.0,51.11,10.98,10.03,White,Low_poverty,LPW,37.7858856,-122.4281677
60750158011,468.0,14.32,5.01,54.28,Minority,Low_poverty,LPM,37.7825029,-122.4359176
60750326012,2027.0,28.71,7.94,26.05,Other,Low_poverty,LPO,37.7624659,-122.4808034
60750327001,837.0,29.15,14.58,9.08,Other,Low_poverty,LPO,37.7639554,-122.4900527
60750309001,857.0,39.91,1.4,1.98,Other,Low_poverty,LPO,37.7335458,-122.46263
60750479014,1577.0,25.94,2.03,9.07,Other,Low_poverty,LPO,37.7726954,-122.5019299
60750161002,1347.0,30.81,32.81,53.45,Minority,High_poverty,HPM,37.7784987,-122.4305567
60750331001,522.0,43.3,13.03,1.72,Other,Low_poverty,LPO,37.7329037,-122.4775826
60750614001,2912.0,29.09,24.93,46.63,Other,Low_poverty,LPO,37.7526834,-122.3996534
60750615005,680.0,71.18,15.29,16.62,White,Low_poverty,LPW,37.7815812,-122.3939562
60750264011,2103.0,1.14,6.99,19.25,Other,Low_poverty,LPO,37.7130696,-122.4133498
60750302023,1120.0,56.88,25.27,7.41,White,Low_poverty,LPW,37.7612078,-122.4672013
60750229013,1443.0,20.1,13.03,73.25,Minority,Low_poverty,LPM,37.7495584,-122.4148859
60750201004,1987.0,22.5,22.8,50.23,Minority,Low_poverty,LPM,37.7645194,-122.4199518
60750231032,2051.0,2.93,44.22,75.43,Minority,High_poverty,HPM,37.7310449,-122.3761804
60750260012,3315.0,8.42,13.55,60.88,Minority,Low_poverty,LPM,37.7219898,-122.4335904
60750120002,2300.0,32.57,26.87,26.05,Other,Low_poverty,LPO,37.7874957,-122.4184249
60750168013,1229.0,57.45,6.83,13.27,White,Low_poverty,LPW,37.7711295,-122.4269492
60750125022,2101.0,18.09,28.4,33.42,Other,Low_poverty,LPO,37.7834682,-122.4125041
60750126021,1568.0,80.42,1.85,2.55,White,Low_poverty,LPW,37.8064743,-122.4356584
60750168022,1458.0,50.27,15.5,31.41,White,Low_poverty,LPW,37.7734881,-122.4278574
60750171021,1448.0,71.89,7.73,14.57,White,Low_poverty,LPW,37.765188,-122.4500341
60750178022,2177.0,40.38,19.98,29.62,Other,Low_poverty,LPO,37.773426,-122.4120419
60750332031,2773.0,46.05,27.66,14.32,Other,Low_poverty,LPO,37.7154407,-122.476522
60750206001,1761.0,70.02,11.13,16.13,White,Low_poverty,LPW,37.7604936,-122.428203
60750211004,903.0,62.46,8.31,14.62,White,Low_poverty,LPW,37.7550248,-122.4322159
60750215001,1146.0,38.83,6.11,29.58,Other,Low_poverty,LPO,37.7470879,-122.4241861
60750228031,2443.0,31.44,8.49,50.19,Minority,Low_poverty,LPM,37.755699,-122.4143822
60750251001,1836.0,47.77,4.19,21.18,Other,Low_poverty,LPO,37.7467856,-122.4078519
60750254011,1313.0,63.21,10.81,16.9,White,Low_poverty,LPW,37.7396295,-122.4224695
60750261003,2045.0,10.32,2.25,43.27,Other,Low_poverty,LPO,37.7185299,-122.4463793
60750302013,1480.0,46.49,5.73,2.64,Other,Low_poverty,LPO,37.7609347,-122.4736385
60750306001,894.0,39.04,1.58,22.82,Other,Low_poverty,LPO,37.7454284,-122.4565929
60750331003,722.0,28.25,10.39,8.17,Other,Low_poverty,LPO,37.7315159,-122.4957288
60750354002,1954.0,23.8,3.28,17.76,Other,Low_poverty,LPO,37.74651,-122.5033419
60750402003,1635.0,28.13,2.81,6.24,Other,Low_poverty,LPO,37.7836505,-122.469542
60750476002,1350.0,32.07,6.44,4.59,Other,Low_poverty,LPO,37.7776393,-122.4756051
60750230032,1202.0,7.07,21.92,51.17,Minority,Low_poverty,LPM,37.7313056,-122.3939249
60750605022,794.0,0.0,59.18,66.37,Minority,High_poverty,HPM,37.7114752,-122.4189132
60750127002,1662.0,87.42,1.81,1.62,White,Low_poverty,LPW,37.8017364,-122.4440481
60750133003,1264.0,58.54,20.18,22.07,White,Low_poverty,LPW,37.7872853,-122.4503236
60750154004,970.0,52.78,0.0,3.51,White,Low_poverty,LPW,37.7853528,-122.4521207
60750167001,1927.0,65.08,4.77,24.39,White,Low_poverty,LPW,37.7721531,-122.433827
60750309003,1854.0,39.64,19.09,21.47,Other,Low_poverty,LPO,37.7240235,-122.4660229
60750310003,1646.0,50.97,8.81,8.93,White,Low_poverty,LPW,37.7275166,-122.4601429
60750327002,1237.0,32.01,7.84,19.0,Other,Low_poverty,LPO,37.7620647,-122.4899192
60750263011,1106.0,9.4,8.23,43.22,Other,Low_poverty,LPO,37.7152087,-122.4367106
60750352015,811.0,21.58,15.04,7.4,Other,Low_poverty,LPO,37.7539025,-122.5054082
60750118001,1570.0,12.29,18.73,2.1,Other,Low_poverty,LPO,37.7933506,-122.4061645
60750229022,1189.0,36.33,15.39,44.99,Other,Low_poverty,LPO,37.7497457,-122.4102214
60750165004,1198.0,63.52,5.28,12.43,White,Low_poverty,LPW,37.7735717,-122.4527209
60750202001,1129.0,67.4,15.15,15.5,White,Low_poverty,LPW,37.7702805,-122.4240414
60750351002,973.0,20.97,4.01,14.18,Other,Low_poverty,LPO,37.7616492,-122.4993333
60750313013,1479.0,18.59,11.49,29.15,Other,Low_poverty,LPO,37.7198181,-122.4642682
60750129021,1405.0,70.53,3.35,8.61,White,Low_poverty,LPW,37.7995123,-122.4290192
60750351007,1881.0,29.56,3.76,3.51,Other,Low_poverty,LPO,37.7518578,-122.4992144
60750452004,1029.0,38.1,4.43,12.53,Other,Low_poverty,LPO,37.7770116,-122.4688265
60750605021,966.0,4.35,44.51,66.36,Minority,High_poverty,HPM,37.7128085,-122.4189557
60750128003,1019.0,66.34,2.16,4.51,White,Low_poverty,LPW,37.7978129,-122.4443176
60750157003,2039.0,54.14,11.97,11.58,White,Low_poverty,LPW,37.7799102,-122.450723
60750215002,1595.0,77.62,2.76,15.3,White,Low_poverty,LPW,37.745096,-122.4244955
60750229021,1294.0,37.87,5.99,46.52,Other,Low_poverty,LPO,37.7527165,-122.4105137
60750255002,1172.0,19.03,10.92,26.02,Other,Low_poverty,LPO,37.7306916,-122.4330166
60750301011,1584.0,68.06,6.63,4.17,White,Low_poverty,LPW,37.7650911,-122.4553082
60750168011,1702.0,57.64,8.58,25.56,White,Low_poverty,LPW,37.7723659,-122.4306683
60750178011,1201.0,10.49,49.96,19.24,Other,High_poverty,HPO,37.7826462,-122.4019289
60750352014,1460.0,45.89,14.96,10.82,Other,Low_poverty,LPO,37.7576268,-122.5057621
60750123021,1524.0,44.55,16.01,29.26,Other,Low_poverty,LPO,37.7866221,-122.4139833
60750167004,1562.0,55.25,4.8,28.36,White,Low_poverty,LPW,37.7720962,-122.438054
60750310002,1286.0,43.0,11.59,8.7,Other,Low_poverty,LPO,37.7273003,-122.4553843
60750131021,1656.0,68.3,9.93,7.97,White,Low_poverty,LPW,37.791343,-122.4269192
60750303013,1585.0,47.07,9.4,4.42,Other,Low_poverty,LPO,37.7547604,-122.4661899
60750452005,1493.0,37.84,6.5,7.43,Other,Low_poverty,LPO,37.7793758,-122.4701433
60750254032,2720.0,14.19,12.83,45.52,Other,Low_poverty,LPO,37.7336216,-122.4179401
60750176012,1963.0,20.58,40.45,47.99,Other,High_poverty,HPO,37.7801187,-122.4098566
60750155002,1299.0,35.03,7.62,13.62,Other,Low_poverty,LPO,37.7850396,-122.4347515
60750252003,1100.0,70.82,0.18,7.18,White,Low_poverty,LPW,37.7407798,-122.4130007
60750264022,1633.0,5.57,5.47,53.52,Minority,Low_poverty,LPM,37.7160065,-122.4007351
60750204012,807.0,73.61,3.22,3.6,White,Low_poverty,LPW,37.7574357,-122.445214
60750168012,1214.0,64.5,13.01,14.58,White,Low_poverty,LPW,37.7702868,-122.4300334
60750254021,1115.0,42.06,3.23,33.63,Other,Low_poverty,LPO,37.7367292,-122.4152805
60750332011,4551.0,29.49,51.47,42.63,Other,High_poverty,HPO,37.7262699,-122.4796649
60750210004,1142.0,50.88,17.99,43.17,White,Low_poverty,LPW,37.749009,-122.4220918
60750255006,2210.0,33.03,2.49,32.71,Other,Low_poverty,LPO,37.7272444,-122.4410913
60750306002,764.0,60.86,4.71,12.96,White,Low_poverty,LPW,37.7425275,-122.4547561
60750210002,1144.0,56.73,2.88,10.75,White,Low_poverty,LPW,37.7527716,-122.4229508
60750615002,4040.0,38.71,13.94,17.6,Other,Low_poverty,LPO,37.7860533,-122.3963212
60750426011,1435.0,38.4,15.4,17.43,Other,Low_poverty,LPO,37.7817735,-122.4815548
60750327005,1099.0,25.66,9.37,1.55,Other,Low_poverty,LPO,37.7564704,-122.489528
60750109003,1743.0,56.57,4.3,7.86,White,Low_poverty,LPW,37.7980786,-122.4225383
60750263031,2760.0,11.67,6.08,27.86,Other,Low_poverty,LPO,37.709685,-122.447059
60759809001,253.0,51.78,16.6,26.08,White,Low_poverty,LPW,37.7462861,-122.389477
60750165002,855.0,76.14,7.72,5.85,White,Low_poverty,LPW,37.7744048,-122.4461407
60750303012,2278.0,35.03,10.03,15.23,Other,Low_poverty,LPO,37.7584309,-122.4664683
60750133005,948.0,75.53,16.35,9.49,White,Low_poverty,LPW,37.7872766,-122.4573018
60750477013,1234.0,37.76,11.66,10.13,Other,Low_poverty,LPO,37.7771851,-122.4855977
60750217003,1905.0,64.15,3.31,15.22,White,Low_poverty,LPW,37.7393614,-122.4333055
60750262003,1698.0,0.59,6.8,21.09,Other,Low_poverty,LPO,37.7106526,-122.4525499
60750263022,1542.0,10.7,8.17,11.41,Other,Low_poverty,LPO,37.7101413,-122.4337263
60750428003,642.0,79.44,0.78,11.21,White,Low_poverty,LPW,37.7865796,-122.4793057
60750312022,1864.0,6.76,17.38,36.75,Other,Low_poverty,LPO,37.7194643,-122.4501717
60750177002,1639.0,31.12,7.01,38.74,Other,Low_poverty,LPO,37.7689632,-122.4158341
60750156003,939.0,41.75,9.16,8.2,Other,Low_poverty,LPO,37.7789685,-122.4572711
60750260011,2671.0,13.67,11.49,39.38,Other,Low_poverty,LPO,37.7250159,-122.4309781
60750328023,1326.0,34.62,5.73,2.71,Other,Low_poverty,LPO,37.7544011,-122.4834703
60750253002,916.0,58.95,3.71,13.32,White,Low_poverty,LPW,37.7409378,-122.4197402
60750171022,991.0,61.35,1.84,15.24,White,Low_poverty,LPW,37.7628524,-122.4504727
60750106001,1173.0,50.13,9.12,2.05,White,Low_poverty,LPW,37.8002726,-122.4067088
60750102003,909.0,88.89,1.43,1.98,White,Low_poverty,LPW,37.8044097,-122.4235679
60750301021,2990.0,62.04,6.24,9.1,White,Low_poverty,LPW,37.7599456,-122.4573289
60750212003,715.0,73.29,1.12,3.36,White,Low_poverty,LPW,37.7537988,-122.4395772
60750262005,1680.0,5.65,4.85,30.24,Other,Low_poverty,LPO,37.709221,-122.4637091
60750201001,1641.0,33.82,10.54,30.47,Other,Low_poverty,LPO,37.7714388,-122.4200319
60750112002,1452.0,63.98,9.85,13.64,White,Low_poverty,LPW,37.7930008,-122.4139358
60750111001,1755.0,46.44,8.43,9.11,Other,Low_poverty,LPO,37.7917601,-122.4198731
60750301012,1956.0,54.91,20.03,14.32,White,Low_poverty,LPW,37.764609,-122.4594191
60750314002,1553.0,11.27,14.49,32.39,Other,Low_poverty,LPO,37.7145414,-122.4531661
60750301013,579.0,43.87,4.49,17.44,Other,Low_poverty,LPO,37.7651545,-122.4626151
60750313022,1609.0,16.22,15.16,35.36,Other,Low_poverty,LPO,37.7145532,-122.4692367
60750152001,2051.0,57.58,11.99,13.21,White,Low_poverty,LPW,37.7883324,-122.426976
60750604001,1596.0,51.0,9.59,15.66,White,Low_poverty,LPW,37.7227802,-122.4916513
60750601001,4226.0,68.86,3.59,16.02,White,Low_poverty,LPW,37.7991411,-122.4801038
60750312011,2942.0,14.07,5.17,19.58,Other,Low_poverty,LPO,37.721268,-122.4542685
60750331004,1598.0,38.8,3.63,5.32,Other,Low_poverty,LPO,37.7319302,-122.4897162
60750217002,1470.0,50.0,16.53,31.02,White,Low_poverty,LPW,37.7363055,-122.4374397
60750314005,1361.0,22.04,6.28,20.79,Other,Low_poverty,LPO,37.7171403,-122.4597016
60750107004,1851.0,0.92,20.75,1.03,Other,Low_poverty,LPO,37.7980629,-122.4088379
60750304003,1689.0,42.21,1.54,7.4,Other,Low_poverty,LPO,37.7481704,-122.4701333
60750134001,1044.0,58.81,6.03,6.7,White,Low_poverty,LPW,37.7902701,-122.4374871
60750113002,1234.0,21.96,24.0,4.94,Other,Low_poverty,LPO,37.7937522,-122.4086218
60750254012,1065.0,55.49,0.75,32.21,White,Low_poverty,LPW,37.7373708,-122.4183185
60750427003,1545.0,44.92,13.92,4.98,Other,Low_poverty,LPO,37.7822165,-122.4907379
60750427001,1643.0,43.52,10.47,16.92,Other,Low_poverty,LPO,37.78386,-122.4855459
60750451003,1870.0,37.97,8.8,21.98,Other,Low_poverty,LPO,37.7792337,-122.4625405
60750452003,856.0,55.72,2.34,15.78,White,Low_poverty,LPW,37.7746185,-122.4698202
60750452002,1838.0,49.95,14.64,10.5,Other,Low_poverty,LPO,37.7753067,-122.4654909
60750476004,1443.0,56.55,8.87,13.79,White,Low_poverty,LPW,37.7739109,-122.4753397
60750479023,1134.0,40.3,10.58,0.0,Other,Low_poverty,LPO,37.7793802,-122.5002669
60750479021,1009.0,55.3,0.69,10.21,White,Low_poverty,LPW,37.7791149,-122.5074646
60750162001,1078.0,49.91,13.08,14.01,Other,Low_poverty,LPO,37.7782853,-122.4222503
60750610002,1948.0,7.29,1.75,8.62,Other,Low_poverty,LPO,37.7108244,-122.3997209
60750228022,1732.0,36.09,10.46,47.63,Other,Low_poverty,LPO,37.7569215,-122.4058964
60750229033,747.0,39.36,7.1,47.66,Other,Low_poverty,LPO,37.7499313,-122.4073628
60750263023,2441.0,14.5,8.58,24.91,Other,Low_poverty,LPO,37.7119613,-122.4289152
60750101002,3119.0,34.11,15.61,21.42,Other,Low_poverty,LPO,37.8050947,-122.4101617
60750102002,1668.0,79.56,5.28,6.0,White,Low_poverty,LPW,37.800965,-122.4219974
60750103003,1307.0,71.46,6.58,1.53,White,Low_poverty,LPW,37.7995825,-122.4152437
60750104003,1783.0,60.07,3.98,8.02,White,Low_poverty,LPW,37.8027124,-122.4057279
60750106003,1204.0,23.26,18.52,6.81,Other,Low_poverty,LPO,37.8000911,-122.4085384
60750308001,974.0,63.24,2.05,7.29,White,Low_poverty,LPW,37.7415712,-122.4636988
60750309005,541.0,45.47,0.0,0.0,Other,Low_poverty,LPO,37.7325145,-122.4689576
60750309006,443.0,71.56,0.0,14.22,White,Low_poverty,LPW,37.7311352,-122.4733327
60750311001,1091.0,57.01,0.0,11.09,White,Low_poverty,LPW,37.7325137,-122.4370037
60750311004,1422.0,26.65,12.45,20.19,Other,Low_poverty,LPO,37.7303053,-122.4500697
60750314001,726.0,12.67,3.58,33.33,Other,Low_poverty,LPO,37.7169281,-122.45434
60750330001,1163.0,43.94,5.67,7.22,Other,Low_poverty,LPO,37.7419041,-122.4804733
60750330003,1773.0,36.55,2.28,9.14,Other,Low_poverty,LPO,37.7361671,-122.4823842
60750331002,1053.0,38.18,3.51,2.75,Other,Low_poverty,LPO,37.7327867,-122.4827766
60750352022,1853.0,37.56,22.4,23.64,Other,Low_poverty,LPO,37.7613507,-122.5061405
60750352011,1090.0,43.21,22.66,0.92,Other,Low_poverty,LPO,37.7520387,-122.5052171
60750353001,1112.0,21.76,0.0,7.91,Other,Low_poverty,LPO,37.7477099,-122.4972829
60750353005,1533.0,29.48,1.24,5.22,Other,Low_poverty,LPO,37.7385516,-122.5001526
60750354001,1259.0,45.04,3.73,0.0,Other,Low_poverty,LPO,37.741914,-122.5083442
60750401001,833.0,72.99,10.01,7.2,White,Low_poverty,LPW,37.7874589,-122.4612739
60750402002,892.0,62.56,23.43,5.83,White,Low_poverty,LPW,37.7817882,-122.4694017
60750327003,1260.0,34.05,0.0,9.6,Other,Low_poverty,LPO,37.7601995,-122.4897893
60750180001,2228.0,41.43,24.19,27.06,Other,Low_poverty,LPO,37.7784376,-122.3983239
60750179021,3008.0,27.93,49.29,48.27,Other,High_poverty,HPO,37.8619483,-122.419701
60750203002,744.0,66.94,14.99,21.78,White,Low_poverty,LPW,37.7636604,-122.4292153
60750205001,930.0,64.62,1.29,14.31,White,Low_poverty,LPW,37.7615723,-122.4372195
60750206004,1693.0,73.95,1.24,12.52,White,Low_poverty,LPW,37.7610226,-122.4327907
60750207002,1722.0,54.07,11.15,29.21,White,Low_poverty,LPW,37.7583681,-122.4234758
60750208004,2411.0,24.84,19.58,58.9,Minority,Low_poverty,LPM,37.7568948,-122.4186173
60750228013,2395.0,35.78,15.96,50.23,Minority,Low_poverty,LPM,37.758897,-122.4146891
60750229011,1456.0,52.82,9.27,38.12,White,Low_poverty,LPW,37.7527457,-122.4144706
60750229012,1957.0,25.5,10.32,60.6,Minority,Low_poverty,LPM,37.7504475,-122.4127827
60750229032,641.0,66.3,10.76,15.29,White,Low_poverty,LPW,37.7520849,-122.4046934
60750231021,3257.0,3.72,23.4,66.53,Minority,Low_poverty,LPM,37.7355241,-122.3840235
60750233001,3739.0,6.87,23.85,38.75,Other,Low_poverty,LPO,37.725419,-122.39777
60750253004,1369.0,48.65,6.68,25.93,Other,Low_poverty,LPO,37.7457383,-122.4203137
60750253001,1290.0,69.07,0.7,23.49,White,Low_poverty,LPW,37.7439272,-122.418252
60750254013,1397.0,54.19,3.08,34.43,White,Low_poverty,LPW,37.7363803,-122.42307
60750255001,1760.0,29.49,12.1,24.6,Other,Low_poverty,LPO,37.7327293,-122.4294789
60750255003,1772.0,11.46,9.47,40.58,Other,Low_poverty,LPO,37.7277707,-122.43442
60750256002,749.0,19.23,14.29,11.35,Other,Low_poverty,LPO,37.7276215,-122.417676
60750258002,902.0,18.4,26.39,31.04,Other,Low_poverty,LPO,37.720477,-122.40088
60750259002,1685.0,24.09,3.5,43.68,Other,Low_poverty,LPO,37.7217611,-122.408269
60750260021,1520.0,24.21,9.58,37.56,Other,Low_poverty,LPO,37.7273852,-122.4281805
60750261002,2504.0,5.83,3.99,14.94,Other,Low_poverty,LPO,37.7166748,-122.4433834
60750262002,1069.0,11.79,2.53,26.66,Other,Low_poverty,LPO,37.7119223,-122.4491089
60750263021,1272.0,7.08,9.33,49.37,Other,Low_poverty,LPO,37.7122632,-122.4356566
60750264023,1876.0,9.12,14.55,27.5,Other,Low_poverty,LPO,37.7161107,-122.4054284
60750264012,1635.0,6.3,5.2,23.54,Other,Low_poverty,LPO,37.7140443,-122.4089273
60750302012,1089.0,38.57,3.58,19.65,Other,Low_poverty,LPO,37.7627959,-122.473788
60750303011,854.0,47.42,3.75,5.97,Other,Low_poverty,LPO,37.7584918,-122.4737517
60750106002,1052.0,32.79,21.48,9.98,Other,Low_poverty,LPO,37.7982014,-122.4042286
60750110001,969.0,71.52,16.41,12.07,White,Low_poverty,LPW,37.7957089,-122.4200393
60750110003,2027.0,45.93,1.87,9.97,Other,Low_poverty,LPO,37.7932528,-122.4201589
60750105002,1846.0,54.55,7.75,10.99,White,Low_poverty,LPW,37.7965629,-122.3939274
60750117001,859.0,32.36,17.69,8.85,Other,Low_poverty,LPO,37.7924467,-122.4017719
60750117002,931.0,30.5,15.66,18.9,Other,Low_poverty,LPO,37.7886871,-122.4050566
60750127001,1501.0,75.42,7.4,2.4,White,Low_poverty,LPW,37.8069918,-122.4424831
60750130004,1139.0,95.26,3.51,0.0,White,Low_poverty,LPW,37.7966229,-122.4353981
60750132003,1513.0,65.83,2.83,12.82,White,Low_poverty,LPW,37.793368,-122.4423299
60750132001,1995.0,73.88,4.91,7.22,White,Low_poverty,LPW,37.7941621,-122.4323692
60750133004,687.0,88.65,7.71,0.0,White,Low_poverty,LPW,37.7891063,-122.4550383
60750134003,1196.0,80.18,2.59,5.69,White,Low_poverty,LPW,37.7905445,-122.4426196
60750135002,1130.0,60.09,10.8,10.35,White,Low_poverty,LPW,37.7901751,-122.4323173
60750152002,1506.0,57.37,11.44,5.71,White,Low_poverty,LPW,37.7880033,-122.4306506
60750153002,1356.0,52.21,4.44,25.44,White,Low_poverty,LPW,37.7863117,-122.4409455
60750155003,587.0,57.07,16.18,7.33,White,Low_poverty,LPW,37.7842181,-122.4405351
60750157004,3827.0,32.11,14.44,30.05,Other,Low_poverty,LPO,37.7765896,-122.4507141
60750159001,2438.0,29.66,9.72,20.59,Other,Low_poverty,LPO,37.7835558,-122.4277081
60750160001,2562.0,50.62,16.98,17.06,White,Low_poverty,LPW,37.7823391,-122.4224915
60750163002,1271.0,46.26,3.23,36.11,Other,Low_poverty,LPO,37.7753223,-122.4277199
60750166001,1883.0,77.11,5.42,7.06,White,Low_poverty,LPW,37.7714621,-122.4430407
60750166003,1655.0,63.69,13.47,14.45,White,Low_poverty,LPW,37.7698784,-122.4520499
60750167003,1182.0,79.19,6.85,3.47,White,Low_poverty,LPW,37.7690644,-122.4403187
60750170002,2661.0,69.33,4.06,8.42,White,Low_poverty,LPW,37.7645638,-122.4391365
60750170001,862.0,72.97,2.32,6.38,White,Low_poverty,LPW,37.7674125,-122.4372925
60750202003,2565.0,47.06,11.46,19.15,Other,Low_poverty,LPO,37.7647879,-122.4240946
60750251002,797.0,58.09,13.17,26.97,White,Low_poverty,LPW,37.7435833,-122.4088438
60750252002,1520.0,64.8,7.3,10.14,White,Low_poverty,LPW,37.7444918,-122.4133685
60750303014,1197.0,31.16,6.85,8.11,Other,Low_poverty,LPO,37.7562244,-122.4709401
60750304001,955.0,51.94,2.93,8.48,White,Low_poverty,LPW,37.7478431,-122.4623913
60750208002,1791.0,48.3,3.46,25.85,Other,Low_poverty,LPO,37.7607352,-122.4189417
60750210001,1038.0,67.73,1.54,17.92,White,Low_poverty,LPW,37.7543688,-122.4231027
60750211001,1224.0,78.76,1.23,8.91,White,Low_poverty,LPW,37.7548981,-122.4276735
60750212001,888.0,74.55,3.94,14.75,White,Low_poverty,LPW,37.7543999,-122.4360194
60750212002,1502.0,64.51,1.07,11.59,White,Low_poverty,LPW,37.7518161,-122.4386037
60750214002,1655.0,66.65,4.05,15.04,White,Low_poverty,LPW,37.7486421,-122.4282087
60750215003,861.0,50.75,2.09,24.97,White,Low_poverty,LPW,37.7427792,-122.4263284
60750215004,1015.0,63.74,12.91,9.85,White,Low_poverty,LPW,37.7439649,-122.4289235
60750216001,1755.0,63.99,2.68,14.48,White,Low_poverty,LPW,37.7450603,-122.4339978
60750218004,1034.0,64.02,12.28,25.83,White,Low_poverty,LPW,37.7349231,-122.432798
60750218002,1067.0,77.98,5.53,9.37,White,Low_poverty,LPW,37.7387999,-122.4275017
60750226001,1390.0,54.6,0.0,16.48,White,Low_poverty,LPW,37.762479,-122.3835595
60750228012,1908.0,42.09,8.54,37.11,Other,Low_poverty,LPO,37.7590143,-122.4102027
60750305003,1353.0,51.22,23.58,22.03,White,Low_poverty,LPW,37.7494646,-122.4574312
60750305002,1040.0,36.06,4.13,15.39,Other,Low_poverty,LPO,37.7507522,-122.4508759
60750307002,1919.0,63.84,2.71,12.71,White,Low_poverty,LPW,37.735571,-122.443928
60750307001,3084.0,44.81,1.59,17.25,Other,Low_poverty,LPO,37.7398128,-122.4500688
60750308005,1776.0,50.28,0.0,0.0,White,Low_poverty,LPW,37.7417124,-122.4716792
60750330006,1380.0,35.07,1.74,28.26,Other,Low_poverty,LPO,37.7396263,-122.4897347
60750257022,1548.0,6.91,9.82,25.0,Other,Low_poverty,LPO,37.7302539,-122.4054481
60750428002,550.0,69.64,5.27,3.09,White,Low_poverty,LPW,37.7881754,-122.4896926
60750204021,2315.0,61.38,7.17,17.37,White,Low_poverty,LPW,37.7509779,-122.4461442
60750257011,1410.0,20.07,5.32,21.2,Other,Low_poverty,LPO,37.7306973,-122.4165863
60750125012,1226.0,38.91,30.39,39.15,Other,High_poverty,HPO,37.7843958,-122.409422
60750126011,2516.0,76.03,2.58,11.92,White,Low_poverty,LPW,37.8022683,-122.4391509
60750131011,2018.0,73.34,1.44,8.73,White,Low_poverty,LPW,37.7950962,-122.4250097
60750131012,2043.0,70.48,6.33,9.74,White,Low_poverty,LPW,37.7923973,-122.4244764
60750158012,1972.0,40.11,16.38,30.22,Other,Low_poverty,LPO,37.7815537,-122.4395004
60750168021,1123.0,52.36,8.37,19.59,White,Low_poverty,LPW,37.7740516,-122.4225189
60750171011,1605.0,72.83,2.93,3.99,White,Low_poverty,LPW,37.7658978,-122.4458189
60750171023,1656.0,71.86,7.03,12.87,White,Low_poverty,LPW,37.767281,-122.4508522
60750204011,1070.0,68.13,2.99,14.3,White,Low_poverty,LPW,37.759658,-122.4444646
60750313011,1070.0,33.74,19.72,19.16,Other,Low_poverty,LPO,37.7206489,-122.4693824
60750313021,1632.0,9.38,21.06,25.0,Other,Low_poverty,LPO,37.7162873,-122.464957
60750326011,1708.0,40.87,12.53,7.73,Other,Low_poverty,LPO,37.764359,-122.4809405
60750326021,1984.0,39.36,2.07,2.42,Other,Low_poverty,LPO,37.7604202,-122.4855054
60750328012,1583.0,24.32,3.47,16.87,Other,Low_poverty,LPO,37.7437706,-122.4805959
60750328022,1711.0,23.85,8.88,8.65,Other,Low_poverty,LPO,37.7532342,-122.4780266
60750329021,1308.0,26.83,2.6,3.67,Other,Low_poverty,LPO,37.7545461,-122.4907759
60750332041,982.0,19.45,18.13,49.9,Other,Low_poverty,LPO,37.7190538,-122.4768556
60750426021,726.0,53.58,3.17,4.68,White,Low_poverty,LPW,37.7815202,-122.47535
60750426022,1035.0,46.86,3.86,6.96,Other,Low_poverty,LPO,37.7852441,-122.4756063
60750478013,1526.0,34.53,12.6,12.12,Other,Low_poverty,LPO,37.7770065,-122.4909592
60750478023,1591.0,31.05,8.42,14.58,Other,Low_poverty,LPO,37.7783225,-122.4962323
60750119011,972.0,70.58,9.77,7.41,White,Low_poverty,LPW,37.7909399,-122.4140081
60750119022,600.0,50.83,14.17,7.84,White,Low_poverty,LPW,37.791461,-122.409902
60750228033,1497.0,27.39,6.21,66.53,Minority,Low_poverty,LPM,37.7551696,-122.4098238
60750257012,1928.0,10.74,8.66,31.54,Other,Low_poverty,LPO,37.7334327,-122.4093995
60750615003,3540.0,36.58,3.33,4.24,Other,Low_poverty,LPO,37.790199,-122.3892541
60750166002,1115.0,85.29,12.83,4.75,White,Low_poverty,LPW,37.7695337,-122.4468732
60750171013,1227.0,77.18,10.76,11.82,White,Low_poverty,LPW,37.7683128,-122.445746
60750153001,933.0,66.24,6.32,21.0,White,Low_poverty,LPW,37.7872683,-122.4375217
60750304005,819.0,48.6,2.35,8.67,Other,Low_poverty,LPO,37.744103,-122.4730442
60750302022,1696.0,52.59,4.6,12.44,White,Low_poverty,LPW,37.7630714,-122.4673066
60750329012,1525.0,24.59,7.8,2.89,Other,Low_poverty,LPO,37.7470841,-122.4902542
60750151001,1673.0,57.56,6.12,9.32,White,Low_poverty,LPW,37.7887436,-122.4237409
60750254031,2062.0,44.03,8.61,37.2,Other,Low_poverty,LPO,37.7340161,-122.4250063
60750122012,1645.0,44.98,29.03,28.45,Other,Low_poverty,LPO,37.7849116,-122.4161659
60750312012,1726.0,18.08,7.18,17.38,Other,Low_poverty,LPO,37.722913,-122.4564942
60750177001,276.0,58.33,9.78,21.02,White,Low_poverty,LPW,37.7671193,-122.4091364
60750204013,1299.0,67.21,5.85,9.62,White,Low_poverty,LPW,37.760684,-122.4414771
60750329023,1623.0,29.57,10.57,2.16,Other,Low_poverty,LPO,37.7508133,-122.490514
60750309002,1786.0,56.72,6.46,2.8,White,Low_poverty,LPW,37.7293014,-122.4648151
60750109001,718.0,75.07,0.0,2.79,White,Low_poverty,LPW,37.7991997,-122.4190467
60750259003,564.0,0.89,1.95,21.1,Other,Low_poverty,LPO,37.7197949,-122.4040965
60750125021,1573.0,22.06,45.52,27.72,Other,High_poverty,HPO,37.7843976,-122.4126867
60750112003,685.0,62.48,3.07,5.84,White,Low_poverty,LPW,37.7923224,-122.4121175
60750124023,1695.0,33.45,32.74,31.79,Other,High_poverty,HPO,37.783094,-122.4192115
60750255005,1702.0,14.75,2.94,51.59,Minority,Low_poverty,LPM,37.7246691,-122.4411295
60750329013,1309.0,13.67,2.8,4.97,Other,Low_poverty,LPO,37.7452212,-122.4901214
60750232002,1447.0,10.57,11.59,64.75,Minority,Low_poverty,LPM,37.7263946,-122.3838027
60750251003,840.0,45.95,3.93,31.78,Other,Low_poverty,LPO,37.7424084,-122.4071226
60750332043,1866.0,26.42,35.91,13.93,Other,High_poverty,HPO,37.720708,-122.4832349
60750120001,1673.0,48.18,19.71,14.94,Other,Low_poverty,LPO,37.7884288,-122.4186288
60750301022,1427.0,59.57,1.26,11.07,White,Low_poverty,LPW,37.7549652,-122.4595052
60750130001,1549.0,78.18,8.52,8.65,White,Low_poverty,LPW,37.7978719,-122.4255827
60750311005,1687.0,60.58,0.0,17.19,White,Low_poverty,LPW,37.7323364,-122.4465918
60750102001,1590.0,77.23,1.82,6.42,White,Low_poverty,LPW,37.8081607,-122.4213933
60750105001,933.0,40.41,39.66,27.76,Other,High_poverty,HPO,37.8026835,-122.39905
60750252001,1513.0,38.6,2.18,53.53,Minority,Low_poverty,LPM,37.7474356,-122.4148225
60750308003,732.0,49.04,0.0,18.85,Other,Low_poverty,LPO,37.7366925,-122.4672066
60750101001,770.0,58.83,7.27,5.59,White,Low_poverty,LPW,37.8085195,-122.4095545
60750607003,854.0,45.2,2.69,10.89,Other,Low_poverty,LPO,37.7796245,-122.3901915
60750204022,2249.0,70.16,1.91,17.08,White,Low_poverty,LPW,37.755641,-122.4418034
60750108003,1706.0,61.78,17.53,10.61,White,Low_poverty,LPW,37.7950491,-122.4136621
60750264042,1119.0,5.45,12.51,42.9,Other,Low_poverty,LPO,37.7094647,-122.4137115
60750154002,1385.0,66.57,9.17,8.38,White,Low_poverty,LPW,37.7841319,-122.4446041
60750261004,1549.0,4.97,2.84,14.33,Other,Low_poverty,LPO,37.7214918,-122.4439587
60750615006,3831.0,52.78,6.89,5.85,White,Low_poverty,LPW,37.7865796,-122.386457
60750607001,12169.0,35.85,9.32,15.34,Other,Low_poverty,LPO,37.7747019,-122.3887726
60750169002,1314.0,63.7,4.41,5.63,White,Low_poverty,LPW,37.7661755,-122.4341871
60750255004,1068.0,15.54,20.81,8.8,Other,Low_poverty,LPO,37.7251607,-122.4363669
60750263012,3053.0,12.15,12.29,16.08,Other,Low_poverty,LPO,37.7139726,-122.4406713
60750264032,2096.0,11.07,12.31,28.1,Other,Low_poverty,LPO,37.7128199,-122.404935
60750304004,920.0,45.33,1.09,12.39,Other,Low_poverty,LPO,37.7459685,-122.4731807
60750303022,1513.0,36.42,4.36,8.0,Other,Low_poverty,LPO,37.7510686,-122.4678577
60750169001,1940.0,61.24,10.89,21.5,White,Low_poverty,LPW,37.7679454,-122.430891
60750203001,1428.0,66.53,6.58,5.95,White,Low_poverty,LPW,37.7665449,-122.4275912
60750208003,1162.0,46.82,4.3,31.33,Other,Low_poverty,LPO,37.7589013,-122.4199312
60750213002,1630.0,69.57,4.36,10.68,White,Low_poverty,LPW,37.7490969,-122.4402554
60750217001,1181.0,37.85,5.84,9.14,Other,Low_poverty,LPO,37.7416425,-122.4423448
60750226002,1823.0,52.66,3.46,12.01,White,Low_poverty,LPW,37.7564391,-122.3889558
60750230011,2197.0,6.65,22.49,24.81,Other,Low_poverty,LPO,37.7369465,-122.4022092
60750122021,3181.0,36.12,33.32,32.51,Other,High_poverty,HPO,37.7854122,-122.4196443
60750479013,2092.0,33.13,3.06,5.02,Other,Low_poverty,LPO,37.7754213,-122.5037414
60750257023,1494.0,11.71,3.16,18.48,Other,Low_poverty,LPO,37.7264724,-122.4080454
60750326013,1476.0,23.92,7.93,7.12,Other,Low_poverty,LPO,37.7606005,-122.480649
60750615001,1952.0,50.2,2.72,2.92,White,Low_poverty,LPW,37.7891586,-122.3977986
60750332042,1850.0,37.68,23.57,36.11,Other,Low_poverty,LPO,37.7183013,-122.4808291
60750352012,893.0,17.69,17.47,2.02,Other,Low_poverty,LPO,37.7566323,-122.5104356
60750451002,1354.0,53.77,9.23,7.32,White,Low_poverty,LPW,37.7755658,-122.4622975
60750477012,1763.0,34.94,9.47,6.75,Other,Low_poverty,LPO,37.7784037,-122.4808532
60750610001,2891.0,14.87,11.69,34.97,Other,Low_poverty,LPO,37.7132283,-122.3846994
60750104002,1818.0,68.21,6.6,6.39,White,Low_poverty,LPW,37.802767,-122.4096738
60750108002,1652.0,32.14,8.78,3.51,Other,Low_poverty,LPO,37.7961832,-122.4146169
60750113001,1609.0,10.57,7.33,0.87,Other,Low_poverty,LPO,37.7956564,-122.4100877
60750130003,1244.0,74.92,9.97,8.6,White,Low_poverty,LPW,37.7970419,-122.432109
60750151002,951.0,36.38,4.42,6.31,Other,Low_poverty,LPO,37.7860456,-122.4230445
60750157001,1092.0,70.15,1.5,8.33,White,Low_poverty,LPW,37.7805941,-122.4445554
60750164001,2053.0,65.81,6.12,19.77,White,Low_poverty,LPW,37.7753083,-122.4353447
60750176013,3946.0,23.06,10.64,39.53,Other,Low_poverty,LPO,37.7777482,-122.412857
60750479022,1489.0,43.38,4.16,5.24,Other,Low_poverty,LPO,37.7790805,-122.5037771
60750128001,1980.0,85.3,9.44,11.06,White,Low_poverty,LPW,37.7983583,-122.4385354
60759805011,507.0,0.0,44.18,42.41,Other,High_poverty,HPO,37.7161724,-122.419376
60750309007,746.0,11.93,0.0,0.94,Other,Low_poverty,LPO,37.7225847,-122.4736389
60750261001,1357.0,7.59,9.51,37.65,Other,Low_poverty,LPO,37.7210813,-122.4389824
60750305001,837.0,48.98,0.48,11.23,Other,Low_poverty,LPO,37.7552307,-122.4521887
60750314004,1717.0,2.15,3.61,39.78,Other,Low_poverty,LPO,37.7146894,-122.4590986
60750206003,848.0,75.24,4.48,5.07,White,Low_poverty,LPW,37.7580663,-122.4328731
60750210003,1199.0,61.88,8.84,12.93,White,Low_poverty,LPW,37.750613,-122.4231169
60750218001,1385.0,52.92,1.3,22.31,White,Low_poverty,LPW,37.7410274,-122.4269937
60759802001,312.0,46.79,0.0,19.56,Other,Low_poverty,LPO,37.7851517,-122.5020433
60750257013,1750.0,3.37,13.46,32.63,Other,Low_poverty,LPO,37.729436,-122.4112717
60750326023,1532.0,21.34,10.44,8.69,Other,Low_poverty,LPO,37.7568733,-122.4804097
60750612002,2331.0,10.81,14.14,65.38,Minority,Low_poverty,LPM,37.7364014,-122.3921475
60750401002,1203.0,37.66,9.23,4.91,Other,Low_poverty,LPO,37.7842965,-122.460694
60750111002,1884.0,50.37,6.79,14.8,White,Low_poverty,LPW,37.7906755,-122.4185102
60750135001,1476.0,65.04,2.98,6.84,White,Low_poverty,LPW,37.7918482,-122.432868
60750301023,845.0,80.0,7.93,6.51,White,Low_poverty,LPW,37.7600754,-122.4489019
