Date,Day of Week,flow_type,Sum_Observed_Flow,Sum_Predicted_Flow,Realization_Ratio_R
2019/1/1,Tuesday,HPM_to_LPW,983,1261.0902099999998,0.77948428447478
2019/1/1,Tuesday,LPW_to_HPM,1092,1272.0009690000002,0.8584899120465999
2019/1/2,Wednesday,HPM_to_LPW,1271,1586.6127350000002,0.8010776492349281
2019/1/2,Wednesday,LPW_to_HPM,1370,1867.035143,0.733783723962822
2019/1/3,Thursday,HPM_to_LPW,1516,1821.380495,0.8323356949092616
2019/1/3,Thursday,LPW_to_HPM,1498,2002.391784,0.7481053468006039
2019/1/4,Friday,HPM_to_LPW,1600,1959.620139,0.8164847707762816
2019/1/4,Friday,LPW_to_HPM,1536,2150.852886,0.7141353134832672
2019/1/5,Saturday,HPM_to_LPW,1394,1675.507316,0.8319868177764496
2019/1/5,Saturday,LPW_to_HPM,1338,1881.489181,0.7111388221158207
2019/1/6,Sunday,HPM_to_LPW,1110,1414.604747,0.7846714796864738
2019/1/6,Sunday,LPW_to_HPM,1074,1567.8777630000002,0.6850023805076442
2019/1/7,Monday,HPM_to_LPW,1283,1556.448319,0.8243126253137095
2019/1/7,Monday,LPW_to_HPM,1166,1660.918964,0.7020210048008098
2019/1/8,Tuesday,HPM_to_LPW,1486,1736.589605,0.8557001583572187
2019/1/8,Tuesday,LPW_to_HPM,1361,2007.16515,0.6780707606446834
2019/1/9,Wednesday,HPM_to_LPW,1523,1824.402286,0.8347939550871621
2019/1/9,Wednesday,LPW_to_HPM,1418,2124.801755,0.6673563765011103
2019/1/10,Thursday,HPM_to_LPW,1616,1946.634526,0.8301506926010415
2019/1/10,Thursday,LPW_to_HPM,1549,2168.153786,0.7144327169050729
2019/1/11,Friday,HPM_to_LPW,1702,2081.565774,0.8176537207034227
2019/1/11,Friday,LPW_to_HPM,1690,2315.181383,0.7299644046939021
2019/1/12,Saturday,HPM_to_LPW,1433,1705.510179,0.8402177938569781
2019/1/12,Saturday,LPW_to_HPM,1392,1903.718418,0.7312005740126217
2019/1/13,Sunday,HPM_to_LPW,1182,1442.821014,0.8192284341098459
2019/1/13,Sunday,LPW_to_HPM,1154,1593.29844,0.7242836439355329
2019/1/14,Monday,HPM_to_LPW,1507,1853.5994,0.8130127793524318
2019/1/14,Monday,LPW_to_HPM,1410,2041.142601,0.6907895603713383
2019/1/15,Tuesday,HPM_to_LPW,1493,1811.7921830000005,0.8240459441258113
2019/1/15,Tuesday,LPW_to_HPM,1401,2098.91281,0.6674884222560917
2019/1/16,Wednesday,HPM_to_LPW,1599,1898.820303,0.8421018026159162
2019/1/16,Wednesday,LPW_to_HPM,1478,2140.4646620000003,0.6905042751880759
2019/1/17,Thursday,HPM_to_LPW,1435,1789.5655860000002,0.801870583132682
2019/1/17,Thursday,LPW_to_HPM,1416,2123.777836,0.6667364052856609
2019/1/18,Friday,HPM_to_LPW,1661,1981.934009,0.8380702851141195
2019/1/18,Friday,LPW_to_HPM,1596,2311.636073,0.6904200962432377
2019/1/19,Saturday,HPM_to_LPW,1200,1421.1690460000002,0.8443752721588617
2019/1/19,Saturday,LPW_to_HPM,1129,1627.540848,0.6936845864036956
2019/1/20,Sunday,HPM_to_LPW,858,1078.204569,0.7957673568344895
2019/1/20,Sunday,LPW_to_HPM,828,1149.013282,0.720618301782172
2019/1/21,Monday,HPM_to_LPW,1148,1371.8656829999998,0.8368166171265035
2019/1/21,Monday,LPW_to_HPM,1068,1656.594743,0.6446959973239514
2019/1/22,Tuesday,HPM_to_LPW,1476,1746.3370389999998,0.8451976720628899
2019/1/22,Tuesday,LPW_to_HPM,1352,2054.099078,0.6581960989517566
2019/1/23,Wednesday,HPM_to_LPW,1399,1732.555352,0.8074778092284581
2019/1/23,Wednesday,LPW_to_HPM,1432,2099.292892,0.6821344489170976
2019/1/24,Thursday,HPM_to_LPW,1495,1772.805062,0.8432963285390257
2019/1/24,Thursday,LPW_to_HPM,1394,2104.806366,0.6622937019376157
2019/1/25,Friday,HPM_to_LPW,1595,1924.111857,0.8289538855016786
2019/1/25,Friday,LPW_to_HPM,1507,2256.291193,0.6679102434452484
2019/1/26,Saturday,HPM_to_LPW,1398,1693.2262530000005,0.8256427618713515
2019/1/26,Saturday,LPW_to_HPM,1297,1961.380892,0.6612688057124194
2019/1/27,Sunday,HPM_to_LPW,1108,1352.2953389999998,0.8193476439986459
2019/1/27,Sunday,LPW_to_HPM,1119,1583.190159,0.7068007551959524
2019/1/28,Monday,HPM_to_LPW,1392,1751.1956679999998,0.7948854747852198
2019/1/28,Monday,LPW_to_HPM,1322,2031.442932,0.6507689579536758
2019/1/29,Tuesday,HPM_to_LPW,1403,1674.6109659999995,0.8378065284925408
2019/1/29,Tuesday,LPW_to_HPM,1358,2011.650321,0.6750676227491328
2019/1/30,Wednesday,HPM_to_LPW,1015,1269.040035,0.7998171625846303
2019/1/30,Wednesday,LPW_to_HPM,979,1593.678007,0.6143022591137508
2019/1/31,Thursday,HPM_to_LPW,1295,1559.736865,0.8302682516900054
2019/1/31,Thursday,LPW_to_HPM,1177,1836.428063,0.6409181082090664
2019/2/1,Friday,HPM_to_LPW,1366,1660.323418,0.8227312734319333
2019/2/1,Friday,LPW_to_HPM,1260,1905.603144,0.661207977100189
2019/2/2,Saturday,HPM_to_LPW,1489,1809.319462,0.8229613571691078
2019/2/2,Saturday,LPW_to_HPM,1439,2012.3443620000005,0.7150863575704444
2019/2/3,Sunday,HPM_to_LPW,1276,1589.332622,0.8028527083237582
2019/2/3,Sunday,LPW_to_HPM,1115,1637.761807,0.6808071816269922
2019/2/4,Monday,HPM_to_LPW,1525,1853.735416,0.8226632489390815
2019/2/4,Monday,LPW_to_HPM,1479,2052.509943,0.7205811621249719
2019/2/5,Tuesday,HPM_to_LPW,1578,1892.335867,0.8338900231815984
2019/2/5,Tuesday,LPW_to_HPM,1363,2119.220871,0.6431608987301258
2019/2/6,Wednesday,HPM_to_LPW,1530,1848.131593,0.8278631271685641
2019/2/6,Wednesday,LPW_to_HPM,1399,2073.401069,0.6747367988359033
2019/2/7,Thursday,HPM_to_LPW,1519,1842.587067,0.824384381723222
2019/2/7,Thursday,LPW_to_HPM,1406,2141.341443,0.6565977623961767
2019/2/8,Friday,HPM_to_LPW,1672,1990.609823,0.8399436095819969
2019/2/8,Friday,LPW_to_HPM,1456,2252.299119,0.6464505481165621
2019/2/9,Saturday,HPM_to_LPW,1457,1740.083046,0.8373163587503858
2019/2/9,Saturday,LPW_to_HPM,1369,2042.2823550000005,0.6703284668980063
2019/2/10,Sunday,HPM_to_LPW,1215,1474.623571,0.8239390878419642
2019/2/10,Sunday,LPW_to_HPM,1099,1639.6492360000002,0.6702653078905224
2019/2/11,Monday,HPM_to_LPW,1442,1742.6874449999998,0.8274576167615646
2019/2/11,Monday,LPW_to_HPM,1334,1978.722641,0.6741723030600326
2019/2/12,Tuesday,HPM_to_LPW,1623,1927.785017,0.8418988557788962
2019/2/12,Tuesday,LPW_to_HPM,1362,2108.736665,0.6458843451654975
2019/2/13,Wednesday,HPM_to_LPW,1538,1830.391979,0.8402571785963885
2019/2/13,Wednesday,LPW_to_HPM,1439,2132.526817,0.6747863560395264
2019/2/14,Thursday,HPM_to_LPW,1731,2025.266271,0.854702428409721
2019/2/14,Thursday,LPW_to_HPM,1514,2219.525168,0.6821278811468742
2019/2/15,Friday,HPM_to_LPW,1737,2064.03577,0.8415551829317377
2019/2/15,Friday,LPW_to_HPM,1483,2219.73628,0.6680973831720226
2019/2/16,Saturday,HPM_to_LPW,1353,1676.278997,0.8071448741059423
2019/2/16,Saturday,LPW_to_HPM,1416,1947.219156,0.7271908740404771
2019/2/17,Sunday,HPM_to_LPW,1104,1444.177099,0.7644491806195024
2019/2/17,Sunday,LPW_to_HPM,1031,1569.056033,0.65708297110891
2019/2/18,Monday,HPM_to_LPW,1429,1667.818965,0.8568076212036598
2019/2/18,Monday,LPW_to_HPM,1141,1902.693163,0.5996763020901232
2019/2/19,Tuesday,HPM_to_LPW,1586,1909.241633,0.8306963207731392
2019/2/19,Tuesday,LPW_to_HPM,1452,2210.079743,0.6569898686230345
2019/2/20,Wednesday,HPM_to_LPW,1283,1600.124579,0.8018125693699503
2019/2/20,Wednesday,LPW_to_HPM,1257,1779.408006,0.7064147153219001
2019/2/21,Thursday,HPM_to_LPW,1662,1992.978024,0.8339279108879928
2019/2/21,Thursday,LPW_to_HPM,1495,2258.284526,0.6620069272883111
2019/2/22,Friday,HPM_to_LPW,1756,2091.342231,0.8396521496916111
2019/2/22,Friday,LPW_to_HPM,1585,2427.630159,0.6529001108854654
2019/2/23,Saturday,HPM_to_LPW,1441,1776.903294,0.8109614095858613
2019/2/23,Saturday,LPW_to_HPM,1477,2080.644556,0.7098761755056832
2019/2/24,Sunday,HPM_to_LPW,1222,1490.231493,0.8200068282948305
2019/2/24,Sunday,LPW_to_HPM,1196,1612.424094,0.7417403426619845
2019/2/25,Monday,HPM_to_LPW,1544,1839.996446,0.8391320555844161
2019/2/25,Monday,LPW_to_HPM,1411,2072.464887,0.6808318002639338
2019/2/26,Tuesday,HPM_to_LPW,1548,1838.479491,0.8420001460870253
2019/2/26,Tuesday,LPW_to_HPM,1462,2127.947461,0.6870470379531612
2019/2/27,Wednesday,HPM_to_LPW,1607,1912.902471,0.8400846485183927
2019/2/27,Wednesday,LPW_to_HPM,1491,2194.653134,0.6793784297395945
2019/2/28,Thursday,HPM_to_LPW,1595,1926.152903,0.8280754853447894
2019/2/28,Thursday,LPW_to_HPM,1513,2188.849211,0.6912308040208804
2019/3/1,Friday,HPM_to_LPW,1712,2068.39457,0.8276950756063917
2019/3/1,Friday,LPW_to_HPM,1522,2343.9087660000005,0.6493426800896225
2019/3/2,Saturday,HPM_to_LPW,1540,1871.115068,0.8230386395456039
2019/3/2,Saturday,LPW_to_HPM,1482,2131.305504,0.6953484600019125
2019/3/3,Sunday,HPM_to_LPW,1138,1385.408997,0.821418081205084
2019/3/3,Sunday,LPW_to_HPM,1111,1533.588749,0.7244445427266237
2019/3/4,Monday,HPM_to_LPW,1565,1852.5001420000003,0.8448042537316036
2019/3/4,Monday,LPW_to_HPM,1398,2050.1605520000003,0.6818978146058874
2019/3/5,Tuesday,HPM_to_LPW,1520,1803.586775,0.8427651062145318
2019/3/5,Tuesday,LPW_to_HPM,1409,2086.586185,0.6752656612647897
2019/3/6,Wednesday,HPM_to_LPW,1507,1810.67008,0.8322885635797328
2019/3/6,Wednesday,LPW_to_HPM,1366,2102.357282,0.6497468397476696
2019/3/7,Thursday,HPM_to_LPW,1613,1915.040537,0.8422798206281521
2019/3/7,Thursday,LPW_to_HPM,1460,2203.745056,0.6625085764911637
2019/3/8,Friday,HPM_to_LPW,1671,2032.956014,0.8219558064673406
2019/3/8,Friday,LPW_to_HPM,1646,2397.85496,0.6864468566522471
2019/3/9,Saturday,HPM_to_LPW,1415,1756.7644719999998,0.8054580010882644
2019/3/9,Saturday,LPW_to_HPM,1409,2078.587155,0.6778642871003404
2019/3/10,Sunday,HPM_to_LPW,1262,1572.129904,0.8027326474670251
2019/3/10,Sunday,LPW_to_HPM,1202,1723.198923,0.697539897429474
2019/3/11,Monday,HPM_to_LPW,1563,1867.068593,0.837141177276501
2019/3/11,Monday,LPW_to_HPM,1377,2117.146133,0.6504038519291006
2019/3/12,Tuesday,HPM_to_LPW,1514,1853.911332,0.8166517858039609
2019/3/12,Tuesday,LPW_to_HPM,1364,2097.647484,0.6502522518221179
2019/3/13,Wednesday,HPM_to_LPW,1549,1847.322635,0.8385108105385175
2019/3/13,Wednesday,LPW_to_HPM,1418,2173.383062,0.6524390590838239
2019/3/14,Thursday,HPM_to_LPW,1677,2031.482504,0.8255055097437354
2019/3/14,Thursday,LPW_to_HPM,1493,2277.560527,0.6555259376428418
2019/3/15,Friday,HPM_to_LPW,1786,2112.41721,0.8454769216730629
2019/3/15,Friday,LPW_to_HPM,1682,2386.346318,0.7048432104396677
2019/3/16,Saturday,HPM_to_LPW,1504,1792.238917,0.8391738320901554
2019/3/16,Saturday,LPW_to_HPM,1347,2109.923884,0.6384116556121227
2019/3/17,Sunday,HPM_to_LPW,1242,1526.843422,0.8134429386171858
2019/3/17,Sunday,LPW_to_HPM,1093,1730.3750480000003,0.6316549705587293
2019/3/18,Monday,HPM_to_LPW,1508,1776.191776,0.8490074215949979
2019/3/18,Monday,LPW_to_HPM,1390,2073.25738,0.6704425670487665
2019/3/19,Tuesday,HPM_to_LPW,1478,1832.690175,0.8064647370088073
2019/3/19,Tuesday,LPW_to_HPM,1469,2193.549251,0.669690912720701
2019/3/20,Wednesday,HPM_to_LPW,1704,1997.27377,0.8531629592271669
2019/3/20,Wednesday,LPW_to_HPM,1490,2295.244355,0.6491683540160587
2019/3/21,Thursday,HPM_to_LPW,1501,1803.45672,0.8322905581011115
2019/3/21,Thursday,LPW_to_HPM,1474,2233.305206,0.660008312361405
2019/3/22,Friday,HPM_to_LPW,1615,1938.7796960000005,0.8329982015656511
2019/3/22,Friday,LPW_to_HPM,1567,2325.76073,0.6737580438895793
2019/3/23,Saturday,HPM_to_LPW,1511,1790.60802,0.8438474435069268
2019/3/23,Saturday,LPW_to_HPM,1328,2061.8358810000004,0.6440861817556078
2019/3/24,Sunday,HPM_to_LPW,1255,1521.366855,0.8249160916549612
2019/3/24,Sunday,LPW_to_HPM,1121,1699.903124,0.6594493440086178
2019/3/25,Monday,HPM_to_LPW,1510,1837.103618,0.8219460161119774
2019/3/25,Monday,LPW_to_HPM,1374,2089.606901,0.6575399417672577
2019/3/26,Tuesday,HPM_to_LPW,1523,1878.8250500000004,0.8106129945414554
2019/3/26,Tuesday,LPW_to_HPM,1391,2177.235269,0.6388836428498992
2019/3/27,Wednesday,HPM_to_LPW,1599,1957.133133,0.817011358623808
2019/3/27,Wednesday,LPW_to_HPM,1446,2249.179018,0.6429012490458864
2019/3/28,Thursday,HPM_to_LPW,1604,1898.040235,0.8450821907892802
2019/3/28,Thursday,LPW_to_HPM,1575,2265.121963,0.6953267972882218
2019/3/29,Friday,HPM_to_LPW,1623,1973.079383,0.8225720738778811
2019/3/29,Friday,LPW_to_HPM,1577,2354.6411,0.6697411337974183
2019/3/30,Saturday,HPM_to_LPW,1427,1787.72755,0.7982200643492908
2019/3/30,Saturday,LPW_to_HPM,1410,2103.269827,0.6703847418432062
2019/3/31,Sunday,HPM_to_LPW,1175,1425.451308,0.8243003415168216
2019/3/31,Sunday,LPW_to_HPM,1170,1677.242631,0.6975734925735977
2019/4/1,Monday,HPM_to_LPW,1563,1888.450327,0.827662754827652
2019/4/1,Monday,LPW_to_HPM,1395,2112.384747,0.6603910589589198
2019/4/2,Tuesday,HPM_to_LPW,1581,1870.223442,0.8453535361043774
2019/4/2,Tuesday,LPW_to_HPM,1454,2212.199243,0.6572644867323101
2019/4/3,Wednesday,HPM_to_LPW,1675,1985.559397,0.8435909812271408
2019/4/3,Wednesday,LPW_to_HPM,1470,2238.384491,0.6567236352425211
2019/4/4,Thursday,HPM_to_LPW,1601,1991.389146,0.8039613971060582
2019/4/4,Thursday,LPW_to_HPM,1492,2294.791739,0.6501679322979295
2019/4/5,Friday,HPM_to_LPW,1821,2130.214184,0.8548436179223188
2019/4/5,Friday,LPW_to_HPM,1666,2398.639791,0.6945603113277128
2019/4/6,Saturday,HPM_to_LPW,1631,1964.128083,0.8303939107213508
2019/4/6,Saturday,LPW_to_HPM,1481,2152.7824640000003,0.6879468895562314
2019/4/7,Sunday,HPM_to_LPW,1356,1616.2621149999998,0.8389728296019611
2019/4/7,Sunday,LPW_to_HPM,1138,1806.5,0.6299474121228895
2019/4/8,Monday,HPM_to_LPW,1536,1875.180786,0.8191210210064515
2019/4/8,Monday,LPW_to_HPM,1454,2170.0047830000003,0.6700446060721884
2019/4/9,Tuesday,HPM_to_LPW,1563,1926.978261,0.8111144954945602
2019/4/9,Tuesday,LPW_to_HPM,1552,2293.263655,0.676764748185921
2019/4/10,Wednesday,HPM_to_LPW,1659,1980.625014,0.8376143834766292
2019/4/10,Wednesday,LPW_to_HPM,1495,2283.404813,0.6547240294355988
2019/4/11,Thursday,HPM_to_LPW,1652,1989.799951,0.830234214836404
2019/4/11,Thursday,LPW_to_HPM,1516,2337.314415,0.6486076457111998
2019/4/12,Friday,HPM_to_LPW,1687,2040.410355,0.8267944709582695
2019/4/12,Friday,LPW_to_HPM,1678,2446.350575,0.6859196785399411
2019/4/13,Saturday,HPM_to_LPW,1654,1951.295884,0.8476418228328513
2019/4/13,Saturday,LPW_to_HPM,1493,2235.982645,0.6677153793382864
2019/4/14,Sunday,HPM_to_LPW,1227,1495.541817,0.8204384431465215
2019/4/14,Sunday,LPW_to_HPM,1103,1775.807374,0.621125926240241
2019/4/15,Monday,HPM_to_LPW,1531,1832.913388,0.8352822397519637
2019/4/15,Monday,LPW_to_HPM,1401,2209.094242,0.634196574036428
2019/4/16,Tuesday,HPM_to_LPW,1629,1995.104363,0.8164986404773853
2019/4/16,Tuesday,LPW_to_HPM,1601,2393.751048,0.6688247724581257
2019/4/17,Wednesday,HPM_to_LPW,1630,1989.889448,0.8191409837557971
2019/4/17,Wednesday,LPW_to_HPM,1615,2409.8191970000003,0.6701747591730218
2019/4/18,Thursday,HPM_to_LPW,1598,1949.41539,0.8197329354212187
2019/4/18,Thursday,LPW_to_HPM,1645,2434.695783,0.6756490940207128
2019/4/19,Friday,HPM_to_LPW,1648,1959.346663,0.8410966936686487
2019/4/19,Friday,LPW_to_HPM,1492,2324.431855,0.6418772814486318
2019/4/20,Saturday,HPM_to_LPW,1591,1895.325163,0.8394337979883614
2019/4/20,Saturday,LPW_to_HPM,1379,2098.0618750000003,0.6572732751268358
2019/4/21,Sunday,HPM_to_LPW,1098,1420.72181,0.7728465856380426
2019/4/21,Sunday,LPW_to_HPM,892,1466.550846,0.6082298492636101
2019/4/22,Monday,HPM_to_LPW,1604,1874.3002980000003,0.8557860241027394
2019/4/22,Monday,LPW_to_HPM,1521,2391.621767,0.6359701274620486
2019/4/23,Tuesday,HPM_to_LPW,1860,2123.72834,0.8758182320060766
2019/4/23,Tuesday,LPW_to_HPM,1529,2669.296455,0.5728101114943414
2019/4/24,Wednesday,HPM_to_LPW,1974,2277.709104,0.866660275683738
2019/4/24,Wednesday,LPW_to_HPM,1788,2792.9476349999995,0.6401838608048233
2019/4/25,Thursday,HPM_to_LPW,1907,2207.736047,0.863780795983896
2019/4/25,Thursday,LPW_to_HPM,1690,2773.560931,0.6093249948508163
2019/4/26,Friday,HPM_to_LPW,2008,2290.518913,0.8766572450475986
2019/4/26,Friday,LPW_to_HPM,1741,2842.028503,0.6125906190463003
2019/4/27,Saturday,HPM_to_LPW,1886,2172.190387,0.8682480188142
2019/4/27,Saturday,LPW_to_HPM,1649,2664.37474,0.6189069334893935
2019/4/28,Sunday,HPM_to_LPW,1507,1722.1875090000003,0.875049895626667
2019/4/28,Sunday,LPW_to_HPM,1270,2057.540194,0.617241890925607
2019/4/29,Monday,HPM_to_LPW,1863,2138.667956,0.8711029661118651
2019/4/29,Monday,LPW_to_HPM,1508,2606.156877,0.5786297875267928
2019/4/30,Tuesday,HPM_to_LPW,1819,2071.148713,0.878256587072992
2019/4/30,Tuesday,LPW_to_HPM,1433,2591.376665,0.5529879231200069
2019/5/1,Wednesday,HPM_to_LPW,2030,2383.324521,0.8517514010841665
2019/5/1,Wednesday,LPW_to_HPM,1781,2843.478823,0.6263454419262964
2019/5/2,Thursday,HPM_to_LPW,1866,2197.3429630000005,0.8492074434536051
2019/5/2,Thursday,LPW_to_HPM,1702,2678.810034,0.6353567361619044
2019/5/3,Friday,HPM_to_LPW,1819,2247.200798,0.8094514747497878
2019/5/3,Friday,LPW_to_HPM,1873,2770.822336,0.6759726077218977
2019/5/4,Saturday,HPM_to_LPW,1570,1964.666502,0.7991178138385138
2019/5/4,Saturday,LPW_to_HPM,1630,2349.896878,0.6936474597078043
2019/5/5,Sunday,HPM_to_LPW,1299,1567.918759,0.828486802995129
2019/5/5,Sunday,LPW_to_HPM,1211,1906.90728,0.6350597182680009
2019/5/6,Monday,HPM_to_LPW,1681,2023.158758,0.8308789378752253
2019/5/6,Monday,LPW_to_HPM,1562,2453.497954,0.6366420634072394
2019/5/7,Tuesday,HPM_to_LPW,1698,2042.097364,0.8314980617153375
2019/5/7,Tuesday,LPW_to_HPM,1521,2440.718904,0.623177047347522
2019/5/8,Wednesday,HPM_to_LPW,1805,2150.0397270000003,0.8395193713553181
2019/5/8,Wednesday,LPW_to_HPM,1717,2652.7902670000003,0.6472430260918173
2019/5/9,Thursday,HPM_to_LPW,1779,2103.380755,0.8457812480080431
2019/5/9,Thursday,LPW_to_HPM,1603,2579.389644,0.6214648506978343
2019/5/10,Friday,HPM_to_LPW,1921,2270.236779,0.8461672446546159
2019/5/10,Friday,LPW_to_HPM,1807,2760.1362150000004,0.6546778344415874
2019/5/11,Saturday,HPM_to_LPW,1668,2043.668048,0.8161795168409857
2019/5/11,Saturday,LPW_to_HPM,1563,2429.44213,0.6433575760868196
2019/5/12,Sunday,HPM_to_LPW,1355,1689.785422,0.8018769616299839
2019/5/12,Sunday,LPW_to_HPM,1311,2010.018354,0.6522328502080932
2019/5/13,Monday,HPM_to_LPW,1660,1963.3814140000004,0.8454801436762504
2019/5/13,Monday,LPW_to_HPM,1504,2389.618176,0.6293892535239907
2019/5/14,Tuesday,HPM_to_LPW,1656,1995.589176,0.8298301172986519
2019/5/14,Tuesday,LPW_to_HPM,1574,2470.000696,0.637246783998477
2019/5/15,Wednesday,HPM_to_LPW,1852,2202.950951,0.8406905288378343
2019/5/15,Wednesday,LPW_to_HPM,1741,2578.808563,0.6751179691968474
2019/5/16,Thursday,HPM_to_LPW,1793,2130.272765,0.8416762536040779
2019/5/16,Thursday,LPW_to_HPM,1749,2676.334648,0.6535057195881732
2019/5/17,Friday,HPM_to_LPW,1822,2208.053746,0.8251610737739714
2019/5/17,Friday,LPW_to_HPM,1783,2787.091334,0.6397350450087547
2019/5/18,Saturday,HPM_to_LPW,1628,1990.321688,0.8179582274641828
2019/5/18,Saturday,LPW_to_HPM,1517,2393.423142,0.6338202273469954
2019/5/19,Sunday,HPM_to_LPW,1380,1689.153395,0.816977311879955
2019/5/19,Sunday,LPW_to_HPM,1296,1981.186597,0.6541534260137134
2019/5/20,Monday,HPM_to_LPW,1589,1906.646855,0.8334002680323305
2019/5/20,Monday,LPW_to_HPM,1496,2368.229326,0.6316955809878354
2019/5/21,Tuesday,HPM_to_LPW,1636,1949.696794,0.8391048315997796
2019/5/21,Tuesday,LPW_to_HPM,1505,2439.203646,0.6170046533293843
2019/5/22,Wednesday,HPM_to_LPW,1651,2018.285873,0.8180208869747165
2019/5/22,Wednesday,LPW_to_HPM,1692,2514.433676,0.6729149454805504
2019/5/23,Thursday,HPM_to_LPW,1703,2033.976481,0.8372761513755184
2019/5/23,Thursday,LPW_to_HPM,1679,2571.975728,0.6528055384510223
2019/5/24,Friday,HPM_to_LPW,1769,2081.811426,0.8497407488049784
2019/5/24,Friday,LPW_to_HPM,1715,2571.27212,0.6669850252955724
2019/5/25,Saturday,HPM_to_LPW,1616,1921.185484,0.8411473090226618
2019/5/25,Saturday,LPW_to_HPM,1388,2105.5758450000003,0.659202091103016
2019/5/26,Sunday,HPM_to_LPW,1331,1652.1852399999998,0.8055997401356764
2019/5/26,Sunday,LPW_to_HPM,1112,1833.086032,0.6066272834923876
2019/5/27,Monday,HPM_to_LPW,1219,1526.934922,0.79833133844587
2019/5/27,Monday,LPW_to_HPM,1081,1624.781415,0.6653202640184065
2019/5/28,Tuesday,HPM_to_LPW,1540,1877.800612,0.8201083704833727
2019/5/28,Tuesday,LPW_to_HPM,1542,2361.431777,0.6529936689337607
2019/5/29,Wednesday,HPM_to_LPW,1588,1867.507498,0.8503312579471101
2019/5/29,Wednesday,LPW_to_HPM,1574,2544.381798,0.6186178509991055
2019/5/30,Thursday,HPM_to_LPW,1560,1862.124067,0.8377529873792238
2019/5/30,Thursday,LPW_to_HPM,1672,2498.713283,0.6691443997898657
2019/5/31,Friday,HPM_to_LPW,1789,2131.98859,0.8391226896763083
2019/5/31,Friday,LPW_to_HPM,1725,2699.2512040000006,0.6390661222800365
2019/6/1,Saturday,HPM_to_LPW,1626,1927.805985,0.8434458719662082
2019/6/1,Saturday,LPW_to_HPM,1423,2354.371959,0.6044074703490809
2019/6/2,Sunday,HPM_to_LPW,1401,1678.235699,0.8348052665277024
2019/6/2,Sunday,LPW_to_HPM,1241,2050.2342550000003,0.6052966859633314
2019/6/3,Monday,HPM_to_LPW,1715,2002.2304630000003,0.8565447543088349
2019/6/3,Monday,LPW_to_HPM,1485,2431.740208,0.6106737862517589
2019/6/4,Tuesday,HPM_to_LPW,1747,2109.10801,0.8283122494044295
2019/6/4,Tuesday,LPW_to_HPM,1511,2580.289364,0.5855932365886387
2019/6/5,Wednesday,HPM_to_LPW,1782,2146.5528630000003,0.8301682342495377
2019/6/5,Wednesday,LPW_to_HPM,1604,2647.109158,0.6059440333816412
2019/6/6,Thursday,HPM_to_LPW,1813,2203.490138,0.8227856202912581
2019/6/6,Thursday,LPW_to_HPM,1572,2643.073131,0.5947622037250395
2019/6/7,Friday,HPM_to_LPW,1965,2268.942344,0.8660422796534492
2019/6/7,Friday,LPW_to_HPM,1617,2638.9964989999994,0.6127329083660146
2019/6/8,Saturday,HPM_to_LPW,1663,1987.9269880000004,0.8365498381170927
2019/6/8,Saturday,LPW_to_HPM,1416,2309.639384,0.6130827218349858
2019/6/9,Sunday,HPM_to_LPW,1431,1718.2694299999998,0.8328146767995518
2019/6/9,Sunday,LPW_to_HPM,1131,1956.855515,0.5779680673051633
2019/6/10,Monday,HPM_to_LPW,1563,1897.747647,0.82360792409403
2019/6/10,Monday,LPW_to_HPM,1431,2343.784356,0.6105510502007977
2019/6/11,Tuesday,HPM_to_LPW,1737,2165.83496,0.80200016717802
2019/6/11,Tuesday,LPW_to_HPM,1585,2590.9817470000003,0.6117372312001856
2019/6/12,Wednesday,HPM_to_LPW,1588,2012.752861,0.7889691927756253
2019/6/12,Wednesday,LPW_to_HPM,1524,2514.603164,0.6060598434847113
2019/6/13,Thursday,HPM_to_LPW,1534,1906.815271,0.8044827536940783
2019/6/13,Thursday,LPW_to_HPM,1431,2289.379399,0.6250602240175046
2019/6/14,Friday,HPM_to_LPW,1745,2110.923104,0.8266525657393156
2019/6/14,Friday,LPW_to_HPM,1518,2518.227502,0.602804948637242
2019/6/15,Saturday,HPM_to_LPW,1533,1840.087767,0.8331124349026773
2019/6/15,Saturday,LPW_to_HPM,1389,2182.3903130000003,0.6364581036334539
2019/6/16,Sunday,HPM_to_LPW,1246,1526.591231,0.8161975351999122
2019/6/16,Sunday,LPW_to_HPM,1212,1879.511368,0.644848454037124
2019/6/17,Monday,HPM_to_LPW,1417,1804.986559,0.785047397131338
2019/6/17,Monday,LPW_to_HPM,1444,2282.1413,0.6327390858751821
2019/6/18,Tuesday,HPM_to_LPW,1509,1900.612336,0.7939546489400455
2019/6/18,Tuesday,LPW_to_HPM,1468,2404.430182,0.6105396659007668
2019/6/19,Wednesday,HPM_to_LPW,1573,1916.972314,0.8205647982039662
2019/6/19,Wednesday,LPW_to_HPM,1629,2443.342851,0.6667095448079629
2019/6/20,Thursday,HPM_to_LPW,1552,1892.717499,0.8199850219697261
2019/6/20,Thursday,LPW_to_HPM,1626,2556.1349250000003,0.6361166556964906
2019/6/21,Friday,HPM_to_LPW,1690,2014.482106,0.8389252974580654
2019/6/21,Friday,LPW_to_HPM,1603,2527.620791,0.6341932325085073
2019/6/22,Saturday,HPM_to_LPW,1571,1925.845337,0.8157456727274046
2019/6/22,Saturday,LPW_to_HPM,1332,2140.3196270000003,0.6223369552831746
2019/6/23,Sunday,HPM_to_LPW,1362,1662.902927,0.8190496137120578
2019/6/23,Sunday,LPW_to_HPM,1213,1878.750973,0.645641714858609
2019/6/24,Monday,HPM_to_LPW,1450,1801.267132,0.8049888737990918
2019/6/24,Monday,LPW_to_HPM,1386,2190.002285,0.6328760519991877
2019/6/25,Tuesday,HPM_to_LPW,1466,1822.404011,0.8044319432745146
2019/6/25,Tuesday,LPW_to_HPM,1428,2166.186365,0.6592230581231638
2019/6/26,Wednesday,HPM_to_LPW,1519,1856.028413,0.8184141952572577
2019/6/26,Wednesday,LPW_to_HPM,1603,2190.010873,0.7319598362560276
2019/6/27,Thursday,HPM_to_LPW,1544,1899.368604,0.8129017173119494
2019/6/27,Thursday,LPW_to_HPM,1568,2324.074379,0.674677202316854
2019/6/28,Friday,HPM_to_LPW,1698,2107.450318,0.8057129439765042
2019/6/28,Friday,LPW_to_HPM,1581,2400.381838,0.6586452100959448
2019/6/29,Saturday,HPM_to_LPW,1494,1752.998962,0.8522537847344145
2019/6/29,Saturday,LPW_to_HPM,1303,2039.726788,0.6388110445309306
2019/6/30,Sunday,HPM_to_LPW,1301,1564.842691,0.8313934732753274
2019/6/30,Sunday,LPW_to_HPM,1102,1734.757124,0.635247427293459
2019/7/1,Monday,HPM_to_LPW,1612,2034.052998,0.7925063907307296
2019/7/1,Monday,LPW_to_HPM,1434,2147.532666,0.6677430442401475
2019/7/2,Tuesday,HPM_to_LPW,1521,1952.730603,0.7789092861366909
2019/7/2,Tuesday,LPW_to_HPM,1431,2233.433245,0.6407176051505404
2019/7/3,Wednesday,HPM_to_LPW,1689,2048.771978,0.8243962813513258
2019/7/3,Wednesday,LPW_to_HPM,1539,2365.905282,0.650490960778877
2019/7/4,Thursday,HPM_to_LPW,1257,1530.0069540000002,0.8215648933579944
2019/7/4,Thursday,LPW_to_HPM,1034,1695.798197,0.6097423631120891
2019/7/5,Friday,HPM_to_LPW,1430,1693.226562,0.8445414406391766
2019/7/5,Friday,LPW_to_HPM,1387,2024.074592,0.6852514257537796
2019/7/6,Saturday,HPM_to_LPW,1378,1645.8040869999998,0.8372807011992797
2019/7/6,Saturday,LPW_to_HPM,1245,1841.67956,0.6760133668421666
2019/7/7,Sunday,HPM_to_LPW,1201,1415.248825,0.8486140237565646
2019/7/7,Sunday,LPW_to_HPM,1064,1615.468356,0.6586325235330082
2019/7/8,Monday,HPM_to_LPW,1448,1809.488097,0.8002263194771377
2019/7/8,Monday,LPW_to_HPM,1435,2145.750433,0.6687637005360911
2019/7/9,Tuesday,HPM_to_LPW,1536,1907.872363,0.8050853032876601
2019/7/9,Tuesday,LPW_to_HPM,1473,2202.486293,0.6687896331893313
2019/7/10,Wednesday,HPM_to_LPW,1490,1882.338593,0.7915685337064117
2019/7/10,Wednesday,LPW_to_HPM,1559,2247.865673,0.6935467802750684
2019/7/11,Thursday,HPM_to_LPW,1388,1705.5914930000004,0.8137939276178131
2019/7/11,Thursday,LPW_to_HPM,1448,2180.458696,0.6640804536478135
2019/7/12,Friday,HPM_to_LPW,1677,2032.0194850000005,0.8252873618483042
2019/7/12,Friday,LPW_to_HPM,1562,2301.070975,0.6788143507829002
2019/7/13,Saturday,HPM_to_LPW,1477,1755.264127,0.8414688007806588
2019/7/13,Saturday,LPW_to_HPM,1331,1932.392779,0.6887833645749718
2019/7/14,Sunday,HPM_to_LPW,1243,1550.5061090000002,0.8016737198163467
2019/7/14,Sunday,LPW_to_HPM,1129,1679.036019,0.672409636972773
2019/7/15,Monday,HPM_to_LPW,1440,1820.474382,0.7910026168113362
2019/7/15,Monday,LPW_to_HPM,1484,2138.528698,0.6939350411279821
2019/7/16,Tuesday,HPM_to_LPW,1483,1863.883348,0.7956506514161958
2019/7/16,Tuesday,LPW_to_HPM,1508,2248.262168,0.67074028174458
2019/7/17,Wednesday,HPM_to_LPW,1419,1802.213608,0.7873650457976124
2019/7/17,Wednesday,LPW_to_HPM,1619,2216.328701,0.730487314119748
2019/7/18,Thursday,HPM_to_LPW,1465,1859.884817,0.7876831869422158
2019/7/18,Thursday,LPW_to_HPM,1518,2276.019167,0.6669539615524688
2019/7/19,Friday,HPM_to_LPW,1522,1871.496603,0.813252878771055
2019/7/19,Friday,LPW_to_HPM,1783,2254.275606,0.7909414426764639
2019/7/20,Saturday,HPM_to_LPW,1375,1710.8343020000002,0.8037014446066443
2019/7/20,Saturday,LPW_to_HPM,1406,1889.938299,0.7439396305921414
2019/7/21,Sunday,HPM_to_LPW,1246,1513.990586,0.8229905862836059
2019/7/21,Sunday,LPW_to_HPM,1219,1728.314409,0.7053114836352672
2019/7/22,Monday,HPM_to_LPW,1328,1630.0097119999998,0.8147190720542161
2019/7/22,Monday,LPW_to_HPM,1338,2016.905793,0.6633924125974286
2019/7/23,Tuesday,HPM_to_LPW,1434,1836.297888,0.7809190487943315
2019/7/23,Tuesday,LPW_to_HPM,1528,2181.7076580000003,0.7003688117411374
2019/7/24,Wednesday,HPM_to_LPW,1369,1753.095766,0.7809042874614985
2019/7/24,Wednesday,LPW_to_HPM,1493,2187.224327,0.6826003083313366
2019/7/25,Thursday,HPM_to_LPW,1400,1796.317053,0.7793724374335158
2019/7/25,Thursday,LPW_to_HPM,1446,2173.351078,0.6653319910608569
2019/7/26,Friday,HPM_to_LPW,1521,1902.044498,0.7996658341060536
2019/7/26,Friday,LPW_to_HPM,1525,2205.289078,0.691519318357591
2019/7/27,Saturday,HPM_to_LPW,1430,1787.197614,0.8001353564922564
2019/7/27,Saturday,LPW_to_HPM,1285,1898.632552,0.6768028909261006
2019/7/28,Sunday,HPM_to_LPW,1170,1472.229659,0.7947129667219942
2019/7/28,Sunday,LPW_to_HPM,1136,1671.118591,0.6797841913303208
2019/7/29,Monday,HPM_to_LPW,1391,1729.810524,0.804134314539527
2019/7/29,Monday,LPW_to_HPM,1384,2033.135601,0.680721934788451
2019/7/30,Tuesday,HPM_to_LPW,1415,1778.912021,0.7954300062599892
2019/7/30,Tuesday,LPW_to_HPM,1360,2115.330147,0.6429256454028118
2019/7/31,Wednesday,HPM_to_LPW,1479,1806.842486,0.8185550270484396
2019/7/31,Wednesday,LPW_to_HPM,1431,2151.5176990000004,0.6651118885357585
2019/8/1,Thursday,HPM_to_LPW,1446,1874.1887750000003,0.7715338066732365
2019/8/1,Thursday,LPW_to_HPM,1459,2219.480953,0.6573609014431582
2019/8/2,Friday,HPM_to_LPW,1624,1980.535987,0.8199800511880322
2019/8/2,Friday,LPW_to_HPM,1453,2249.544673,0.6459084886997486
2019/8/3,Saturday,HPM_to_LPW,1524,1841.531547,0.8275720296416947
2019/8/3,Saturday,LPW_to_HPM,1289,1901.917457,0.6777370885659839
2019/8/4,Sunday,HPM_to_LPW,1225,1520.912729,0.8054374038972225
2019/8/4,Sunday,LPW_to_HPM,1022,1632.432543,0.6260595602448732
2019/8/5,Monday,HPM_to_LPW,1484,1810.291656,0.8197574104048126
2019/8/5,Monday,LPW_to_HPM,1385,2020.0377220000005,0.6856307607111111
2019/8/6,Tuesday,HPM_to_LPW,1368,1724.945623,0.7930684780780478
2019/8/6,Tuesday,LPW_to_HPM,1424,2095.965686,0.6794004355661002
2019/8/7,Wednesday,HPM_to_LPW,1408,1749.0410369999995,0.8050125584331845
2019/8/7,Wednesday,LPW_to_HPM,1415,2127.580844,0.6650746099686166
2019/8/8,Thursday,HPM_to_LPW,1429,1796.138787,0.7955955354579178
2019/8/8,Thursday,LPW_to_HPM,1498,2158.170179,0.6941065234689261
2019/8/9,Friday,HPM_to_LPW,1659,2020.440725,0.8211079788049708
2019/8/9,Friday,LPW_to_HPM,1662,2389.626619,0.6955061459331693
2019/8/10,Saturday,HPM_to_LPW,1503,1844.856134,0.814697673330879
2019/8/10,Saturday,LPW_to_HPM,1366,2057.950471,0.6637671893708077
2019/8/11,Sunday,HPM_to_LPW,1379,1641.3944749999998,0.8401392968012763
2019/8/11,Sunday,LPW_to_HPM,1276,1875.25954,0.6804391460394863
2019/8/12,Monday,HPM_to_LPW,1495,1829.496585,0.8171646846774518
2019/8/12,Monday,LPW_to_HPM,1513,2239.717166,0.6755317247052792
2019/8/13,Tuesday,HPM_to_LPW,1404,1737.856182,0.8078919386667637
2019/8/13,Tuesday,LPW_to_HPM,1490,2235.667534,0.666467610832157
2019/8/14,Wednesday,HPM_to_LPW,1596,1962.236269,0.8133577109006133
2019/8/14,Wednesday,LPW_to_HPM,1481,2419.919035,0.6120039466527029
2019/8/15,Thursday,HPM_to_LPW,1617,1967.906718,0.8216852888450782
2019/8/15,Thursday,LPW_to_HPM,1484,2435.372802,0.6093522925037578
2019/8/16,Friday,HPM_to_LPW,1768,2141.121588,0.8257354509472163
2019/8/16,Friday,LPW_to_HPM,1627,2540.933343,0.6403158919859946
2019/8/17,Saturday,HPM_to_LPW,1654,1935.814764,0.8544205937257745
2019/8/17,Saturday,LPW_to_HPM,1427,2242.470831,0.6363516440317077
2019/8/18,Sunday,HPM_to_LPW,1340,1610.906484,0.8318297885751138
2019/8/18,Sunday,LPW_to_HPM,1205,1955.775055,0.6161240255720513
2019/8/19,Monday,HPM_to_LPW,1631,1914.795586,0.8517880508629916
2019/8/19,Monday,LPW_to_HPM,1470,2398.384786,0.6129124936835719
2019/8/20,Tuesday,HPM_to_LPW,1612,1913.35461,0.842499342032578
2019/8/20,Tuesday,LPW_to_HPM,1487,2471.258296,0.6017177574707068
2019/8/21,Wednesday,HPM_to_LPW,1641,1973.169867,0.8316567303427201
2019/8/21,Wednesday,LPW_to_HPM,1604,2506.804147,0.6398585234189818
2019/8/22,Thursday,HPM_to_LPW,1769,2045.924407,0.8646458265747646
2019/8/22,Thursday,LPW_to_HPM,1590,2482.892143,0.6403822270261218
2019/8/23,Friday,HPM_to_LPW,1761,2103.9068930000003,0.8370142261803977
2019/8/23,Friday,LPW_to_HPM,1758,2582.2626400000004,0.6807982940108678
2019/8/24,Saturday,HPM_to_LPW,1602,1963.825038,0.8157549521985471
2019/8/24,Saturday,LPW_to_HPM,1514,2290.848862,0.6608903909436519
2019/8/25,Sunday,HPM_to_LPW,1386,1672.2659459999998,0.8288155381715823
2019/8/25,Sunday,LPW_to_HPM,1265,1971.044491,0.6417917027120013
2019/8/26,Monday,HPM_to_LPW,1587,1898.849143,0.8357693952941896
2019/8/26,Monday,LPW_to_HPM,1450,2387.951865,0.6072149197194978
2019/8/27,Tuesday,HPM_to_LPW,1587,1911.20869,0.8303645793908565
2019/8/27,Tuesday,LPW_to_HPM,1536,2439.204073,0.6297136090425018
2019/8/28,Wednesday,HPM_to_LPW,1558,1890.718241,0.8240254767817624
2019/8/28,Wednesday,LPW_to_HPM,1492,2479.7755380000003,0.6016673594592091
2019/8/29,Thursday,HPM_to_LPW,1681,2039.14908,0.8243634643917256
2019/8/29,Thursday,LPW_to_HPM,1558,2460.874377,0.6331083027079688
2019/8/30,Friday,HPM_to_LPW,1844,2156.080086,0.8552558005491453
2019/8/30,Friday,LPW_to_HPM,1649,2610.730235,0.6316240482808826
2019/8/31,Saturday,HPM_to_LPW,1602,1968.988016,0.813615921977252
2019/8/31,Saturday,LPW_to_HPM,1417,2119.387225,0.6685894787348263
2019/9/1,Sunday,HPM_to_LPW,1257,1566.440612,0.8024562121094955
2019/9/1,Sunday,LPW_to_HPM,1309,1910.936928,0.6850042933494455
2019/9/2,Monday,HPM_to_LPW,1170,1460.0666510000003,0.8013332810517017
2019/9/2,Monday,LPW_to_HPM,1131,1778.036573,0.6360949021941182
2019/9/3,Tuesday,HPM_to_LPW,1669,2013.858066,0.8287575118513838
2019/9/3,Tuesday,LPW_to_HPM,1569,2626.476227,0.5973783367505043
2019/9/4,Wednesday,HPM_to_LPW,1783,2131.171326,0.8366291242039732
2019/9/4,Wednesday,LPW_to_HPM,1607,2684.28078,0.5986706055392611
2019/9/5,Thursday,HPM_to_LPW,1788,2156.74102,0.8290286053909245
2019/9/5,Thursday,LPW_to_HPM,1721,2616.6817690000003,0.6577032103746048
2019/9/6,Friday,HPM_to_LPW,1947,2308.827356,0.843285226563298
2019/9/6,Friday,LPW_to_HPM,1941,2842.101125,0.6829454388256505
2019/9/7,Saturday,HPM_to_LPW,1677,2057.209945,0.8151817485016095
2019/9/7,Saturday,LPW_to_HPM,1575,2488.1460020000004,0.6330014391173174
2019/9/8,Sunday,HPM_to_LPW,1334,1663.883977,0.8017385938202348
2019/9/8,Sunday,LPW_to_HPM,1414,2155.902982,0.6558736695508685
2019/9/9,Monday,HPM_to_LPW,1768,2127.110046,0.8311746744484134
2019/9/9,Monday,LPW_to_HPM,1515,2579.503027,0.5873224354235271
2019/9/10,Tuesday,HPM_to_LPW,1806,2158.379256,0.8367389535363475
2019/9/10,Tuesday,LPW_to_HPM,1631,2669.973726,0.6108674344310758
2019/9/11,Wednesday,HPM_to_LPW,1792,2193.404441,0.8169947896991606
2019/9/11,Wednesday,LPW_to_HPM,1703,2723.163559,0.6253755836191404
2019/9/12,Thursday,HPM_to_LPW,1776,2108.4879720000004,0.8423097611106504
2019/9/12,Thursday,LPW_to_HPM,1670,2715.536566,0.6149797505617534
2019/9/13,Friday,HPM_to_LPW,2015,2424.670244,0.8310408415273149
2019/9/13,Friday,LPW_to_HPM,1914,2925.937082,0.6541494045701425
2019/9/14,Saturday,HPM_to_LPW,1703,2068.987513,0.823107915973198
2019/9/14,Saturday,LPW_to_HPM,1660,2556.3609530000003,0.6493605678227553
2019/9/15,Sunday,HPM_to_LPW,1303,1614.807894,0.8069071279880676
2019/9/15,Sunday,LPW_to_HPM,1346,2099.275694,0.6411735265868324
2019/9/16,Monday,HPM_to_LPW,1662,2067.96915,0.8036870375943471
2019/9/16,Monday,LPW_to_HPM,1644,2575.7602409999995,0.6382581630974093
2019/9/17,Tuesday,HPM_to_LPW,1787,2128.328432,0.8396260526016408
2019/9/17,Tuesday,LPW_to_HPM,1799,2666.466152,0.674675730892233
2019/9/18,Wednesday,HPM_to_LPW,1756,2155.190076,0.8147773226847395
2019/9/18,Wednesday,LPW_to_HPM,1801,2714.95626,0.6633624366382979
2019/9/19,Thursday,HPM_to_LPW,1688,2097.952721000001,0.8045939182058429
2019/9/19,Thursday,LPW_to_HPM,1730,2712.294392,0.6378363665473374
2019/9/20,Friday,HPM_to_LPW,1949,2293.609437,0.8497523460442581
2019/9/20,Friday,LPW_to_HPM,1860,2789.695097,0.6667395307824926
2019/9/21,Saturday,HPM_to_LPW,1603,1953.69046,0.8204984529637311
2019/9/21,Saturday,LPW_to_HPM,1492,2389.593688,0.6243739291296622
2019/9/22,Sunday,HPM_to_LPW,1320,1639.877202,0.8049383200096466
2019/9/22,Sunday,LPW_to_HPM,1277,2043.8589730000003,0.6247984899494334
2019/9/23,Monday,HPM_to_LPW,1588,1916.179394,0.8287324271268101
2019/9/23,Monday,LPW_to_HPM,1488,2477.092977,0.6007041373966158
2019/9/24,Tuesday,HPM_to_LPW,1664,2013.964397,0.826231090519124
2019/9/24,Tuesday,LPW_to_HPM,1552,2485.212797,0.6244938066766281
2019/9/25,Wednesday,HPM_to_LPW,1611,1949.784781,0.8262450377593751
2019/9/25,Wednesday,LPW_to_HPM,1479,2497.038374,0.5923016704107729
2019/9/26,Thursday,HPM_to_LPW,1624,1890.642442,0.8589672821911613
2019/9/26,Thursday,LPW_to_HPM,1480,2459.046054,0.6018594070625731
2019/9/27,Friday,HPM_to_LPW,1614,2021.810967,0.7982942156035896
2019/9/27,Friday,LPW_to_HPM,1671,2600.910211,0.6424673919664196
2019/9/28,Saturday,HPM_to_LPW,1442,1708.57813,0.8439766228308214
2019/9/28,Saturday,LPW_to_HPM,1413,2269.965873,0.6224763186120377
2019/9/29,Sunday,HPM_to_LPW,1194,1485.0746890000005,0.8039999663612877
2019/9/29,Sunday,LPW_to_HPM,1230,1985.782901,0.6194030572932202
2019/9/30,Monday,HPM_to_LPW,1385,1680.989882,0.823919295904483
2019/9/30,Monday,LPW_to_HPM,1516,2291.696447,0.661518676255992
2019/10/1,Tuesday,HPM_to_LPW,1655,2072.395269,0.7985928286733606
2019/10/1,Tuesday,LPW_to_HPM,1766,2547.231894,0.6933016205394608
2019/10/2,Wednesday,HPM_to_LPW,1554,1908.469086,0.8142652199083094
2019/10/2,Wednesday,LPW_to_HPM,1614,2541.0437809999994,0.6351720549123433
2019/10/3,Thursday,HPM_to_LPW,1464,1819.539554,0.804599161794314
2019/10/3,Thursday,LPW_to_HPM,1418,2475.599634,0.5727905193251455
2019/10/4,Friday,HPM_to_LPW,1569,1951.552635,0.8039752409752453
2019/10/4,Friday,LPW_to_HPM,1635,2630.131475,0.6216419276150443
2019/10/5,Saturday,HPM_to_LPW,1509,1798.0229329999995,0.8392551464748199
2019/10/5,Saturday,LPW_to_HPM,1420,2338.172139,0.6073120008209968
2019/10/6,Sunday,HPM_to_LPW,1096,1345.658967,0.8144708480213323
2019/10/6,Sunday,LPW_to_HPM,1058,1812.139998,0.5838401012988401
2019/10/7,Monday,HPM_to_LPW,1309,1586.5516719999998,0.8250597967287637
2019/10/7,Monday,LPW_to_HPM,1361,2258.868191,0.6025141287227945
2019/10/8,Tuesday,HPM_to_LPW,1524,1868.307138,0.8157117044638729
2019/10/8,Tuesday,LPW_to_HPM,1633,2460.030819,0.6638128219319678
2019/10/9,Wednesday,HPM_to_LPW,1314,1671.0465039999997,0.7863335920662088
2019/10/9,Wednesday,LPW_to_HPM,1369,2155.014072,0.63526267312467
2019/10/10,Thursday,HPM_to_LPW,1295,1634.1580489999997,0.7924570091567686
2019/10/10,Thursday,LPW_to_HPM,1349,2171.87781,0.6211214985432353
2019/10/11,Friday,HPM_to_LPW,1482,1854.459465,0.7991547013943494
2019/10/11,Friday,LPW_to_HPM,1512,2350.851655,0.6431711659832487
2019/10/12,Saturday,HPM_to_LPW,1277,1576.63754,0.8099515377516636
2019/10/12,Saturday,LPW_to_HPM,1339,1983.849562,0.6749503720685853
2019/10/13,Sunday,HPM_to_LPW,1027,1313.86003,0.7816662175193806
2019/10/13,Sunday,LPW_to_HPM,1136,1676.6021850000002,0.677560849057345
2019/10/14,Monday,HPM_to_LPW,1163,1443.858189,0.8054807659507619
2019/10/14,Monday,LPW_to_HPM,1143,1933.996166,0.5910042739970975
2019/10/15,Tuesday,HPM_to_LPW,1276,1583.7225480000002,0.8056966806536873
2019/10/15,Tuesday,LPW_to_HPM,1453,2130.212642,0.6820915299027692
2019/10/16,Wednesday,HPM_to_LPW,1382,1668.929477,0.8280757330047446
2019/10/16,Wednesday,LPW_to_HPM,1411,2199.3281970000003,0.64155954619446
2019/10/17,Thursday,HPM_to_LPW,1347,1669.164236,0.8069906908789052
2019/10/17,Thursday,LPW_to_HPM,1430,2195.65603,0.6512859848999207
2019/10/18,Friday,HPM_to_LPW,1414,1787.299286,0.791137785974587
2019/10/18,Friday,LPW_to_HPM,1638,2396.31139,0.6835505631010668
2019/10/19,Saturday,HPM_to_LPW,1391,1716.614207,0.8103160246069196
2019/10/19,Saturday,LPW_to_HPM,1376,2145.984008,0.6411976952626014
2019/10/20,Sunday,HPM_to_LPW,1106,1427.031511,0.7750354434885355
2019/10/20,Sunday,LPW_to_HPM,1181,1831.076057,0.644975939412876
2019/10/21,Monday,HPM_to_LPW,1369,1677.2029350000005,0.8162399262674792
2019/10/21,Monday,LPW_to_HPM,1364,2116.900367,0.6443383076800233
2019/10/22,Tuesday,HPM_to_LPW,1310,1627.14758,0.8050898493177859
2019/10/22,Tuesday,LPW_to_HPM,1346,2095.659606,0.642279879874728
2019/10/23,Wednesday,HPM_to_LPW,1316,1636.185395,0.8043098318940807
2019/10/23,Wednesday,LPW_to_HPM,1452,2214.433022,0.6556983144555003
2019/10/24,Thursday,HPM_to_LPW,1419,1739.07981,0.8159487516561992
2019/10/24,Thursday,LPW_to_HPM,1494,2263.274312,0.6601055789299304
2019/10/25,Friday,HPM_to_LPW,1400,1743.521748,0.8029724903666644
2019/10/25,Friday,LPW_to_HPM,1540,2380.705558,0.646867057887551
2019/10/26,Saturday,HPM_to_LPW,1266,1579.4054,0.8015674759627897
2019/10/26,Saturday,LPW_to_HPM,1439,2040.2008980000005,0.7053226970984304
2019/10/27,Sunday,HPM_to_LPW,1027,1291.636431,0.7951153864597058
2019/10/27,Sunday,LPW_to_HPM,1055,1680.0229329999995,0.62796761834441
2019/10/28,Monday,HPM_to_LPW,1368,1654.0572460000003,0.8270572274981587
2019/10/28,Monday,LPW_to_HPM,1257,2054.669452,0.6117772368574641
2019/10/29,Tuesday,HPM_to_LPW,1331,1630.46265,0.8163327139079206
2019/10/29,Tuesday,LPW_to_HPM,1351,2153.529498,0.6273422310930427
2019/10/30,Wednesday,HPM_to_LPW,1301,1587.505978,0.8195244729969766
2019/10/30,Wednesday,LPW_to_HPM,1418,2160.255517,0.6564038322509236
2019/10/31,Thursday,HPM_to_LPW,1359,1586.019128,0.8568623013479822
2019/10/31,Thursday,LPW_to_HPM,1227,1989.890087,0.6166169719704725
2019/11/1,Friday,HPM_to_LPW,1540,1838.848518,0.8374806216636926
2019/11/1,Friday,LPW_to_HPM,1563,2294.124038,0.6813057943295043
2019/11/2,Saturday,HPM_to_LPW,1249,1546.7096380000005,0.8075206679484076
2019/11/2,Saturday,LPW_to_HPM,1252,1973.0062470000005,0.6345646405852459
2019/11/3,Sunday,HPM_to_LPW,1062,1380.084618,0.7695180325529865
2019/11/3,Sunday,LPW_to_HPM,1144,1697.543864,0.6739148391160512
2019/11/4,Monday,HPM_to_LPW,1285,1609.433156,0.7984177505039545
2019/11/4,Monday,LPW_to_HPM,1394,2120.096618,0.6575172037749083
2019/11/5,Tuesday,HPM_to_LPW,1190,1485.7144389999996,0.8009614558238808
2019/11/5,Tuesday,LPW_to_HPM,1253,1994.785449,0.6281377281091246
2019/11/6,Wednesday,HPM_to_LPW,1348,1635.3123839999998,0.8243073391903085
2019/11/6,Wednesday,LPW_to_HPM,1400,2150.717093,0.6509456797254367
2019/11/7,Thursday,HPM_to_LPW,1274,1572.7070269999997,0.8100682314812346
2019/11/7,Thursday,LPW_to_HPM,1391,2113.635363,0.6581078384427088
2019/11/8,Friday,HPM_to_LPW,1356,1654.56851,0.8195490194600645
2019/11/8,Friday,LPW_to_HPM,1577,2307.578523,0.6834003628833392
2019/11/9,Saturday,HPM_to_LPW,1331,1551.368725,0.8579520642328277
2019/11/9,Saturday,LPW_to_HPM,1426,2089.453238,0.6824751921057349
2019/11/10,Sunday,HPM_to_LPW,1133,1379.843678,0.8211075051937876
2019/11/10,Sunday,LPW_to_HPM,1164,1758.6804620000005,0.6618598575185626
2019/11/11,Monday,HPM_to_LPW,1354,1607.878927,0.8421032064437275
2019/11/11,Monday,LPW_to_HPM,1394,2146.282288,0.6494951795455529
2019/11/12,Tuesday,HPM_to_LPW,1362,1555.491318,0.8756075872870929
2019/11/12,Tuesday,LPW_to_HPM,1408,2120.901232,0.6638687265376627
2019/11/13,Wednesday,HPM_to_LPW,1467,1717.99304,0.8539033429378736
2019/11/13,Wednesday,LPW_to_HPM,1445,2202.235297,0.6561515029608572
2019/11/14,Thursday,HPM_to_LPW,1431,1699.7262199999998,0.8419002914481134
2019/11/14,Thursday,LPW_to_HPM,1404,2207.250845,0.636085383399185
2019/11/15,Friday,HPM_to_LPW,1601,1869.882356,0.8562035974417206
2019/11/15,Friday,LPW_to_HPM,1629,2400.6029310000004,0.6785795264031524
2019/11/16,Saturday,HPM_to_LPW,1382,1618.3683870000002,0.8539464877720698
2019/11/16,Saturday,LPW_to_HPM,1494,2140.74672,0.697887324101564
2019/11/17,Sunday,HPM_to_LPW,1038,1296.507209,0.8006125942027061
2019/11/17,Sunday,LPW_to_HPM,1218,1790.443398,0.6802784167098256
2019/11/18,Monday,HPM_to_LPW,1251,1543.2594770000003,0.8106219457222227
2019/11/18,Monday,LPW_to_HPM,1377,2122.918808,0.6486352633039558
2019/11/19,Tuesday,HPM_to_LPW,1338,1600.534564,0.8359707000991701
2019/11/19,Tuesday,LPW_to_HPM,1359,2166.453722,0.6272924208809847
2019/11/20,Wednesday,HPM_to_LPW,1385,1635.0247049999998,0.8470820017364815
2019/11/20,Wednesday,LPW_to_HPM,1467,2200.440112,0.666684810915681
2019/11/21,Thursday,HPM_to_LPW,1307,1609.562827,0.8120217353901402
2019/11/21,Thursday,LPW_to_HPM,1426,2216.5904870000004,0.6433303798619071
2019/11/22,Friday,HPM_to_LPW,1520,1807.475127,0.8409520979261588
2019/11/22,Friday,LPW_to_HPM,1537,2454.4530210000003,0.6262087670245124
2019/11/23,Saturday,HPM_to_LPW,1224,1472.254182,0.8313781784183785
2019/11/23,Saturday,LPW_to_HPM,1452,2049.714435,0.7083913618435341
2019/11/24,Sunday,HPM_to_LPW,1026,1243.957738,0.824786862654654
2019/11/24,Sunday,LPW_to_HPM,1223,1742.882496,0.7017111037645076
2019/11/25,Monday,HPM_to_LPW,1422,1720.0432870000002,0.8267233800145635
2019/11/25,Monday,LPW_to_HPM,1551,2270.724848,0.6830418055124925
2019/11/26,Tuesday,HPM_to_LPW,1456,1755.460253,0.8294121142941082
2019/11/26,Tuesday,LPW_to_HPM,1530,2305.501655,0.6636299725406183
2019/11/27,Wednesday,HPM_to_LPW,1552,1848.588841,0.8395593252420807
2019/11/27,Wednesday,LPW_to_HPM,1594,2325.906495,0.6853241965773864
2019/11/28,Thursday,HPM_to_LPW,963,1267.548047,0.7597345144266551
2019/11/28,Thursday,LPW_to_HPM,881,1398.661491,0.6298879361939907
2019/11/29,Friday,HPM_to_LPW,1373,1636.676762,0.838895029170091
2019/11/29,Friday,LPW_to_HPM,1369,2030.782158,0.6741244966167365
2019/11/30,Saturday,HPM_to_LPW,1301,1542.091753,0.843659268308142
2019/11/30,Saturday,LPW_to_HPM,1284,1821.941723,0.704742629136223
2019/12/1,Sunday,HPM_to_LPW,1054,1294.805956,0.814021587648613
2019/12/1,Sunday,LPW_to_HPM,1052,1546.365578,0.6803048483273985
2019/12/2,Monday,HPM_to_LPW,1150,1496.0886369999998,0.7686710342951426
2019/12/2,Monday,LPW_to_HPM,1247,2044.125467,0.6100408317059531
2019/12/3,Tuesday,HPM_to_LPW,1388,1726.363173,0.8040023221695544
2019/12/3,Tuesday,LPW_to_HPM,1430,2240.68025,0.6381990469188988
2019/12/4,Wednesday,HPM_to_LPW,1423,1712.7256060000002,0.8308394497139315
2019/12/4,Wednesday,LPW_to_HPM,1424,2272.095873,0.6267341166901542
2019/12/5,Thursday,HPM_to_LPW,1482,1834.259965,0.8079552671259441
2019/12/5,Thursday,LPW_to_HPM,1507,2426.992148,0.6209331996569772
2019/12/6,Friday,HPM_to_LPW,1635,1939.418527,0.8430361870003936
2019/12/6,Friday,LPW_to_HPM,1659,2602.208081,0.6375354884619621
2019/12/7,Saturday,HPM_to_LPW,1423,1736.26295,0.8195763205106692
2019/12/7,Saturday,LPW_to_HPM,1590,2315.747838,0.6866032535620142
2019/12/8,Sunday,HPM_to_LPW,1187,1480.040419,0.8020051241587072
2019/12/8,Sunday,LPW_to_HPM,1198,1922.851714,0.623032962592767
2019/12/9,Monday,HPM_to_LPW,1291,1584.919608,0.8145523555160661
2019/12/9,Monday,LPW_to_HPM,1384,2247.1721150000003,0.6158851788706892
2019/12/10,Tuesday,HPM_to_LPW,1459,1766.8102869999998,0.8257819250516963
2019/12/10,Tuesday,LPW_to_HPM,1502,2399.282292,0.6260205416462099
2019/12/11,Wednesday,HPM_to_LPW,1393,1719.1075890000004,0.8103041420521585
2019/12/11,Wednesday,LPW_to_HPM,1553,2417.294228,0.6424538568831596
2019/12/12,Thursday,HPM_to_LPW,1594,1909.333601,0.8348462516792003
2019/12/12,Thursday,LPW_to_HPM,1647,2507.514564,0.6568256965067023
2019/12/13,Friday,HPM_to_LPW,1631,1997.115256,0.8166779534130202
2019/12/13,Friday,LPW_to_HPM,1780,2715.163391,0.6555774897010609
2019/12/14,Saturday,HPM_to_LPW,1454,1719.599642,0.8455456517244377
2019/12/14,Saturday,LPW_to_HPM,1652,2394.113539,0.6900257540375574
2019/12/15,Sunday,HPM_to_LPW,1173,1396.741034,0.8398120850224837
2019/12/15,Sunday,LPW_to_HPM,1268,1996.357074,0.635156914819538
2019/12/16,Monday,HPM_to_LPW,1502,1781.4984800000002,0.843110458337298
2019/12/16,Monday,LPW_to_HPM,1559,2401.668731,0.6491319888862724
2019/12/17,Tuesday,HPM_to_LPW,1506,1790.832406,0.8409497141967622
2019/12/17,Tuesday,LPW_to_HPM,1571,2391.091571,0.657022097795685
2019/12/18,Wednesday,HPM_to_LPW,1530,1840.030048,0.8315081602406529
2019/12/18,Wednesday,LPW_to_HPM,1612,2480.767637,0.6497988670754334
2019/12/19,Thursday,HPM_to_LPW,1642,1919.634241,0.8553712811168803
2019/12/19,Thursday,LPW_to_HPM,1660,2578.751787,0.6437222878015595
2019/12/20,Friday,HPM_to_LPW,1730,2044.936777,0.8459919247664839
2019/12/20,Friday,LPW_to_HPM,1796,2701.79929,0.6647421985220819
2019/12/21,Saturday,HPM_to_LPW,1548,1816.825257,0.8520357112142458
2019/12/21,Saturday,LPW_to_HPM,1660,2383.82141,0.6963608905584919
2019/12/22,Sunday,HPM_to_LPW,1310,1541.0544,0.8500673305238283
2019/12/22,Sunday,LPW_to_HPM,1470,2073.6968690000003,0.7088789214929367
2019/12/23,Monday,HPM_to_LPW,1540,1791.7589309999998,0.8594906230719941
2019/12/23,Monday,LPW_to_HPM,1620,2479.837779,0.6532685378530158
2019/12/24,Tuesday,HPM_to_LPW,1473,1762.846956,0.8355801931565976
2019/12/24,Tuesday,LPW_to_HPM,1368,2123.611136,0.6441857347653314
2019/12/25,Wednesday,HPM_to_LPW,985,1306.08126,0.7541644078102767
2019/12/25,Wednesday,LPW_to_HPM,852,1283.798672,0.6636554613915351
2019/12/26,Thursday,HPM_to_LPW,1317,1529.9651760000002,0.8608039062975378
2019/12/26,Thursday,LPW_to_HPM,1358,1956.205101,0.6942012365195238
2019/12/27,Friday,HPM_to_LPW,1514,1780.064247,0.850531098836232
2019/12/27,Friday,LPW_to_HPM,1573,2226.574273,0.7064664399811826
2019/12/28,Saturday,HPM_to_LPW,1539,1733.1882560000004,0.8879589361814829
2019/12/28,Saturday,LPW_to_HPM,1404,2034.748594,0.6900115346633334
2019/12/29,Sunday,HPM_to_LPW,1195,1425.641657,0.8382190532469829
2019/12/29,Sunday,LPW_to_HPM,1233,1660.108393,0.7427225867895483
2019/12/30,Monday,HPM_to_LPW,1329,1601.539566,0.829826517067765
2019/12/30,Monday,LPW_to_HPM,1433,2214.456631,0.6471113409671467
2019/12/31,Tuesday,HPM_to_LPW,1531,1870.932227,0.8183086366815788
2019/12/31,Tuesday,LPW_to_HPM,1590,2292.6311060000003,0.6935263138665623
