flow_type,origin_block,destination_block,flow_count
HPM_to_LPW,250250002024,250250107021,10
HPM_to_LPW,250250002024,250250303004,8
HPM_to_LPW,250250002024,250250305003,1
HPM_to_LPW,250250002024,250250404012,5
HPM_to_LPW,250250002024,250250406001,58
HPM_to_LPW,250250002024,250250512003,1
HPM_to_LPW,250250002024,250250612001,131
HPM_to_LPW,250250002024,250250701015,11
HPM_to_LPW,250250002024,250250703004,1
HPM_to_LPW,250250002024,250251006031,8
HPM_to_LPW,250250002024,250251007003,1
HPM_to_LPW,250250002024,250251106011,47
HPM_to_LPW,250250002024,250251106073,5
HPM_to_LPW,250250002024,250251201053,5
HPM_to_LPW,250250002024,250251206001,9
HPM_to_LPW,250250002024,250251301001,1
HPM_to_LPW,250250002024,250251301007,1
HPM_to_LPW,250250002024,250251302004,1
HPM_to_LPW,250250002024,250251304024,1
HPM_to_LPW,250250002024,250251703003,15
HPM_to_LPW,250250002024,250259812021,3
HPM_to_LPW,250250402001,250250107021,232
HPM_to_LPW,250250402001,250250201011,2
HPM_to_LPW,250250402001,250250303004,70
HPM_to_LPW,250250402001,250250403002,212
HPM_to_LPW,250250402001,250250403003,320
HPM_to_LPW,250250402001,250250403004,10
HPM_to_LPW,250250402001,250250403005,344
HPM_to_LPW,250250402001,250250404012,786
HPM_to_LPW,250250402001,250250406001,552
HPM_to_LPW,250250402001,250250605015,4
HPM_to_LPW,250250402001,250250608001,69
HPM_to_LPW,250250402001,250250610001,1
HPM_to_LPW,250250402001,250250612001,54
HPM_to_LPW,250250402001,250250701015,24
HPM_to_LPW,250250402001,250250703004,3
HPM_to_LPW,250250402001,250250706002,1
HPM_to_LPW,250250402001,250251006031,18
HPM_to_LPW,250250402001,250251007003,9
HPM_to_LPW,250250402001,250251104032,5
HPM_to_LPW,250250402001,250251106011,1
HPM_to_LPW,250250402001,250251106072,3
HPM_to_LPW,250250402001,250251106073,3
HPM_to_LPW,250250402001,250251206001,7
HPM_to_LPW,250250402001,250251303002,4
HPM_to_LPW,250250402001,250251701002,1
HPM_to_LPW,250250402001,250251702003,14
HPM_to_LPW,250250402001,250251703003,53
HPM_to_LPW,250250402001,250251801011,1
HPM_to_LPW,250250402001,250259812021,40
HPM_to_LPW,250250403001,250250107021,141
HPM_to_LPW,250250403001,250250201011,40
HPM_to_LPW,250250403001,250250201012,148
HPM_to_LPW,250250403001,250250303004,90
HPM_to_LPW,250250403001,250250305003,7
HPM_to_LPW,250250403001,250250403002,761
HPM_to_LPW,250250403001,250250403003,301
HPM_to_LPW,250250403001,250250403004,55
HPM_to_LPW,250250403001,250250403005,286
HPM_to_LPW,250250403001,250250404012,557
HPM_to_LPW,250250403001,250250406001,630
HPM_to_LPW,250250403001,250250605012,1
HPM_to_LPW,250250403001,250250605013,1
HPM_to_LPW,250250403001,250250605015,5
HPM_to_LPW,250250403001,250250608001,2
HPM_to_LPW,250250403001,250250610001,3
HPM_to_LPW,250250403001,250250612001,87
HPM_to_LPW,250250403001,250250701015,22
HPM_to_LPW,250250403001,250250703004,54
HPM_to_LPW,250250403001,250250706002,2
HPM_to_LPW,250250403001,250251006031,8
HPM_to_LPW,250250403001,250251007003,7
HPM_to_LPW,250250403001,250251104032,6
HPM_to_LPW,250250403001,250251106011,1
HPM_to_LPW,250250403001,250251106073,4
HPM_to_LPW,250250403001,250251206001,2
HPM_to_LPW,250250403001,250251701002,1
HPM_to_LPW,250250403001,250251703003,5
HPM_to_LPW,250250403001,250251801011,1
HPM_to_LPW,250250403001,250251804002,9
HPM_to_LPW,250250403001,250259812021,20
HPM_to_LPW,250250408011,250250107021,119
HPM_to_LPW,250250408011,250250201011,2
HPM_to_LPW,250250408011,250250201012,1
HPM_to_LPW,250250408011,250250303004,83
HPM_to_LPW,250250408011,250250403002,403
HPM_to_LPW,250250408011,250250403003,266
HPM_to_LPW,250250408011,250250403004,17
HPM_to_LPW,250250408011,250250403005,334
HPM_to_LPW,250250408011,250250404012,921
HPM_to_LPW,250250408011,250250406001,597
HPM_to_LPW,250250408011,250250512003,10
HPM_to_LPW,250250408011,250250601013,1
HPM_to_LPW,250250408011,250250605015,1
HPM_to_LPW,250250408011,250250608001,7
HPM_to_LPW,250250408011,250250610001,3
HPM_to_LPW,250250408011,250250612001,53
HPM_to_LPW,250250408011,250250701015,13
HPM_to_LPW,250250408011,250250703004,5
HPM_to_LPW,250250408011,250250706002,12
HPM_to_LPW,250250408011,250251006011,1
HPM_to_LPW,250250408011,250251006031,13
HPM_to_LPW,250250408011,250251007003,6
HPM_to_LPW,250250408011,250251106011,2
HPM_to_LPW,250250408011,250251106072,1
HPM_to_LPW,250250408011,250251106073,2
HPM_to_LPW,250250408011,250251206001,13
HPM_to_LPW,250250408011,250251301001,1
HPM_to_LPW,250250408011,250251301007,1
HPM_to_LPW,250250408011,250251302004,1
HPM_to_LPW,250250408011,250251703003,64
HPM_to_LPW,250250408011,250259812021,14
HPM_to_LPW,250250501012,250250107021,189
HPM_to_LPW,250250501012,250250201011,6
HPM_to_LPW,250250501012,250250201012,1
HPM_to_LPW,250250501012,250250303004,40
HPM_to_LPW,250250501012,250250305003,8
HPM_to_LPW,250250501012,250250403002,5
HPM_to_LPW,250250501012,250250403005,7
HPM_to_LPW,250250501012,250250404012,17
HPM_to_LPW,250250501012,250250406001,45
HPM_to_LPW,250250501012,250250512003,22
HPM_to_LPW,250250501012,250250601013,2
HPM_to_LPW,250250501012,250250602001,5
HPM_to_LPW,250250501012,250250605015,2
HPM_to_LPW,250250501012,250250608001,5
HPM_to_LPW,250250501012,250250612001,59
HPM_to_LPW,250250501012,250250701015,11
HPM_to_LPW,250250501012,250250703004,11
HPM_to_LPW,250250501012,250251006011,1
HPM_to_LPW,250250501012,250251006031,21
HPM_to_LPW,250250501012,250251007003,5
HPM_to_LPW,250250501012,250251104032,5
HPM_to_LPW,250250501012,250251106011,1
HPM_to_LPW,250250501012,250251201053,2
HPM_to_LPW,250250501012,250251301005,1
HPM_to_LPW,250250501012,250251301007,1
HPM_to_LPW,250250501012,250251302004,14
HPM_to_LPW,250250501012,250251303002,1
HPM_to_LPW,250250501012,250251701002,19
HPM_to_LPW,250250501012,250251702003,9
HPM_to_LPW,250250501012,250251703003,72
HPM_to_LPW,250250501012,250251801011,7
HPM_to_LPW,250250501012,250251803012,1
HPM_to_LPW,250250501012,250251803014,2
HPM_to_LPW,250250501012,250251804002,52
HPM_to_LPW,250250501012,250259812021,173
HPM_to_LPW,250250503002,250250107021,215
HPM_to_LPW,250250503002,250250201012,1
HPM_to_LPW,250250503002,250250303004,54
HPM_to_LPW,250250503002,250250403002,19
HPM_to_LPW,250250503002,250250403004,2
HPM_to_LPW,250250503002,250250404012,57
HPM_to_LPW,250250503002,250250406001,112
HPM_to_LPW,250250503002,250250512003,60
HPM_to_LPW,250250503002,250250605012,7
HPM_to_LPW,250250503002,250250605015,5
HPM_to_LPW,250250503002,250250608001,4
HPM_to_LPW,250250503002,250250610001,2
HPM_to_LPW,250250503002,250250612001,41
HPM_to_LPW,250250503002,250250701015,31
HPM_to_LPW,250250503002,250250703004,5
HPM_to_LPW,250250503002,250251006031,4
HPM_to_LPW,250250503002,250251007003,2
HPM_to_LPW,250250503002,250251106011,2
HPM_to_LPW,250250503002,250251106072,4
HPM_to_LPW,250250503002,250251106073,2
HPM_to_LPW,250250503002,250251201053,4
HPM_to_LPW,250250503002,250251701002,3
HPM_to_LPW,250250503002,250251702003,23
HPM_to_LPW,250250503002,250251703003,17
HPM_to_LPW,250250503002,250251801011,4
HPM_to_LPW,250250503002,250251803014,8
HPM_to_LPW,250250503002,250259812021,15
HPM_to_LPW,250250607001,250250107021,237
HPM_to_LPW,250250607001,250250201011,4
HPM_to_LPW,250250607001,250250201012,4
HPM_to_LPW,250250607001,250250303004,6
HPM_to_LPW,250250607001,250250305003,1
HPM_to_LPW,250250607001,250250403002,6
HPM_to_LPW,250250607001,250250403003,1
HPM_to_LPW,250250607001,250250403005,4
HPM_to_LPW,250250607001,250250404012,12
HPM_to_LPW,250250607001,250250406001,63
HPM_to_LPW,250250607001,250250512003,1
HPM_to_LPW,250250607001,250250601013,1
HPM_to_LPW,250250607001,250250605012,15
HPM_to_LPW,250250607001,250250605013,35
HPM_to_LPW,250250607001,250250605015,302
HPM_to_LPW,250250607001,250250608001,301
HPM_to_LPW,250250607001,250250610001,29
HPM_to_LPW,250250607001,250250612001,1430
HPM_to_LPW,250250607001,250250701015,22
HPM_to_LPW,250250607001,250250703004,10
HPM_to_LPW,250250607001,250250706002,3
HPM_to_LPW,250250607001,250251006011,5
HPM_to_LPW,250250607001,250251006031,110
HPM_to_LPW,250250607001,250251007003,7
HPM_to_LPW,250250607001,250251104032,57
HPM_to_LPW,250250607001,250251106072,5
HPM_to_LPW,250250607001,250251106073,14
HPM_to_LPW,250250607001,250251206001,2
HPM_to_LPW,250250607001,250251302004,1
HPM_to_LPW,250250607001,250251703003,11
HPM_to_LPW,250250607001,250251804002,1
HPM_to_LPW,250250607001,250259812021,184
HPM_to_LPW,250250607002,250250107021,27
HPM_to_LPW,250250607002,250250201012,1
HPM_to_LPW,250250607002,250250303004,4
HPM_to_LPW,250250607002,250250403002,53
HPM_to_LPW,250250607002,250250403003,8
HPM_to_LPW,250250607002,250250403004,8
HPM_to_LPW,250250607002,250250406001,212
HPM_to_LPW,250250607002,250250512003,1
HPM_to_LPW,250250607002,250250601013,5
HPM_to_LPW,250250607002,250250605012,10
HPM_to_LPW,250250607002,250250605013,25
HPM_to_LPW,250250607002,250250605015,103
HPM_to_LPW,250250607002,250250608001,149
HPM_to_LPW,250250607002,250250610001,18
HPM_to_LPW,250250607002,250250612001,632
HPM_to_LPW,250250607002,250250701015,16
HPM_to_LPW,250250607002,250250703004,15
HPM_to_LPW,250250607002,250250706002,1
HPM_to_LPW,250250607002,250251006031,17
HPM_to_LPW,250250607002,250251007003,4
HPM_to_LPW,250250607002,250251104032,1
HPM_to_LPW,250250607002,250251106072,1
HPM_to_LPW,250250607002,250251106073,11
HPM_to_LPW,250250607002,250251201053,1
HPM_to_LPW,250250607002,250251206001,7
HPM_to_LPW,250250607002,250251303002,4
HPM_to_LPW,250250607002,250251703003,2
HPM_to_LPW,250250607002,250259812021,61
HPM_to_LPW,250250610002,250250107021,74
HPM_to_LPW,250250610002,250250201011,28
HPM_to_LPW,250250610002,250250201012,1
HPM_to_LPW,250250610002,250250303004,7
HPM_to_LPW,250250610002,250250403002,5
HPM_to_LPW,250250610002,250250403004,6
HPM_to_LPW,250250610002,250250404012,19
HPM_to_LPW,250250610002,250250406001,117
HPM_to_LPW,250250610002,250250512003,2
HPM_to_LPW,250250610002,250250601013,4
HPM_to_LPW,250250610002,250250602001,3
HPM_to_LPW,250250610002,250250605012,18
HPM_to_LPW,250250610002,250250605013,64
HPM_to_LPW,250250610002,250250605015,200
HPM_to_LPW,250250610002,250250608001,373
HPM_to_LPW,250250610002,250250610001,456
HPM_to_LPW,250250610002,250250612001,434
HPM_to_LPW,250250610002,250250701015,13
HPM_to_LPW,250250610002,250250703004,11
HPM_to_LPW,250250610002,250250706002,13
HPM_to_LPW,250250610002,250251006011,3
HPM_to_LPW,250250610002,250251006031,130
HPM_to_LPW,250250610002,250251007003,12
HPM_to_LPW,250250610002,250251104032,2
HPM_to_LPW,250250610002,250251106011,1
HPM_to_LPW,250250610002,250251106073,6
HPM_to_LPW,250250610002,250251206001,4
HPM_to_LPW,250250610002,250251301001,1
HPM_to_LPW,250250610002,250251302004,1
HPM_to_LPW,250250610002,250251303001,1
HPM_to_LPW,250250610002,250251303002,2
HPM_to_LPW,250250610002,250251703003,5
HPM_to_LPW,250250610002,250259812021,34
HPM_to_LPW,250250610003,250250107021,70
HPM_to_LPW,250250610003,250250201012,1
HPM_to_LPW,250250610003,250250303004,3
HPM_to_LPW,250250610003,250250403002,1
HPM_to_LPW,250250610003,250250404012,15
HPM_to_LPW,250250610003,250250406001,52
HPM_to_LPW,250250610003,250250512003,1
HPM_to_LPW,250250610003,250250601013,2
HPM_to_LPW,250250610003,250250602001,1
HPM_to_LPW,250250610003,250250605012,1
HPM_to_LPW,250250610003,250250605013,16
HPM_to_LPW,250250610003,250250605015,266
HPM_to_LPW,250250610003,250250608001,284
HPM_to_LPW,250250610003,250250610001,83
HPM_to_LPW,250250610003,250250612001,173
HPM_to_LPW,250250610003,250250701015,14
HPM_to_LPW,250250610003,250250703004,81
HPM_to_LPW,250250610003,250250706002,3
HPM_to_LPW,250250610003,250251006011,1
HPM_to_LPW,250250610003,250251006031,81
HPM_to_LPW,250250610003,250251007003,4
HPM_to_LPW,250250610003,250251104032,2
HPM_to_LPW,250250610003,250251106073,8
HPM_to_LPW,250250610003,250251206001,5
HPM_to_LPW,250250610003,250251703003,2
HPM_to_LPW,250250610003,250259812021,16
HPM_to_LPW,250250611012,250250107021,186
HPM_to_LPW,250250611012,250250201011,4
HPM_to_LPW,250250611012,250250201012,1
HPM_to_LPW,250250611012,250250303004,13
HPM_to_LPW,250250611012,250250403002,58
HPM_to_LPW,250250611012,250250403003,1
HPM_to_LPW,250250611012,250250403004,16
HPM_to_LPW,250250611012,250250403005,6
HPM_to_LPW,250250611012,250250404012,17
HPM_to_LPW,250250611012,250250406001,110
HPM_to_LPW,250250611012,250250512003,2
HPM_to_LPW,250250611012,250250601013,14
HPM_to_LPW,250250611012,250250602001,2
HPM_to_LPW,250250611012,250250605012,20
HPM_to_LPW,250250611012,250250605013,80
HPM_to_LPW,250250611012,250250605015,120
HPM_to_LPW,250250611012,250250608001,367
HPM_to_LPW,250250611012,250250610001,118
HPM_to_LPW,250250611012,250250612001,461
HPM_to_LPW,250250611012,250250701015,45
HPM_to_LPW,250250611012,250250703004,52
HPM_to_LPW,250250611012,250250706002,3
HPM_to_LPW,250250611012,250251006011,2
HPM_to_LPW,250250611012,250251006031,121
HPM_to_LPW,250250611012,250251007003,42
HPM_to_LPW,250250611012,250251104032,3
HPM_to_LPW,250250611012,250251106011,1
HPM_to_LPW,250250611012,250251106071,6
HPM_to_LPW,250250611012,250251106072,6
HPM_to_LPW,250250611012,250251106073,21
HPM_to_LPW,250250611012,250251201053,1
HPM_to_LPW,250250611012,250251206001,3
HPM_to_LPW,250250611012,250251301004,1
HPM_to_LPW,250250611012,250251303002,3
HPM_to_LPW,250250611012,250251701002,1
HPM_to_LPW,250250611012,250251703003,25
HPM_to_LPW,250250611012,250251801011,3
HPM_to_LPW,250250611012,250259812021,155
HPM_to_LPW,250250712012,250250107021,184
HPM_to_LPW,250250712012,250250201011,1
HPM_to_LPW,250250712012,250250201012,2
HPM_to_LPW,250250712012,250250303004,39
HPM_to_LPW,250250712012,250250403002,5
HPM_to_LPW,250250712012,250250403003,3
HPM_to_LPW,250250712012,250250403004,3
HPM_to_LPW,250250712012,250250403005,35
HPM_to_LPW,250250712012,250250404012,9
HPM_to_LPW,250250712012,250250406001,32
HPM_to_LPW,250250712012,250250512003,1
HPM_to_LPW,250250712012,250250601013,2
HPM_to_LPW,250250712012,250250605012,1
HPM_to_LPW,250250712012,250250605013,7
HPM_to_LPW,250250712012,250250605015,5
HPM_to_LPW,250250712012,250250608001,2
HPM_to_LPW,250250712012,250250610001,24
HPM_to_LPW,250250712012,250250612001,157
HPM_to_LPW,250250712012,250250701015,19
HPM_to_LPW,250250712012,250250703004,59
HPM_to_LPW,250250712012,250250706002,20
HPM_to_LPW,250250712012,250251006011,2
HPM_to_LPW,250250712012,250251006031,23
HPM_to_LPW,250250712012,250251007003,8
HPM_to_LPW,250250712012,250251104032,18
HPM_to_LPW,250250712012,250251106011,4
HPM_to_LPW,250250712012,250251106071,7
HPM_to_LPW,250250712012,250251106072,3
HPM_to_LPW,250250712012,250251106073,9
HPM_to_LPW,250250712012,250251201053,1
HPM_to_LPW,250250712012,250251206001,27
HPM_to_LPW,250250712012,250251301005,2
HPM_to_LPW,250250712012,250251301007,1
HPM_to_LPW,250250712012,250251302004,1
HPM_to_LPW,250250712012,250251303002,1
HPM_to_LPW,250250712012,250251702003,3
HPM_to_LPW,250250712012,250251703003,12
HPM_to_LPW,250250712012,250259812021,27
HPM_to_LPW,250250801002,250250107021,69
HPM_to_LPW,250250801002,250250201011,1
HPM_to_LPW,250250801002,250250201012,4
HPM_to_LPW,250250801002,250250303004,4
HPM_to_LPW,250250801002,250250403002,3
HPM_to_LPW,250250801002,250250403003,11
HPM_to_LPW,250250801002,250250404012,5
HPM_to_LPW,250250801002,250250406001,14
HPM_to_LPW,250250801002,250250605012,4
HPM_to_LPW,250250801002,250250605013,3
HPM_to_LPW,250250801002,250250605015,1
HPM_to_LPW,250250801002,250250608001,4
HPM_to_LPW,250250801002,250250610001,7
HPM_to_LPW,250250801002,250250612001,38
HPM_to_LPW,250250801002,250250701015,13
HPM_to_LPW,250250801002,250250703004,4
HPM_to_LPW,250250801002,250250706002,6
HPM_to_LPW,250250801002,250251006011,55
HPM_to_LPW,250250801002,250251006031,28
HPM_to_LPW,250250801002,250251007003,15
HPM_to_LPW,250250801002,250251104032,1
HPM_to_LPW,250250801002,250251106072,3
HPM_to_LPW,250250801002,250251106073,6
HPM_to_LPW,250250801002,250251206001,15
HPM_to_LPW,250250801002,250251301004,1
HPM_to_LPW,250250801002,250251301005,1
HPM_to_LPW,250250801002,250251402025,1
HPM_to_LPW,250250801002,250251703003,2
HPM_to_LPW,250250801002,250259812021,13
HPM_to_LPW,250250804011,250250107021,135
HPM_to_LPW,250250804011,250250201011,3
HPM_to_LPW,250250804011,250250201012,3
HPM_to_LPW,250250804011,250250303004,28
HPM_to_LPW,250250804011,250250305003,4
HPM_to_LPW,250250804011,250250403003,3
HPM_to_LPW,250250804011,250250404012,33
HPM_to_LPW,250250804011,250250406001,139
HPM_to_LPW,250250804011,250250601013,3
HPM_to_LPW,250250804011,250250605012,3
HPM_to_LPW,250250804011,250250605013,12
HPM_to_LPW,250250804011,250250605015,19
HPM_to_LPW,250250804011,250250608001,14
HPM_to_LPW,250250804011,250250610001,2
HPM_to_LPW,250250804011,250250612001,84
HPM_to_LPW,250250804011,250250701015,85
HPM_to_LPW,250250804011,250250703004,121
HPM_to_LPW,250250804011,250250706002,30
HPM_to_LPW,250250804011,250251006011,1
HPM_to_LPW,250250804011,250251006031,45
HPM_to_LPW,250250804011,250251007003,15
HPM_to_LPW,250250804011,250251106011,8
HPM_to_LPW,250250804011,250251106071,4
HPM_to_LPW,250250804011,250251106072,2
HPM_to_LPW,250250804011,250251106073,18
HPM_to_LPW,250250804011,250251201053,9
HPM_to_LPW,250250804011,250251206001,60
HPM_to_LPW,250250804011,250251301001,2
HPM_to_LPW,250250804011,250251301004,1
HPM_to_LPW,250250804011,250251301007,1
HPM_to_LPW,250250804011,250251303002,1
HPM_to_LPW,250250804011,250251304024,1
HPM_to_LPW,250250804011,250251702003,1
HPM_to_LPW,250250804011,250251703003,7
HPM_to_LPW,250250804011,250259812021,68
HPM_to_LPW,250250804012,250250107021,68
HPM_to_LPW,250250804012,250250201011,3
HPM_to_LPW,250250804012,250250201012,2
HPM_to_LPW,250250804012,250250303004,48
HPM_to_LPW,250250804012,250250305003,1
HPM_to_LPW,250250804012,250250403003,1
HPM_to_LPW,250250804012,250250403005,16
HPM_to_LPW,250250804012,250250404012,26
HPM_to_LPW,250250804012,250250406001,98
HPM_to_LPW,250250804012,250250512003,1
HPM_to_LPW,250250804012,250250605012,1
HPM_to_LPW,250250804012,250250605013,2
HPM_to_LPW,250250804012,250250605015,3
HPM_to_LPW,250250804012,250250608001,25
HPM_to_LPW,250250804012,250250610001,1
HPM_to_LPW,250250804012,250250612001,130
HPM_to_LPW,250250804012,250250701015,45
HPM_to_LPW,250250804012,250250703004,45
HPM_to_LPW,250250804012,250250706002,20
HPM_to_LPW,250250804012,250251006011,9
HPM_to_LPW,250250804012,250251006031,27
HPM_to_LPW,250250804012,250251007003,6
HPM_to_LPW,250250804012,250251104032,1
HPM_to_LPW,250250804012,250251106011,2
HPM_to_LPW,250250804012,250251106072,2
HPM_to_LPW,250250804012,250251106073,5
HPM_to_LPW,250250804012,250251201053,3
HPM_to_LPW,250250804012,250251206001,6
HPM_to_LPW,250250804012,250251301001,13
HPM_to_LPW,250250804012,250251301004,1
HPM_to_LPW,250250804012,250251301005,12
HPM_to_LPW,250250804012,250251303002,4
HPM_to_LPW,250250804012,250251304024,1
HPM_to_LPW,250250804012,250251701002,1
HPM_to_LPW,250250804012,250251703003,13
HPM_to_LPW,250250804012,250259812021,65
HPM_to_LPW,250250806012,250250107021,8
HPM_to_LPW,250250806012,250250303004,2
HPM_to_LPW,250250806012,250250403002,1
HPM_to_LPW,250250806012,250250404012,1
HPM_to_LPW,250250806012,250250608001,3
HPM_to_LPW,250250806012,250250612001,38
HPM_to_LPW,250250806012,250250703004,3
HPM_to_LPW,250250806012,250250706002,3
HPM_to_LPW,250250806012,250251006031,5
HPM_to_LPW,250250806012,250251104032,6
HPM_to_LPW,250250806012,250251106073,2
HPM_to_LPW,250250806012,250259812021,1
HPM_to_LPW,250250806013,250250107021,32
HPM_to_LPW,250250806013,250250201011,2
HPM_to_LPW,250250806013,250250303004,39
HPM_to_LPW,250250806013,250250404012,3
HPM_to_LPW,250250806013,250250406001,18
HPM_to_LPW,250250806013,250250512003,1
HPM_to_LPW,250250806013,250250605015,1
HPM_to_LPW,250250806013,250250608001,5
HPM_to_LPW,250250806013,250250612001,129
HPM_to_LPW,250250806013,250250701015,12
HPM_to_LPW,250250806013,250250703004,33
HPM_to_LPW,250250806013,250250706002,2
HPM_to_LPW,250250806013,250251006011,6
HPM_to_LPW,250250806013,250251006031,28
HPM_to_LPW,250250806013,250251007003,2
HPM_to_LPW,250250806013,250251106073,3
HPM_to_LPW,250250806013,250251201053,1
HPM_to_LPW,250250806013,250251206001,5
HPM_to_LPW,250250806013,250251301004,1
HPM_to_LPW,250250806013,250251302004,1
HPM_to_LPW,250250806013,250251703003,4
HPM_to_LPW,250250806013,250259812021,18
HPM_to_LPW,250250812001,250250107021,127
HPM_to_LPW,250250812001,250250201011,1
HPM_to_LPW,250250812001,250250201012,5
HPM_to_LPW,250250812001,250250303004,26
HPM_to_LPW,250250812001,250250305003,1
HPM_to_LPW,250250812001,250250403002,2
HPM_to_LPW,250250812001,250250403003,2
HPM_to_LPW,250250812001,250250403004,1
HPM_to_LPW,250250812001,250250403005,1
HPM_to_LPW,250250812001,250250404012,11
HPM_to_LPW,250250812001,250250406001,45
HPM_to_LPW,250250812001,250250512003,1
HPM_to_LPW,250250812001,250250601013,1
HPM_to_LPW,250250812001,250250605012,1
HPM_to_LPW,250250812001,250250605013,3
HPM_to_LPW,250250812001,250250605015,7
HPM_to_LPW,250250812001,250250608001,51
HPM_to_LPW,250250812001,250250610001,4
HPM_to_LPW,250250812001,250250612001,108
HPM_to_LPW,250250812001,250250701015,113
HPM_to_LPW,250250812001,250250703004,19
HPM_to_LPW,250250812001,250250706002,113
HPM_to_LPW,250250812001,250251006011,7
HPM_to_LPW,250250812001,250251006031,60
HPM_to_LPW,250250812001,250251007003,11
HPM_to_LPW,250250812001,250251104032,7
HPM_to_LPW,250250812001,250251106011,7
HPM_to_LPW,250250812001,250251106071,3
HPM_to_LPW,250250812001,250251106072,6
HPM_to_LPW,250250812001,250251106073,47
HPM_to_LPW,250250812001,250251201053,6
HPM_to_LPW,250250812001,250251206001,132
HPM_to_LPW,250250812001,250251301001,4
HPM_to_LPW,250250812001,250251301004,3
HPM_to_LPW,250250812001,250251301005,4
HPM_to_LPW,250250812001,250251302004,6
HPM_to_LPW,250250812001,250251303002,11
HPM_to_LPW,250250812001,250251304024,9
HPM_to_LPW,250250812001,250251402025,2
HPM_to_LPW,250250812001,250251701002,1
HPM_to_LPW,250250812001,250251702003,1
HPM_to_LPW,250250812001,250251703003,13
HPM_to_LPW,250250812001,250259812021,12
HPM_to_LPW,250250813003,250250107021,228
HPM_to_LPW,250250813003,250250201011,2
HPM_to_LPW,250250813003,250250201012,1
HPM_to_LPW,250250813003,250250303004,22
HPM_to_LPW,250250813003,250250403003,2
HPM_to_LPW,250250813003,250250403005,1
HPM_to_LPW,250250813003,250250404012,24
HPM_to_LPW,250250813003,250250406001,78
HPM_to_LPW,250250813003,250250512003,3
HPM_to_LPW,250250813003,250250605015,3
HPM_to_LPW,250250813003,250250608001,6
HPM_to_LPW,250250813003,250250610001,3
HPM_to_LPW,250250813003,250250612001,57
HPM_to_LPW,250250813003,250250701015,32
HPM_to_LPW,250250813003,250250703004,10
HPM_to_LPW,250250813003,250250706002,4
HPM_to_LPW,250250813003,250251006011,2
HPM_to_LPW,250250813003,250251006031,31
HPM_to_LPW,250250813003,250251007003,6
HPM_to_LPW,250250813003,250251104032,84
HPM_to_LPW,250250813003,250251106011,3
HPM_to_LPW,250250813003,250251106072,5
HPM_to_LPW,250250813003,250251106073,35
HPM_to_LPW,250250813003,250251201053,4
HPM_to_LPW,250250813003,250251206001,58
HPM_to_LPW,250250813003,250251301001,2
HPM_to_LPW,250250813003,250251301004,2
HPM_to_LPW,250250813003,250251302004,4
HPM_to_LPW,250250813003,250251303002,21
HPM_to_LPW,250250813003,250251304024,6
HPM_to_LPW,250250813003,250251402025,13
HPM_to_LPW,250250813003,250251703003,24
HPM_to_LPW,250250813003,250259812021,19
HPM_to_LPW,250250815002,250250107021,67
HPM_to_LPW,250250815002,250250201011,15
HPM_to_LPW,250250815002,250250201012,7
HPM_to_LPW,250250815002,250250303004,67
HPM_to_LPW,250250815002,250250305003,1
HPM_to_LPW,250250815002,250250403002,32
HPM_to_LPW,250250815002,250250404012,13
HPM_to_LPW,250250815002,250250406001,96
HPM_to_LPW,250250815002,250250512003,5
HPM_to_LPW,250250815002,250250605012,2
HPM_to_LPW,250250815002,250250605013,1
HPM_to_LPW,250250815002,250250605015,4
HPM_to_LPW,250250815002,250250608001,3
HPM_to_LPW,250250815002,250250610001,9
HPM_to_LPW,250250815002,250250612001,45
HPM_to_LPW,250250815002,250250701015,53
HPM_to_LPW,250250815002,250250703004,38
HPM_to_LPW,250250815002,250250706002,5
HPM_to_LPW,250250815002,250251006011,4
HPM_to_LPW,250250815002,250251006031,79
HPM_to_LPW,250250815002,250251007003,13
HPM_to_LPW,250250815002,250251106011,4
HPM_to_LPW,250250815002,250251106071,1
HPM_to_LPW,250250815002,250251106072,6
HPM_to_LPW,250250815002,250251106073,25
HPM_to_LPW,250250815002,250251201053,1
HPM_to_LPW,250250815002,250251206001,44
HPM_to_LPW,250250815002,250251301001,3
HPM_to_LPW,250250815002,250251301004,6
HPM_to_LPW,250250815002,250251301005,1
HPM_to_LPW,250250815002,250251302004,49
HPM_to_LPW,250250815002,250251303002,1
HPM_to_LPW,250250815002,250251402025,1
HPM_to_LPW,250250815002,250251703003,7
HPM_to_LPW,250250815002,250251801011,1
HPM_to_LPW,250250815002,250259812021,17
HPM_to_LPW,250250819002,250250107021,66
HPM_to_LPW,250250819002,250250201011,6
HPM_to_LPW,250250819002,250250201012,7
HPM_to_LPW,250250819002,250250303004,58
HPM_to_LPW,250250819002,250250305003,1
HPM_to_LPW,250250819002,250250403002,2
HPM_to_LPW,250250819002,250250404012,17
HPM_to_LPW,250250819002,250250406001,64
HPM_to_LPW,250250819002,250250601013,2
HPM_to_LPW,250250819002,250250605012,3
HPM_to_LPW,250250819002,250250605015,5
HPM_to_LPW,250250819002,250250608001,3
HPM_to_LPW,250250819002,250250610001,7
HPM_to_LPW,250250819002,250250612001,118
HPM_to_LPW,250250819002,250250701015,10
HPM_to_LPW,250250819002,250250703004,81
HPM_to_LPW,250250819002,250250706002,4
HPM_to_LPW,250250819002,250251006011,11
HPM_to_LPW,250250819002,250251006031,30
HPM_to_LPW,250250819002,250251007003,7
HPM_to_LPW,250250819002,250251104032,1
HPM_to_LPW,250250819002,250251106011,1
HPM_to_LPW,250250819002,250251106072,3
HPM_to_LPW,250250819002,250251106073,22
HPM_to_LPW,250250819002,250251201053,3
HPM_to_LPW,250250819002,250251206001,52
HPM_to_LPW,250250819002,250251301001,1
HPM_to_LPW,250250819002,250251301004,1
HPM_to_LPW,250250819002,250251301005,1
HPM_to_LPW,250250819002,250251301007,1
HPM_to_LPW,250250819002,250251303002,1
HPM_to_LPW,250250819002,250251402025,1
HPM_to_LPW,250250819002,250251703003,3
HPM_to_LPW,250250819002,250259812021,6
HPM_to_LPW,250250819003,250250107021,38
HPM_to_LPW,250250819003,250250201011,9
HPM_to_LPW,250250819003,250250201012,2
HPM_to_LPW,250250819003,250250303004,11
HPM_to_LPW,250250819003,250250305003,3
HPM_to_LPW,250250819003,250250403002,1
HPM_to_LPW,250250819003,250250403003,3
HPM_to_LPW,250250819003,250250404012,6
HPM_to_LPW,250250819003,250250406001,23
HPM_to_LPW,250250819003,250250512003,5
HPM_to_LPW,250250819003,250250602001,4
HPM_to_LPW,250250819003,250250605012,1
HPM_to_LPW,250250819003,250250605013,5
HPM_to_LPW,250250819003,250250605015,1
HPM_to_LPW,250250819003,250250608001,5
HPM_to_LPW,250250819003,250250610001,1
HPM_to_LPW,250250819003,250250612001,50
HPM_to_LPW,250250819003,250250701015,31
HPM_to_LPW,250250819003,250250703004,9
HPM_to_LPW,250250819003,250250706002,5
HPM_to_LPW,250250819003,250251006031,24
HPM_to_LPW,250250819003,250251007003,6
HPM_to_LPW,250250819003,250251104032,6
HPM_to_LPW,250250819003,250251106011,2
HPM_to_LPW,250250819003,250251106071,4
HPM_to_LPW,250250819003,250251106072,1
HPM_to_LPW,250250819003,250251106073,22
HPM_to_LPW,250250819003,250251206001,38
HPM_to_LPW,250250819003,250251301001,1
HPM_to_LPW,250250819003,250251301005,1
HPM_to_LPW,250250819003,250251303002,1
HPM_to_LPW,250250819003,250251703003,1
HPM_to_LPW,250250819003,250259812021,21
HPM_to_LPW,250250819004,250250107021,57
HPM_to_LPW,250250819004,250250201011,9
HPM_to_LPW,250250819004,250250201012,2
HPM_to_LPW,250250819004,250250303004,26
HPM_to_LPW,250250819004,250250305003,2
HPM_to_LPW,250250819004,250250403003,6
HPM_to_LPW,250250819004,250250403004,2
HPM_to_LPW,250250819004,250250404012,33
HPM_to_LPW,250250819004,250250406001,62
HPM_to_LPW,250250819004,250250601013,4
HPM_to_LPW,250250819004,250250602001,3
HPM_to_LPW,250250819004,250250605012,4
HPM_to_LPW,250250819004,250250605013,2
HPM_to_LPW,250250819004,250250605015,18
HPM_to_LPW,250250819004,250250608001,7
HPM_to_LPW,250250819004,250250610001,3
HPM_to_LPW,250250819004,250250612001,252
HPM_to_LPW,250250819004,250250701015,14
HPM_to_LPW,250250819004,250250703004,19
HPM_to_LPW,250250819004,250250706002,11
HPM_to_LPW,250250819004,250251006011,4
HPM_to_LPW,250250819004,250251006031,36
HPM_to_LPW,250250819004,250251007003,8
HPM_to_LPW,250250819004,250251106011,4
HPM_to_LPW,250250819004,250251106071,1
HPM_to_LPW,250250819004,250251106072,5
HPM_to_LPW,250250819004,250251106073,13
HPM_to_LPW,250250819004,250251201053,2
HPM_to_LPW,250250819004,250251206001,21
HPM_to_LPW,250250819004,250251301005,5
HPM_to_LPW,250250819004,250251302004,1
HPM_to_LPW,250250819004,250251402025,2
HPM_to_LPW,250250819004,250251701002,1
HPM_to_LPW,250250819004,250251703003,9
HPM_to_LPW,250250819004,250251804002,1
HPM_to_LPW,250250819004,250259812021,9
HPM_to_LPW,250250820003,250250107021,155
HPM_to_LPW,250250820003,250250201011,5
HPM_to_LPW,250250820003,250250201012,1
HPM_to_LPW,250250820003,250250303004,23
HPM_to_LPW,250250820003,250250403002,1
HPM_to_LPW,250250820003,250250403003,1
HPM_to_LPW,250250820003,250250403004,1
HPM_to_LPW,250250820003,250250404012,6
HPM_to_LPW,250250820003,250250406001,21
HPM_to_LPW,250250820003,250250605013,3
HPM_to_LPW,250250820003,250250605015,4
HPM_to_LPW,250250820003,250250608001,8
HPM_to_LPW,250250820003,250250610001,4
HPM_to_LPW,250250820003,250250612001,126
HPM_to_LPW,250250820003,250250701015,7
HPM_to_LPW,250250820003,250250703004,14
HPM_to_LPW,250250820003,250250706002,3
HPM_to_LPW,250250820003,250251006011,4
HPM_to_LPW,250250820003,250251006031,66
HPM_to_LPW,250250820003,250251007003,9
HPM_to_LPW,250250820003,250251104032,4
HPM_to_LPW,250250820003,250251106011,2
HPM_to_LPW,250250820003,250251106072,1
HPM_to_LPW,250250820003,250251106073,11
HPM_to_LPW,250250820003,250251206001,5
HPM_to_LPW,250250820003,250251301001,2
HPM_to_LPW,250250820003,250251301004,1
HPM_to_LPW,250250820003,250251402025,2
HPM_to_LPW,250250820003,250251703003,1
HPM_to_LPW,250250820003,250251801011,1
HPM_to_LPW,250250820003,250259812021,29
HPM_to_LPW,250250901005,250250107021,70
HPM_to_LPW,250250901005,250250201011,1
HPM_to_LPW,250250901005,250250303004,3
HPM_to_LPW,250250901005,250250403003,1
HPM_to_LPW,250250901005,250250403004,1
HPM_to_LPW,250250901005,250250404012,4
HPM_to_LPW,250250901005,250250406001,13
HPM_to_LPW,250250901005,250250512003,4
HPM_to_LPW,250250901005,250250605015,2
HPM_to_LPW,250250901005,250250608001,1
HPM_to_LPW,250250901005,250250612001,25
HPM_to_LPW,250250901005,250250701015,8
HPM_to_LPW,250250901005,250250703004,24
HPM_to_LPW,250250901005,250250706002,5
HPM_to_LPW,250250901005,250251006011,4
HPM_to_LPW,250250901005,250251006031,32
HPM_to_LPW,250250901005,250251007003,8
HPM_to_LPW,250250901005,250251104032,4
HPM_to_LPW,250250901005,250251106011,2
HPM_to_LPW,250250901005,250251106071,20
HPM_to_LPW,250250901005,250251106072,2
HPM_to_LPW,250250901005,250251106073,45
HPM_to_LPW,250250901005,250251201053,3
HPM_to_LPW,250250901005,250251206001,22
HPM_to_LPW,250250901005,250251301004,9
HPM_to_LPW,250250901005,250251301007,2
HPM_to_LPW,250250901005,250251303002,2
HPM_to_LPW,250250901005,250251703003,2
HPM_to_LPW,250250901005,250259812021,15
HPM_to_LPW,250250902001,250250107021,14
HPM_to_LPW,250250902001,250250303004,8
HPM_to_LPW,250250902001,250250404012,4
HPM_to_LPW,250250902001,250250406001,6
HPM_to_LPW,250250902001,250250605012,1
HPM_to_LPW,250250902001,250250605013,4
HPM_to_LPW,250250902001,250250605015,9
HPM_to_LPW,250250902001,250250608001,10
HPM_to_LPW,250250902001,250250610001,1
HPM_to_LPW,250250902001,250250612001,152
HPM_to_LPW,250250902001,250250701015,1
HPM_to_LPW,250250902001,250250706002,2
HPM_to_LPW,250250902001,250251006011,4
HPM_to_LPW,250250902001,250251006031,52
HPM_to_LPW,250250902001,250251007003,25
HPM_to_LPW,250250902001,250251104032,4
HPM_to_LPW,250250902001,250251106011,1
HPM_to_LPW,250250902001,250251106072,3
HPM_to_LPW,250250902001,250251106073,15
HPM_to_LPW,250250902001,250251206001,5
HPM_to_LPW,250250902001,250251301001,5
HPM_to_LPW,250250902001,250251302004,76
HPM_to_LPW,250250902001,250251402025,1
HPM_to_LPW,250250902001,250251702003,4
HPM_to_LPW,250250902001,250251703003,6
HPM_to_LPW,250250902001,250259812021,143
HPM_to_LPW,250250902002,250250107021,383
HPM_to_LPW,250250902002,250250201011,1
HPM_to_LPW,250250902002,250250201012,1
HPM_to_LPW,250250902002,250250303004,1
HPM_to_LPW,250250902002,250250305003,1
HPM_to_LPW,250250902002,250250403002,1
HPM_to_LPW,250250902002,250250404012,1
HPM_to_LPW,250250902002,250250406001,75
HPM_to_LPW,250250902002,250250605015,10
HPM_to_LPW,250250902002,250250608001,7
HPM_to_LPW,250250902002,250250610001,1
HPM_to_LPW,250250902002,250250612001,26
HPM_to_LPW,250250902002,250250701015,23
HPM_to_LPW,250250902002,250250703004,23
HPM_to_LPW,250250902002,250251006011,54
HPM_to_LPW,250250902002,250251006031,69
HPM_to_LPW,250250902002,250251007003,5
HPM_to_LPW,250250902002,250251104032,2
HPM_to_LPW,250250902002,250251106011,1
HPM_to_LPW,250250902002,250251106072,2
HPM_to_LPW,250250902002,250251106073,7
HPM_to_LPW,250250902002,250251206001,3
HPM_to_LPW,250250902002,250251301001,1
HPM_to_LPW,250250902002,250251301005,3
HPM_to_LPW,250250902002,250251301007,119
HPM_to_LPW,250250902002,250251302004,14
HPM_to_LPW,250250902002,250251304024,5
HPM_to_LPW,250250902002,250251402025,10
HPM_to_LPW,250250902002,250251703003,9
HPM_to_LPW,250250902002,250259812021,18
HPM_to_LPW,250250903002,250250107021,55
HPM_to_LPW,250250903002,250250201011,8
HPM_to_LPW,250250903002,250250201012,12
HPM_to_LPW,250250903002,250250303004,43
HPM_to_LPW,250250903002,250250305003,4
HPM_to_LPW,250250903002,250250403002,3
HPM_to_LPW,250250903002,250250403003,2
HPM_to_LPW,250250903002,250250403005,2
HPM_to_LPW,250250903002,250250404012,13
HPM_to_LPW,250250903002,250250406001,105
HPM_to_LPW,250250903002,250250602001,5
HPM_to_LPW,250250903002,250250605012,4
HPM_to_LPW,250250903002,250250605013,1
HPM_to_LPW,250250903002,250250605015,12
HPM_to_LPW,250250903002,250250608001,22
HPM_to_LPW,250250903002,250250610001,2
HPM_to_LPW,250250903002,250250612001,148
HPM_to_LPW,250250903002,250250701015,24
HPM_to_LPW,250250903002,250250703004,28
HPM_to_LPW,250250903002,250250706002,4
HPM_to_LPW,250250903002,250251006011,6
HPM_to_LPW,250250903002,250251006031,268
HPM_to_LPW,250250903002,250251007003,28
HPM_to_LPW,250250903002,250251104032,23
HPM_to_LPW,250250903002,250251106011,2
HPM_to_LPW,250250903002,250251106072,8
HPM_to_LPW,250250903002,250251106073,16
HPM_to_LPW,250250903002,250251201053,4
HPM_to_LPW,250250903002,250251206001,40
HPM_to_LPW,250250903002,250251301001,4
HPM_to_LPW,250250903002,250251301004,1
HPM_to_LPW,250250903002,250251302004,7
HPM_to_LPW,250250903002,250251303002,1
HPM_to_LPW,250250903002,250251304024,1
HPM_to_LPW,250250903002,250251402025,5
HPM_to_LPW,250250903002,250251703003,13
HPM_to_LPW,250250903002,250259812021,93
HPM_to_LPW,250250903003,250250107021,59
HPM_to_LPW,250250903003,250250201011,4
HPM_to_LPW,250250903003,250250201012,3
HPM_to_LPW,250250903003,250250303004,10
HPM_to_LPW,250250903003,250250403002,1
HPM_to_LPW,250250903003,250250403003,1
HPM_to_LPW,250250903003,250250403005,6
HPM_to_LPW,250250903003,250250404012,26
HPM_to_LPW,250250903003,250250406001,86
HPM_to_LPW,250250903003,250250512003,1
HPM_to_LPW,250250903003,250250605013,18
HPM_to_LPW,250250903003,250250605015,6
HPM_to_LPW,250250903003,250250608001,3
HPM_to_LPW,250250903003,250250610001,1
HPM_to_LPW,250250903003,250250612001,56
HPM_to_LPW,250250903003,250250701015,6
HPM_to_LPW,250250903003,250250703004,29
HPM_to_LPW,250250903003,250250706002,17
HPM_to_LPW,250250903003,250251006011,4
HPM_to_LPW,250250903003,250251006031,80
HPM_to_LPW,250250903003,250251007003,20
HPM_to_LPW,250250903003,250251104032,2
HPM_to_LPW,250250903003,250251106011,2
HPM_to_LPW,250250903003,250251106072,2
HPM_to_LPW,250250903003,250251106073,19
HPM_to_LPW,250250903003,250251201053,3
HPM_to_LPW,250250903003,250251206001,3
HPM_to_LPW,250250903003,250251302004,4
HPM_to_LPW,250250903003,250251303001,2
HPM_to_LPW,250250903003,250251703003,4
HPM_to_LPW,250250903003,250259812021,195
HPM_to_LPW,250250904003,250250107021,18
HPM_to_LPW,250250904003,250250201011,7
HPM_to_LPW,250250904003,250250201012,13
HPM_to_LPW,250250904003,250250303004,3
HPM_to_LPW,250250904003,250250305003,1
HPM_to_LPW,250250904003,250250403002,2
HPM_to_LPW,250250904003,250250403003,1
HPM_to_LPW,250250904003,250250403005,1
HPM_to_LPW,250250904003,250250404012,10
HPM_to_LPW,250250904003,250250406001,57
HPM_to_LPW,250250904003,250250601013,1
HPM_to_LPW,250250904003,250250602001,3
HPM_to_LPW,250250904003,250250605012,2
HPM_to_LPW,250250904003,250250605013,3
HPM_to_LPW,250250904003,250250605015,6
HPM_to_LPW,250250904003,250250608001,9
HPM_to_LPW,250250904003,250250610001,4
HPM_to_LPW,250250904003,250250612001,102
HPM_to_LPW,250250904003,250250701015,10
HPM_to_LPW,250250904003,250250703004,2
HPM_to_LPW,250250904003,250250706002,7
HPM_to_LPW,250250904003,250251006011,3
HPM_to_LPW,250250904003,250251006031,21
HPM_to_LPW,250250904003,250251007003,17
HPM_to_LPW,250250904003,250251106011,2
HPM_to_LPW,250250904003,250251106072,5
HPM_to_LPW,250250904003,250251106073,9
HPM_to_LPW,250250904003,250251201053,2
HPM_to_LPW,250250904003,250251206001,6
HPM_to_LPW,250250904003,250251301001,1
HPM_to_LPW,250250904003,250251301004,3
HPM_to_LPW,250250904003,250251302004,3
HPM_to_LPW,250250904003,250251402025,3
HPM_to_LPW,250250904003,250251703003,1
HPM_to_LPW,250250904003,250259812021,133
HPM_to_LPW,250250909011,250250107021,258
HPM_to_LPW,250250909011,250250201011,4
HPM_to_LPW,250250909011,250250201012,2
HPM_to_LPW,250250909011,250250303004,18
HPM_to_LPW,250250909011,250250305003,3
HPM_to_LPW,250250909011,250250403002,32
HPM_to_LPW,250250909011,250250403004,9
HPM_to_LPW,250250909011,250250403005,2
HPM_to_LPW,250250909011,250250404012,26
HPM_to_LPW,250250909011,250250406001,49
HPM_to_LPW,250250909011,250250512003,1
HPM_to_LPW,250250909011,250250602001,1
HPM_to_LPW,250250909011,250250605012,6
HPM_to_LPW,250250909011,250250605013,17
HPM_to_LPW,250250909011,250250605015,25
HPM_to_LPW,250250909011,250250608001,23
HPM_to_LPW,250250909011,250250610001,3
HPM_to_LPW,250250909011,250250612001,146
HPM_to_LPW,250250909011,250250701015,17
HPM_to_LPW,250250909011,250250703004,11
HPM_to_LPW,250250909011,250250706002,3
HPM_to_LPW,250250909011,250251006011,3
HPM_to_LPW,250250909011,250251006031,181
HPM_to_LPW,250250909011,250251007003,28
HPM_to_LPW,250250909011,250251106073,7
HPM_to_LPW,250250909011,250251201053,3
HPM_to_LPW,250250909011,250251206001,4
HPM_to_LPW,250250909011,250251301001,1
HPM_to_LPW,250250909011,250251301004,1
HPM_to_LPW,250250909011,250251301005,1
HPM_to_LPW,250250909011,250251301007,1
HPM_to_LPW,250250909011,250251302004,2
HPM_to_LPW,250250909011,250251303002,1
HPM_to_LPW,250250909011,250251402025,2
HPM_to_LPW,250250909011,250251703003,2
HPM_to_LPW,250250909011,250259812021,81
HPM_to_LPW,250250918001,250250107021,176
HPM_to_LPW,250250918001,250250201011,3
HPM_to_LPW,250250918001,250250201012,5
HPM_to_LPW,250250918001,250250303004,21
HPM_to_LPW,250250918001,250250403002,56
HPM_to_LPW,250250918001,250250403003,19
HPM_to_LPW,250250918001,250250403004,15
HPM_to_LPW,250250918001,250250403005,16
HPM_to_LPW,250250918001,250250404012,84
HPM_to_LPW,250250918001,250250406001,206
HPM_to_LPW,250250918001,250250512003,1
HPM_to_LPW,250250918001,250250601013,3
HPM_to_LPW,250250918001,250250605012,4
HPM_to_LPW,250250918001,250250605013,1
HPM_to_LPW,250250918001,250250605015,3
HPM_to_LPW,250250918001,250250608001,12
HPM_to_LPW,250250918001,250250610001,2
HPM_to_LPW,250250918001,250250612001,119
HPM_to_LPW,250250918001,250250701015,35
HPM_to_LPW,250250918001,250250703004,27
HPM_to_LPW,250250918001,250250706002,100
HPM_to_LPW,250250918001,250251006011,22
HPM_to_LPW,250250918001,250251006031,205
HPM_to_LPW,250250918001,250251007003,25
HPM_to_LPW,250250918001,250251104032,3
HPM_to_LPW,250250918001,250251106011,11
HPM_to_LPW,250250918001,250251106071,1
HPM_to_LPW,250250918001,250251106072,2
HPM_to_LPW,250250918001,250251106073,5
HPM_to_LPW,250250918001,250251201053,2
HPM_to_LPW,250250918001,250251206001,2
HPM_to_LPW,250250918001,250251301001,1
HPM_to_LPW,250250918001,250251301004,2
HPM_to_LPW,250250918001,250251301005,1
HPM_to_LPW,250250918001,250251301007,1
HPM_to_LPW,250250918001,250251302004,5
HPM_to_LPW,250250918001,250251303001,4
HPM_to_LPW,250250918001,250251303002,6
HPM_to_LPW,250250918001,250251304024,3
HPM_to_LPW,250250918001,250251703003,4
HPM_to_LPW,250250918001,250251801011,1
HPM_to_LPW,250250918001,250259812021,258
HPM_to_LPW,250250920004,250250107021,90
HPM_to_LPW,250250920004,250250201011,3
HPM_to_LPW,250250920004,250250201012,1
HPM_to_LPW,250250920004,250250303004,31
HPM_to_LPW,250250920004,250250403002,13
HPM_to_LPW,250250920004,250250403003,8
HPM_to_LPW,250250920004,250250403004,3
HPM_to_LPW,250250920004,250250403005,1
HPM_to_LPW,250250920004,250250404012,15
HPM_to_LPW,250250920004,250250406001,486
HPM_to_LPW,250250920004,250250512003,1
HPM_to_LPW,250250920004,250250605012,1
HPM_to_LPW,250250920004,250250605013,4
HPM_to_LPW,250250920004,250250605015,12
HPM_to_LPW,250250920004,250250608001,58
HPM_to_LPW,250250920004,250250610001,2
HPM_to_LPW,250250920004,250250612001,208
HPM_to_LPW,250250920004,250250701015,15
HPM_to_LPW,250250920004,250250703004,16
HPM_to_LPW,250250920004,250250706002,3
HPM_to_LPW,250250920004,250251006011,5
HPM_to_LPW,250250920004,250251006031,149
HPM_to_LPW,250250920004,250251007003,76
HPM_to_LPW,250250920004,250251106011,12
HPM_to_LPW,250250920004,250251106071,6
HPM_to_LPW,250250920004,250251106072,2
HPM_to_LPW,250250920004,250251106073,3
HPM_to_LPW,250250920004,250251201053,3
HPM_to_LPW,250250920004,250251206001,8
HPM_to_LPW,250250920004,250251301001,3
HPM_to_LPW,250250920004,250251302004,2
HPM_to_LPW,250250920004,250251303002,2
HPM_to_LPW,250250920004,250251304024,1
HPM_to_LPW,250250920004,250251701002,1
HPM_to_LPW,250250920004,250251703003,2
HPM_to_LPW,250250920004,250259812021,21
HPM_to_LPW,250250924002,250250107021,115
HPM_to_LPW,250250924002,250250201011,87
HPM_to_LPW,250250924002,250250201012,42
HPM_to_LPW,250250924002,250250303004,23
HPM_to_LPW,250250924002,250250403002,3
HPM_to_LPW,250250924002,250250403003,3
HPM_to_LPW,250250924002,250250403005,4
HPM_to_LPW,250250924002,250250404012,10
HPM_to_LPW,250250924002,250250406001,123
HPM_to_LPW,250250924002,250250512003,1
HPM_to_LPW,250250924002,250250601013,1
HPM_to_LPW,250250924002,250250602001,1
HPM_to_LPW,250250924002,250250605012,2
HPM_to_LPW,250250924002,250250605013,4
HPM_to_LPW,250250924002,250250605015,8
HPM_to_LPW,250250924002,250250608001,22
HPM_to_LPW,250250924002,250250610001,13
HPM_to_LPW,250250924002,250250612001,124
HPM_to_LPW,250250924002,250250701015,6
HPM_to_LPW,250250924002,250250703004,7
HPM_to_LPW,250250924002,250250706002,4
HPM_to_LPW,250250924002,250251006011,31
HPM_to_LPW,250250924002,250251006031,139
HPM_to_LPW,250250924002,250251007003,34
HPM_to_LPW,250250924002,250251104032,9
HPM_to_LPW,250250924002,250251106011,6
HPM_to_LPW,250250924002,250251106072,10
HPM_to_LPW,250250924002,250251106073,19
HPM_to_LPW,250250924002,250251201053,2
HPM_to_LPW,250250924002,250251206001,14
HPM_to_LPW,250250924002,250251301001,1
HPM_to_LPW,250250924002,250251302004,6
HPM_to_LPW,250250924002,250251303002,1
HPM_to_LPW,250250924002,250251304024,1
HPM_to_LPW,250250924002,250251701002,1
HPM_to_LPW,250250924002,250251703003,3
HPM_to_LPW,250250924002,250251803012,1
HPM_to_LPW,250250924002,250259812021,46
HPM_to_LPW,250250924004,250250107021,87
HPM_to_LPW,250250924004,250250201012,7
HPM_to_LPW,250250924004,250250303004,12
HPM_to_LPW,250250924004,250250404012,8
HPM_to_LPW,250250924004,250250406001,38
HPM_to_LPW,250250924004,250250605012,7
HPM_to_LPW,250250924004,250250605013,3
HPM_to_LPW,250250924004,250250605015,10
HPM_to_LPW,250250924004,250250608001,69
HPM_to_LPW,250250924004,250250612001,39
HPM_to_LPW,250250924004,250250701015,35
HPM_to_LPW,250250924004,250250703004,2
HPM_to_LPW,250250924004,250250706002,1
HPM_to_LPW,250250924004,250251006011,12
HPM_to_LPW,250250924004,250251006031,58
HPM_to_LPW,250250924004,250251007003,21
HPM_to_LPW,250250924004,250251104032,30
HPM_to_LPW,250250924004,250251106011,11
HPM_to_LPW,250250924004,250251106072,6
HPM_to_LPW,250250924004,250251106073,56
HPM_to_LPW,250250924004,250251201053,4
HPM_to_LPW,250250924004,250251206001,21
HPM_to_LPW,250250924004,250251301001,5
HPM_to_LPW,250250924004,250251301004,2
HPM_to_LPW,250250924004,250251301007,1
HPM_to_LPW,250250924004,250251302004,1
HPM_to_LPW,250250924004,250251303001,1
HPM_to_LPW,250250924004,250251303002,17
HPM_to_LPW,250250924004,250251304024,2
HPM_to_LPW,250250924004,250251402025,6
HPM_to_LPW,250250924004,250251703003,7
HPM_to_LPW,250250924004,250251801011,1
HPM_to_LPW,250250924004,250259812021,21
HPM_to_LPW,250250924005,250250107021,66
HPM_to_LPW,250250924005,250250201012,2
HPM_to_LPW,250250924005,250250303004,14
HPM_to_LPW,250250924005,250250305003,3
HPM_to_LPW,250250924005,250250403002,1
HPM_to_LPW,250250924005,250250404012,6
HPM_to_LPW,250250924005,250250406001,88
HPM_to_LPW,250250924005,250250605013,5
HPM_to_LPW,250250924005,250250605015,3
HPM_to_LPW,250250924005,250250608001,6
HPM_to_LPW,250250924005,250250610001,3
HPM_to_LPW,250250924005,250250612001,66
HPM_to_LPW,250250924005,250250701015,11
HPM_to_LPW,250250924005,250250703004,8
HPM_to_LPW,250250924005,250250706002,14
HPM_to_LPW,250250924005,250251006011,1
HPM_to_LPW,250250924005,250251006031,32
HPM_to_LPW,250250924005,250251007003,19
HPM_to_LPW,250250924005,250251104032,1
HPM_to_LPW,250250924005,250251106011,5
HPM_to_LPW,250250924005,250251106072,1
HPM_to_LPW,250250924005,250251106073,22
HPM_to_LPW,250250924005,250251201053,3
HPM_to_LPW,250250924005,250251301001,1
HPM_to_LPW,250250924005,250251301004,1
HPM_to_LPW,250250924005,250251303002,3
HPM_to_LPW,250250924005,250251703003,4
HPM_to_LPW,250250924005,250259812021,152
HPM_to_LPW,250251001005,250250107021,15
HPM_to_LPW,250251001005,250250303004,26
HPM_to_LPW,250251001005,250250403002,3
HPM_to_LPW,250251001005,250250404012,20
HPM_to_LPW,250251001005,250250406001,95
HPM_to_LPW,250251001005,250250605012,1
HPM_to_LPW,250251001005,250250605013,6
HPM_to_LPW,250251001005,250250605015,3
HPM_to_LPW,250251001005,250250608001,132
HPM_to_LPW,250251001005,250250612001,176
HPM_to_LPW,250251001005,250250701015,7
HPM_to_LPW,250251001005,250250703004,8
HPM_to_LPW,250251001005,250250706002,1
HPM_to_LPW,250251001005,250251006011,19
HPM_to_LPW,250251001005,250251006031,182
HPM_to_LPW,250251001005,250251007003,34
HPM_to_LPW,250251001005,250251106011,2
HPM_to_LPW,250251001005,250251106072,3
HPM_to_LPW,250251001005,250251106073,15
HPM_to_LPW,250251001005,250251201053,6
HPM_to_LPW,250251001005,250251206001,9
HPM_to_LPW,250251001005,250251301001,1
HPM_to_LPW,250251001005,250251301004,1
HPM_to_LPW,250251001005,250251302004,1
HPM_to_LPW,250251001005,250251303002,2
HPM_to_LPW,250251001005,250251402025,20
HPM_to_LPW,250251001005,250251703003,1
HPM_to_LPW,250251001005,250259812021,19
HPM_to_LPW,250251001006,250250107021,44
HPM_to_LPW,250251001006,250250303004,24
HPM_to_LPW,250251001006,250250305003,1
HPM_to_LPW,250251001006,250250403002,3
HPM_to_LPW,250251001006,250250403003,2
HPM_to_LPW,250251001006,250250403004,4
HPM_to_LPW,250251001006,250250404012,31
HPM_to_LPW,250251001006,250250406001,74
HPM_to_LPW,250251001006,250250605013,2
HPM_to_LPW,250251001006,250250605015,7
HPM_to_LPW,250251001006,250250608001,11
HPM_to_LPW,250251001006,250250610001,2
HPM_to_LPW,250251001006,250250612001,324
HPM_to_LPW,250251001006,250250701015,10
HPM_to_LPW,250251001006,250250703004,4
HPM_to_LPW,250251001006,250250706002,1
HPM_to_LPW,250251001006,250251006011,5
HPM_to_LPW,250251001006,250251006031,153
HPM_to_LPW,250251001006,250251007003,17
HPM_to_LPW,250251001006,250251104032,4
HPM_to_LPW,250251001006,250251106011,4
HPM_to_LPW,250251001006,250251106071,2
HPM_to_LPW,250251001006,250251106072,13
HPM_to_LPW,250251001006,250251106073,30
HPM_to_LPW,250251001006,250251201053,5
HPM_to_LPW,250251001006,250251206001,10
HPM_to_LPW,250251001006,250251301001,2
HPM_to_LPW,250251001006,250251301004,1
HPM_to_LPW,250251001006,250251301007,1
HPM_to_LPW,250251001006,250251302004,1
HPM_to_LPW,250251001006,250251303002,2
HPM_to_LPW,250251001006,250251402025,2
HPM_to_LPW,250251001006,250251702003,1
HPM_to_LPW,250251001006,250251703003,2
HPM_to_LPW,250251001006,250251804002,1
HPM_to_LPW,250251001006,250259812021,38
HPM_to_LPW,250251002002,250250107021,23
HPM_to_LPW,250251002002,250250201012,1
HPM_to_LPW,250251002002,250250303004,10
HPM_to_LPW,250251002002,250250403004,1
HPM_to_LPW,250251002002,250250404012,2
HPM_to_LPW,250251002002,250250406001,27
HPM_to_LPW,250251002002,250250605015,5
HPM_to_LPW,250251002002,250250608001,3
HPM_to_LPW,250251002002,250250610001,1
HPM_to_LPW,250251002002,250250612001,108
HPM_to_LPW,250251002002,250250701015,11
HPM_to_LPW,250251002002,250250703004,7
HPM_to_LPW,250251002002,250251006011,24
HPM_to_LPW,250251002002,250251006031,75
HPM_to_LPW,250251002002,250251007003,39
HPM_to_LPW,250251002002,250251104032,6
HPM_to_LPW,250251002002,250251106011,3
HPM_to_LPW,250251002002,250251106072,2
HPM_to_LPW,250251002002,250251106073,25
HPM_to_LPW,250251002002,250251206001,6
HPM_to_LPW,250251002002,250251302004,3
HPM_to_LPW,250251002002,250251303002,6
HPM_to_LPW,250251002002,250251703003,2
HPM_to_LPW,250251002002,250251801011,1
HPM_to_LPW,250251002002,250259812021,118
HPM_to_LPW,250251003004,250250107021,42
HPM_to_LPW,250251003004,250250201011,1
HPM_to_LPW,250251003004,250250201012,1
HPM_to_LPW,250251003004,250250303004,4
HPM_to_LPW,250251003004,250250403005,1
HPM_to_LPW,250251003004,250250404012,4
HPM_to_LPW,250251003004,250250406001,14
HPM_to_LPW,250251003004,250250512003,7
HPM_to_LPW,250251003004,250250605012,1
HPM_to_LPW,250251003004,250250605015,2
HPM_to_LPW,250251003004,250250608001,6
HPM_to_LPW,250251003004,250250610001,1
HPM_to_LPW,250251003004,250250612001,37
HPM_to_LPW,250251003004,250250701015,9
HPM_to_LPW,250251003004,250250703004,3
HPM_to_LPW,250251003004,250250706002,1
HPM_to_LPW,250251003004,250251006011,30
HPM_to_LPW,250251003004,250251006031,59
HPM_to_LPW,250251003004,250251007003,47
HPM_to_LPW,250251003004,250251104032,44
HPM_to_LPW,250251003004,250251106011,3
HPM_to_LPW,250251003004,250251106071,2
HPM_to_LPW,250251003004,250251106073,11
HPM_to_LPW,250251003004,250251201053,2
HPM_to_LPW,250251003004,250251206001,7
HPM_to_LPW,250251003004,250251302004,1
HPM_to_LPW,250251003004,250251303002,3
HPM_to_LPW,250251003004,250251402025,1
HPM_to_LPW,250251003004,250251703003,1
HPM_to_LPW,250251003004,250251803014,1
HPM_to_LPW,250251003004,250259812021,175
HPM_to_LPW,250251004002,250250107021,233
HPM_to_LPW,250251004002,250250201011,2
HPM_to_LPW,250251004002,250250201012,11
HPM_to_LPW,250251004002,250250303004,15
HPM_to_LPW,250251004002,250250305003,2
HPM_to_LPW,250251004002,250250403002,2
HPM_to_LPW,250251004002,250250403003,2
HPM_to_LPW,250251004002,250250403004,2
HPM_to_LPW,250251004002,250250403005,3
HPM_to_LPW,250251004002,250250404012,10
HPM_to_LPW,250251004002,250250406001,81
HPM_to_LPW,250251004002,250250512003,3
HPM_to_LPW,250251004002,250250601013,4
HPM_to_LPW,250251004002,250250602001,8
HPM_to_LPW,250251004002,250250605012,7
HPM_to_LPW,250251004002,250250605013,4
HPM_to_LPW,250251004002,250250605015,24
HPM_to_LPW,250251004002,250250608001,39
HPM_to_LPW,250251004002,250250610001,19
HPM_to_LPW,250251004002,250250612001,250
HPM_to_LPW,250251004002,250250701015,14
HPM_to_LPW,250251004002,250250703004,11
HPM_to_LPW,250251004002,250250706002,22
HPM_to_LPW,250251004002,250251006011,4
HPM_to_LPW,250251004002,250251006031,235
HPM_to_LPW,250251004002,250251007003,76
HPM_to_LPW,250251004002,250251106011,1
HPM_to_LPW,250251004002,250251106071,4
HPM_to_LPW,250251004002,250251106072,2
HPM_to_LPW,250251004002,250251106073,9
HPM_to_LPW,250251004002,250251201053,1
HPM_to_LPW,250251004002,250251301001,2
HPM_to_LPW,250251004002,250251301005,1
HPM_to_LPW,250251004002,250251301007,2
HPM_to_LPW,250251004002,250251302004,1
HPM_to_LPW,250251004002,250251303001,1
HPM_to_LPW,250251004002,250251303002,20
HPM_to_LPW,250251004002,250251703003,3
HPM_to_LPW,250251004002,250251801011,1
HPM_to_LPW,250251004002,250259812021,25
HPM_to_LPW,250251010014,250250107021,18
HPM_to_LPW,250251010014,250250201012,4
HPM_to_LPW,250251010014,250250303004,14
HPM_to_LPW,250251010014,250250305003,1
HPM_to_LPW,250251010014,250250403002,2
HPM_to_LPW,250251010014,250250403005,2
HPM_to_LPW,250251010014,250250404012,8
HPM_to_LPW,250251010014,250250406001,63
HPM_to_LPW,250251010014,250250605012,3
HPM_to_LPW,250251010014,250250605013,4
HPM_to_LPW,250251010014,250250605015,5
HPM_to_LPW,250251010014,250250608001,4
HPM_to_LPW,250251010014,250250610001,10
HPM_to_LPW,250251010014,250250612001,86
HPM_to_LPW,250251010014,250250701015,27
HPM_to_LPW,250251010014,250250703004,14
HPM_to_LPW,250251010014,250250706002,5
HPM_to_LPW,250251010014,250251006011,23
HPM_to_LPW,250251010014,250251006031,59
HPM_to_LPW,250251010014,250251007003,26
HPM_to_LPW,250251010014,250251104032,5
HPM_to_LPW,250251010014,250251106011,73
HPM_to_LPW,250251010014,250251106071,6
HPM_to_LPW,250251010014,250251106072,2
HPM_to_LPW,250251010014,250251106073,57
HPM_to_LPW,250251010014,250251201053,6
HPM_to_LPW,250251010014,250251206001,2
HPM_to_LPW,250251010014,250251301001,5
HPM_to_LPW,250251010014,250251301004,6
HPM_to_LPW,250251010014,250251301005,4
HPM_to_LPW,250251010014,250251302004,6
HPM_to_LPW,250251010014,250251303001,1
HPM_to_LPW,250251010014,250251303002,2
HPM_to_LPW,250251010014,250251402025,3
HPM_to_LPW,250251010014,250251703003,4
HPM_to_LPW,250251010014,250251804002,14
HPM_to_LPW,250251010014,250259812021,38
HPM_to_LPW,250251010021,250250107021,107
HPM_to_LPW,250251010021,250250201011,1
HPM_to_LPW,250251010021,250250303004,6
HPM_to_LPW,250251010021,250250404012,7
HPM_to_LPW,250251010021,250250406001,27
HPM_to_LPW,250251010021,250250601013,1
HPM_to_LPW,250251010021,250250605013,1
HPM_to_LPW,250251010021,250250605015,5
HPM_to_LPW,250251010021,250250608001,13
HPM_to_LPW,250251010021,250250612001,62
HPM_to_LPW,250251010021,250250701015,27
HPM_to_LPW,250251010021,250250703004,5
HPM_to_LPW,250251010021,250251006011,216
HPM_to_LPW,250251010021,250251006031,126
HPM_to_LPW,250251010021,250251007003,25
HPM_to_LPW,250251010021,250251104032,5
HPM_to_LPW,250251010021,250251106011,14
HPM_to_LPW,250251010021,250251106071,2
HPM_to_LPW,250251010021,250251106072,2
HPM_to_LPW,250251010021,250251106073,34
HPM_to_LPW,250251010021,250251201053,2
HPM_to_LPW,250251010021,250251206001,6
HPM_to_LPW,250251010021,250251301001,8
HPM_to_LPW,250251010021,250251301004,6
HPM_to_LPW,250251010021,250251301005,2
HPM_to_LPW,250251010021,250251301007,1
HPM_to_LPW,250251010021,250251303001,1
HPM_to_LPW,250251010021,250251303002,1
HPM_to_LPW,250251010021,250251402025,1
HPM_to_LPW,250251010021,250251703003,4
HPM_to_LPW,250251010021,250259812021,5
HPM_to_LPW,250251011011,250250107021,59
HPM_to_LPW,250251011011,250250201011,18
HPM_to_LPW,250251011011,250250201012,1
HPM_to_LPW,250251011011,250250303004,14
HPM_to_LPW,250251011011,250250403002,1
HPM_to_LPW,250251011011,250250403003,2
HPM_to_LPW,250251011011,250250404012,2
HPM_to_LPW,250251011011,250250406001,31
HPM_to_LPW,250251011011,250250605015,6
HPM_to_LPW,250251011011,250250608001,7
HPM_to_LPW,250251011011,250250612001,15
HPM_to_LPW,250251011011,250250701015,14
HPM_to_LPW,250251011011,250250703004,1
HPM_to_LPW,250251011011,250250706002,8
HPM_to_LPW,250251011011,250251006031,73
HPM_to_LPW,250251011011,250251007003,20
HPM_to_LPW,250251011011,250251104032,3
HPM_to_LPW,250251011011,250251106011,4
HPM_to_LPW,250251011011,250251106072,1
HPM_to_LPW,250251011011,250251106073,13
HPM_to_LPW,250251011011,250251201053,4
HPM_to_LPW,250251011011,250251301001,2
HPM_to_LPW,250251011011,250251301005,1
HPM_to_LPW,250251011011,250251301007,3
HPM_to_LPW,250251011011,250251302004,3
HPM_to_LPW,250251011011,250251303002,3
HPM_to_LPW,250251011011,250251304024,2
HPM_to_LPW,250251011011,250251402025,1
HPM_to_LPW,250251011011,250251703003,3
HPM_to_LPW,250251011011,250259812021,47
HPM_to_LPW,250251101034,250250107021,228
HPM_to_LPW,250251101034,250250201011,2
HPM_to_LPW,250251101034,250250303004,6
HPM_to_LPW,250251101034,250250305003,1
HPM_to_LPW,250251101034,250250403005,1
HPM_to_LPW,250251101034,250250404012,11
HPM_to_LPW,250251101034,250250406001,20
HPM_to_LPW,250251101034,250250512003,3
HPM_to_LPW,250251101034,250250605012,1
HPM_to_LPW,250251101034,250250605013,1
HPM_to_LPW,250251101034,250250605015,2
HPM_to_LPW,250251101034,250250608001,2
HPM_to_LPW,250251101034,250250612001,18
HPM_to_LPW,250251101034,250250701015,27
HPM_to_LPW,250251101034,250250703004,3
HPM_to_LPW,250251101034,250250706002,2
HPM_to_LPW,250251101034,250251006031,21
HPM_to_LPW,250251101034,250251007003,3
HPM_to_LPW,250251101034,250251104032,86
HPM_to_LPW,250251101034,250251106011,48
HPM_to_LPW,250251101034,250251106071,1
HPM_to_LPW,250251101034,250251106072,4
HPM_to_LPW,250251101034,250251106073,53
HPM_to_LPW,250251101034,250251201053,1
HPM_to_LPW,250251101034,250251206001,21
HPM_to_LPW,250251101034,250251301001,3
HPM_to_LPW,250251101034,250251301007,1
HPM_to_LPW,250251101034,250251302004,7
HPM_to_LPW,250251101034,250251303001,2
HPM_to_LPW,250251101034,250251303002,3
HPM_to_LPW,250251101034,250251703003,1
HPM_to_LPW,250251101034,250259812021,6
HPM_to_LPW,250251403001,250250107021,44
HPM_to_LPW,250251403001,250250201011,1
HPM_to_LPW,250251403001,250250201012,1
HPM_to_LPW,250251403001,250250303004,10
HPM_to_LPW,250251403001,250250403002,7
HPM_to_LPW,250251403001,250250404012,8
HPM_to_LPW,250251403001,250250406001,140
HPM_to_LPW,250251403001,250250512003,2
HPM_to_LPW,250251403001,250250601013,1
HPM_to_LPW,250251403001,250250605012,1
HPM_to_LPW,250251403001,250250605013,6
HPM_to_LPW,250251403001,250250605015,19
HPM_to_LPW,250251403001,250250608001,13
HPM_to_LPW,250251403001,250250610001,1
HPM_to_LPW,250251403001,250250612001,100
HPM_to_LPW,250251403001,250250701015,16
HPM_to_LPW,250251403001,250250703004,8
HPM_to_LPW,250251403001,250250706002,4
HPM_to_LPW,250251403001,250251006011,22
HPM_to_LPW,250251403001,250251006031,48
HPM_to_LPW,250251403001,250251007003,17
HPM_to_LPW,250251403001,250251104032,20
HPM_to_LPW,250251403001,250251106011,68
HPM_to_LPW,250251403001,250251106072,5
HPM_to_LPW,250251403001,250251106073,68
HPM_to_LPW,250251403001,250251201053,2
HPM_to_LPW,250251403001,250251206001,244
HPM_to_LPW,250251403001,250251301001,1
HPM_to_LPW,250251403001,250251301004,41
HPM_to_LPW,250251403001,250251301005,9
HPM_to_LPW,250251403001,250251301007,3
HPM_to_LPW,250251403001,250251302004,38
HPM_to_LPW,250251403001,250251303001,2
HPM_to_LPW,250251403001,250251303002,8
HPM_to_LPW,250251403001,250251402025,17
HPM_to_LPW,250251403001,250251702003,2
HPM_to_LPW,250251403001,250251703003,3
HPM_to_LPW,250251403001,250251804002,1
HPM_to_LPW,250251403001,250259812021,39
HPM_to_LPW,250251404001,250250107021,49
HPM_to_LPW,250251404001,250250201011,5
HPM_to_LPW,250251404001,250250201012,4
HPM_to_LPW,250251404001,250250303004,3
HPM_to_LPW,250251404001,250250305003,3
HPM_to_LPW,250251404001,250250403002,2
HPM_to_LPW,250251404001,250250403003,3
HPM_to_LPW,250251404001,250250403005,22
HPM_to_LPW,250251404001,250250404012,17
HPM_to_LPW,250251404001,250250406001,79
HPM_to_LPW,250251404001,250250512003,2
HPM_to_LPW,250251404001,250250605012,1
HPM_to_LPW,250251404001,250250605013,5
HPM_to_LPW,250251404001,250250605015,7
HPM_to_LPW,250251404001,250250608001,25
HPM_to_LPW,250251404001,250250612001,338
HPM_to_LPW,250251404001,250250701015,24
HPM_to_LPW,250251404001,250250703004,14
HPM_to_LPW,250251404001,250250706002,2
HPM_to_LPW,250251404001,250251006031,34
HPM_to_LPW,250251404001,250251007003,17
HPM_to_LPW,250251404001,250251104032,12
HPM_to_LPW,250251404001,250251106011,11
HPM_to_LPW,250251404001,250251106071,1
HPM_to_LPW,250251404001,250251106072,6
HPM_to_LPW,250251404001,250251106073,43
HPM_to_LPW,250251404001,250251201053,7
HPM_to_LPW,250251404001,250251206001,12
HPM_to_LPW,250251404001,250251301001,7
HPM_to_LPW,250251404001,250251301005,1
HPM_to_LPW,250251404001,250251302004,39
HPM_to_LPW,250251404001,250251303001,1
HPM_to_LPW,250251404001,250251303002,2
HPM_to_LPW,250251404001,250251402025,20
HPM_to_LPW,250251404001,250251703003,2
HPM_to_LPW,250251404001,250259812021,16
HPM_to_LPW,250251605023,250250107021,48
HPM_to_LPW,250251605023,250250201011,36
HPM_to_LPW,250251605023,250250201012,4
HPM_to_LPW,250251605023,250250303004,31
HPM_to_LPW,250251605023,250250403002,3
HPM_to_LPW,250251605023,250250403003,1
HPM_to_LPW,250251605023,250250403004,2
HPM_to_LPW,250251605023,250250404012,120
HPM_to_LPW,250251605023,250250406001,483
HPM_to_LPW,250251605023,250250512003,5
HPM_to_LPW,250251605023,250250602001,1
HPM_to_LPW,250251605023,250250605012,5
HPM_to_LPW,250251605023,250250605015,4
HPM_to_LPW,250251605023,250250610001,2
HPM_to_LPW,250251605023,250250612001,119
HPM_to_LPW,250251605023,250250701015,61
HPM_to_LPW,250251605023,250250703004,9
HPM_to_LPW,250251605023,250250706002,37
HPM_to_LPW,250251605023,250251006031,2
HPM_to_LPW,250251605023,250251106071,1
HPM_to_LPW,250251605023,250251201053,2
HPM_to_LPW,250251605023,250251303002,1
HPM_to_LPW,250251605023,250251304024,2
HPM_to_LPW,250251605023,250251701002,63
HPM_to_LPW,250251605023,250251703003,124
HPM_to_LPW,250251605023,250251801011,4
HPM_to_LPW,250251605023,250251803014,2
HPM_to_LPW,250251605023,250259812021,3
HPM_to_LPW,250251606024,250250107021,119
HPM_to_LPW,250251606024,250250201011,2
HPM_to_LPW,250251606024,250250201012,18
HPM_to_LPW,250251606024,250250303004,35
HPM_to_LPW,250251606024,250250403002,2
HPM_to_LPW,250251606024,250250404012,25
HPM_to_LPW,250251606024,250250406001,110
HPM_to_LPW,250251606024,250250512003,1
HPM_to_LPW,250251606024,250250605012,2
HPM_to_LPW,250251606024,250250605015,2
HPM_to_LPW,250251606024,250250608001,6
HPM_to_LPW,250251606024,250250612001,5
HPM_to_LPW,250251606024,250250701015,7
HPM_to_LPW,250251606024,250250706002,2
HPM_to_LPW,250251606024,250251006011,1
HPM_to_LPW,250251606024,250251007003,1
HPM_to_LPW,250251606024,250251201053,1
HPM_to_LPW,250251606024,250251206001,1
HPM_to_LPW,250251606024,250251302004,1
HPM_to_LPW,250251606024,250251701002,11
HPM_to_LPW,250251606024,250251702003,3
HPM_to_LPW,250251606024,250251703003,77
HPM_to_LPW,250251606024,250251801011,4
HPM_to_LPW,250251606024,250259812021,8
